Symbol,Security Name,Date
DIVB,iShares U.S. Dividend and Buyback ETF,2019-10-01
EPRF,Innovator S&P Investment Grade Preferred ETF,2019-10-01
ESML,iShares ESG MSCI USA Small-Cap ETF,2019-10-01
IBMM,iShares iBonds Dec 2024 Term Muni Bond ETF,2019-10-01
IBMN,iShares iBonds Dec 2025 Term Muni Bond ETF,2019-10-01
IEDI,iShares Evolved U.S. Discretionary Spending ETF,2019-10-01
JCPB,JPMorgan Core Plus Bond ETF,2019-10-01
PAUG,Innovator S&P 500 Power Buffer ETF - August,2019-10-01
PSEP,Innovator S&P 500 Power Buffer ETF - September,2019-10-01
RYLD,Global X Russell 2000 Covered Call ETF,2019-10-01
WFIG,WisdomTree U.S. Corporate Bond Fund,2019-10-01
DIVB,iShares U.S. Dividend and Buyback ETF,2019-10-02
EPRF,Innovator S&P Investment Grade Preferred ETF,2019-10-02
ESML,iShares ESG MSCI USA Small-Cap ETF,2019-10-02
IBMM,iShares iBonds Dec 2024 Term Muni Bond ETF,2019-10-02
IBMN,iShares iBonds Dec 2025 Term Muni Bond ETF,2019-10-02
IEDI,iShares Evolved U.S. Discretionary Spending ETF,2019-10-02
JCPB,JPMorgan Core Plus Bond ETF,2019-10-02
PAUG,Innovator S&P 500 Power Buffer ETF - August,2019-10-02
PSEP,Innovator S&P 500 Power Buffer ETF - September,2019-10-02
RYLD,Global X Russell 2000 Covered Call ETF,2019-10-02
WFIG,WisdomTree U.S. Corporate Bond Fund,2019-10-02
EPRF,Innovator S&P Investment Grade Preferred ETF,2019-10-03
ESML,iShares ESG MSCI USA Small-Cap ETF,2019-10-03
IBMM,iShares iBonds Dec 2024 Term Muni Bond ETF,2019-10-03
IBMN,iShares iBonds Dec 2025 Term Muni Bond ETF,2019-10-03
IEDI,iShares Evolved U.S. Discretionary Spending ETF,2019-10-03
JCPB,JPMorgan Core Plus Bond ETF,2019-10-03
PAUG,Innovator S&P 500 Power Buffer ETF - August,2019-10-03
PSEP,Innovator S&P 500 Power Buffer ETF - September,2019-10-03
RYLD,Global X Russell 2000 Covered Call ETF,2019-10-03
WFIG,WisdomTree U.S. Corporate Bond Fund,2019-10-03
ESML,iShares ESG MSCI USA Small-Cap ETF,2019-10-04
IBMM,iShares iBonds Dec 2024 Term Muni Bond ETF,2019-10-04
IBMN,iShares iBonds Dec 2025 Term Muni Bond ETF,2019-10-04
IEDI,iShares Evolved U.S. Discretionary Spending ETF,2019-10-04
JCPB,JPMorgan Core Plus Bond ETF,2019-10-04
PAUG,Innovator S&P 500 Power Buffer ETF - August,2019-10-04
PSEP,Innovator S&P 500 Power Buffer ETF - September,2019-10-04
RYLD,Global X Russell 2000 Covered Call ETF,2019-10-04
WFIG,WisdomTree U.S. Corporate Bond Fund,2019-10-04
ESML,iShares ESG MSCI USA Small-Cap ETF,2019-10-07
IBMM,iShares iBonds Dec 2024 Term Muni Bond ETF,2019-10-07
IBMN,iShares iBonds Dec 2025 Term Muni Bond ETF,2019-10-07
IEDI,iShares Evolved U.S. Discretionary Spending ETF,2019-10-07
JCPB,JPMorgan Core Plus Bond ETF,2019-10-07
PAUG,Innovator S&P 500 Power Buffer ETF - August,2019-10-07
PSEP,Innovator S&P 500 Power Buffer ETF - September,2019-10-07
RYLD,Global X Russell 2000 Covered Call ETF,2019-10-07
WFIG,WisdomTree U.S. Corporate Bond Fund,2019-10-07
ESML,iShares ESG MSCI USA Small-Cap ETF,2019-10-08
IBMM,iShares iBonds Dec 2024 Term Muni Bond ETF,2019-10-08
IBMN,iShares iBonds Dec 2025 Term Muni Bond ETF,2019-10-08
IEDI,iShares Evolved U.S. Discretionary Spending ETF,2019-10-08
JCPB,JPMorgan Core Plus Bond ETF,2019-10-08
PAUG,Innovator S&P 500 Power Buffer ETF - August,2019-10-08
RYLD,Global X Russell 2000 Covered Call ETF,2019-10-08
UOCT,Innovator S&P 500 Ultra Buffer ETF - October,2019-10-08
WFIG,WisdomTree U.S. Corporate Bond Fund,2019-10-08
ESML,iShares ESG MSCI USA Small-Cap ETF,2019-10-09
IBMM,iShares iBonds Dec 2024 Term Muni Bond ETF,2019-10-09
IBMN,iShares iBonds Dec 2025 Term Muni Bond ETF,2019-10-09
IEDI,iShares Evolved U.S. Discretionary Spending ETF,2019-10-09
PAUG,Innovator S&P 500 Power Buffer ETF - August,2019-10-09
RYLD,Global X Russell 2000 Covered Call ETF,2019-10-09
UOCT,Innovator S&P 500 Ultra Buffer ETF - October,2019-10-09
WFIG,WisdomTree U.S. Corporate Bond Fund,2019-10-09
ESML,iShares ESG MSCI USA Small-Cap ETF,2019-10-10
IBMM,iShares iBonds Dec 2024 Term Muni Bond ETF,2019-10-10
IBMN,iShares iBonds Dec 2025 Term Muni Bond ETF,2019-10-10
IEDI,iShares Evolved U.S. Discretionary Spending ETF,2019-10-10
PAUG,Innovator S&P 500 Power Buffer ETF - August,2019-10-10
RYLD,Global X Russell 2000 Covered Call ETF,2019-10-10
UOCT,Innovator S&P 500 Ultra Buffer ETF - October,2019-10-10
WFIG,WisdomTree U.S. Corporate Bond Fund,2019-10-10
BEMO,Aptus Drawdown Managed Equity ETF,2019-10-11
ESML,iShares ESG MSCI USA Small-Cap ETF,2019-10-11
IBMM,iShares iBonds Dec 2024 Term Muni Bond ETF,2019-10-11
IBMN,iShares iBonds Dec 2025 Term Muni Bond ETF,2019-10-11
IEDI,iShares Evolved U.S. Discretionary Spending ETF,2019-10-11
PAUG,Innovator S&P 500 Power Buffer ETF - August,2019-10-11
PBND,Invesco PureBeta US Aggregate Bond ETF,2019-10-11
UOCT,Innovator S&P 500 Ultra Buffer ETF - October,2019-10-11
WFIG,WisdomTree U.S. Corporate Bond Fund,2019-10-11
BEMO,Aptus Drawdown Managed Equity ETF,2019-10-15
ESML,iShares ESG MSCI USA Small-Cap ETF,2019-10-15
IBMN,iShares iBonds Dec 2025 Term Muni Bond ETF,2019-10-15
IEDI,iShares Evolved U.S. Discretionary Spending ETF,2019-10-15
PAUG,Innovator S&P 500 Power Buffer ETF - August,2019-10-15
PBND,Invesco PureBeta US Aggregate Bond ETF,2019-10-15
UOCT,Innovator S&P 500 Ultra Buffer ETF - October,2019-10-15
WFIG,WisdomTree U.S. Corporate Bond Fund,2019-10-15
BEMO,Aptus Drawdown Managed Equity ETF,2019-10-16
ESML,iShares ESG MSCI USA Small-Cap ETF,2019-10-16
IBMN,iShares iBonds Dec 2025 Term Muni Bond ETF,2019-10-16
IEDI,iShares Evolved U.S. Discretionary Spending ETF,2019-10-16
PAUG,Innovator S&P 500 Power Buffer ETF - August,2019-10-16
PBND,Invesco PureBeta US Aggregate Bond ETF,2019-10-16
UOCT,Innovator S&P 500 Ultra Buffer ETF - October,2019-10-16
WFIG,WisdomTree U.S. Corporate Bond Fund,2019-10-16
BEMO,Aptus Drawdown Managed Equity ETF,2019-10-17
ESML,iShares ESG MSCI USA Small-Cap ETF,2019-10-17
IEDI,iShares Evolved U.S. Discretionary Spending ETF,2019-10-17
PAUG,Innovator S&P 500 Power Buffer ETF - August,2019-10-17
PBND,Invesco PureBeta US Aggregate Bond ETF,2019-10-17
UOCT,Innovator S&P 500 Ultra Buffer ETF - October,2019-10-17
WFIG,WisdomTree U.S. Corporate Bond Fund,2019-10-17
BEMO,Aptus Drawdown Managed Equity ETF,2019-10-18
ESML,iShares ESG MSCI USA Small-Cap ETF,2019-10-18
IEDI,iShares Evolved U.S. Discretionary Spending ETF,2019-10-18
PAUG,Innovator S&P 500 Power Buffer ETF - August,2019-10-18
PBND,Invesco PureBeta US Aggregate Bond ETF,2019-10-18
UOCT,Innovator S&P 500 Ultra Buffer ETF - October,2019-10-18
WFIG,WisdomTree U.S. Corporate Bond Fund,2019-10-18
BEMO,Aptus Drawdown Managed Equity ETF,2019-10-21
ESML,iShares ESG MSCI USA Small-Cap ETF,2019-10-21
IEDI,iShares Evolved U.S. Discretionary Spending ETF,2019-10-21
PAUG,Innovator S&P 500 Power Buffer ETF - August,2019-10-21
PBND,Invesco PureBeta US Aggregate Bond ETF,2019-10-21
UOCT,Innovator S&P 500 Ultra Buffer ETF - October,2019-10-21
WFIG,WisdomTree U.S. Corporate Bond Fund,2019-10-21
ESML,iShares ESG MSCI USA Small-Cap ETF,2019-10-22
IEDI,iShares Evolved U.S. Discretionary Spending ETF,2019-10-22
PAUG,Innovator S&P 500 Power Buffer ETF - August,2019-10-22
WFIG,WisdomTree U.S. Corporate Bond Fund,2019-10-22
ESML,iShares ESG MSCI USA Small-Cap ETF,2019-10-23
IEDI,iShares Evolved U.S. Discretionary Spending ETF,2019-10-23
PAUG,Innovator S&P 500 Power Buffer ETF - August,2019-10-23
WFIG,WisdomTree U.S. Corporate Bond Fund,2019-10-23
ESML,iShares ESG MSCI USA Small-Cap ETF,2019-10-24
IEDI,iShares Evolved U.S. Discretionary Spending ETF,2019-10-24
PAUG,Innovator S&P 500 Power Buffer ETF - August,2019-10-24
WFIG,WisdomTree U.S. Corporate Bond Fund,2019-10-24
ESML,iShares ESG MSCI USA Small-Cap ETF,2019-10-25
IEDI,iShares Evolved U.S. Discretionary Spending ETF,2019-10-25
PAUG,Innovator S&P 500 Power Buffer ETF - August,2019-10-25
WFIG,WisdomTree U.S. Corporate Bond Fund,2019-10-25
ESML,iShares ESG MSCI USA Small-Cap ETF,2019-10-28
IEDI,iShares Evolved U.S. Discretionary Spending ETF,2019-10-28
WFIG,WisdomTree U.S. Corporate Bond Fund,2019-10-28
ESML,iShares ESG MSCI USA Small-Cap ETF,2019-10-29
IEDI,iShares Evolved U.S. Discretionary Spending ETF,2019-10-29
WFIG,WisdomTree U.S. Corporate Bond Fund,2019-10-29
ESML,iShares ESG MSCI USA Small-Cap ETF,2019-10-30
IEDI,iShares Evolved U.S. Discretionary Spending ETF,2019-10-30
WFIG,WisdomTree U.S. Corporate Bond Fund,2019-10-30
ESML,iShares ESG MSCI USA Small-Cap ETF,2019-10-31
IEDI,iShares Evolved U.S. Discretionary Spending ETF,2019-10-31
WFIG,WisdomTree U.S. Corporate Bond Fund,2019-10-31
ESML,iShares ESG MSCI USA Small-Cap ETF,2019-11-01
IEDI,iShares Evolved U.S. Discretionary Spending ETF,2019-11-01
TBLU,Tortoise Global Water ESG Fund,2019-11-01
WFIG,WisdomTree U.S. Corporate Bond Fund,2019-11-01
ESML,iShares ESG MSCI USA Small-Cap ETF,2019-11-04
IEDI,iShares Evolved U.S. Discretionary Spending ETF,2019-11-04
TBLU,Tortoise Global Water ESG Fund,2019-11-04
WFIG,WisdomTree U.S. Corporate Bond Fund,2019-11-04
ESML,iShares ESG MSCI USA Small-Cap ETF,2019-11-05
IEDI,iShares Evolved U.S. Discretionary Spending ETF,2019-11-05
TBLU,Tortoise Global Water ESG Fund,2019-11-05
WFIG,WisdomTree U.S. Corporate Bond Fund,2019-11-05
ESML,iShares ESG MSCI USA Small-Cap ETF,2019-11-06
IEDI,iShares Evolved U.S. Discretionary Spending ETF,2019-11-06
TBLU,Tortoise Global Water ESG Fund,2019-11-06
WFIG,WisdomTree U.S. Corporate Bond Fund,2019-11-06
ESML,iShares ESG MSCI USA Small-Cap ETF,2019-11-07
FIBR,iShares Edge U.S. Fixed Income Balanced Risk ETF,2019-11-07
IBMN,iShares iBonds Dec 2025 Term Muni Bond ETF,2019-11-07
IEDI,iShares Evolved U.S. Discretionary Spending ETF,2019-11-07
TBLU,Tortoise Global Water ESG Fund,2019-11-07
WFIG,WisdomTree U.S. Corporate Bond Fund,2019-11-07
ESML,iShares ESG MSCI USA Small-Cap ETF,2019-11-08
FIBR,iShares Edge U.S. Fixed Income Balanced Risk ETF,2019-11-08
IBMN,iShares iBonds Dec 2025 Term Muni Bond ETF,2019-11-08
IEDI,iShares Evolved U.S. Discretionary Spending ETF,2019-11-08
TBLU,Tortoise Global Water ESG Fund,2019-11-08
WFIG,WisdomTree U.S. Corporate Bond Fund,2019-11-08
BNOV,Innovator S&P 500 Buffer ETF - November,2019-11-12
ESML,iShares ESG MSCI USA Small-Cap ETF,2019-11-12
FIBR,iShares Edge U.S. Fixed Income Balanced Risk ETF,2019-11-12
IBMN,iShares iBonds Dec 2025 Term Muni Bond ETF,2019-11-12
IEDI,iShares Evolved U.S. Discretionary Spending ETF,2019-11-12
PNOV,Innovator S&P 500 Power Buffer ETF - November,2019-11-12
TBLU,Tortoise Global Water ESG Fund,2019-11-12
BNOV,Innovator S&P 500 Buffer ETF - November,2019-11-13
ESML,iShares ESG MSCI USA Small-Cap ETF,2019-11-13
FIBR,iShares Edge U.S. Fixed Income Balanced Risk ETF,2019-11-13
IBMN,iShares iBonds Dec 2025 Term Muni Bond ETF,2019-11-13
IEDI,iShares Evolved U.S. Discretionary Spending ETF,2019-11-13
OILK,ProShares K-1 Free Crude Oil Strategy ETF,2019-11-13
PNOV,Innovator S&P 500 Power Buffer ETF - November,2019-11-13
TBLU,Tortoise Global Water ESG Fund,2019-11-13
UNOV,Innovator S&P 500 Ultra Buffer ETF - November,2019-11-13
BNOV,Innovator S&P 500 Buffer ETF - November,2019-11-14
ESML,iShares ESG MSCI USA Small-Cap ETF,2019-11-14
FIBR,iShares Edge U.S. Fixed Income Balanced Risk ETF,2019-11-14
IBMN,iShares iBonds Dec 2025 Term Muni Bond ETF,2019-11-14
IEDI,iShares Evolved U.S. Discretionary Spending ETF,2019-11-14
OILK,ProShares K-1 Free Crude Oil Strategy ETF,2019-11-14
PNOV,Innovator S&P 500 Power Buffer ETF - November,2019-11-14
TBLU,Tortoise Global Water ESG Fund,2019-11-14
UNOV,Innovator S&P 500 Ultra Buffer ETF - November,2019-11-14
BNOV,Innovator S&P 500 Buffer ETF - November,2019-11-15
ESML,iShares ESG MSCI USA Small-Cap ETF,2019-11-15
FIBR,iShares Edge U.S. Fixed Income Balanced Risk ETF,2019-11-15
IBMN,iShares iBonds Dec 2025 Term Muni Bond ETF,2019-11-15
IEDI,iShares Evolved U.S. Discretionary Spending ETF,2019-11-15
OILK,ProShares K-1 Free Crude Oil Strategy ETF,2019-11-15
PBTP,Invesco PureBeta 0-5 Yr US TIPS ETF,2019-11-15
PNOV,Innovator S&P 500 Power Buffer ETF - November,2019-11-15
TOKE,Cambria Cannabis ETF,2019-11-15
UNOV,Innovator S&P 500 Ultra Buffer ETF - November,2019-11-15
BNOV,Innovator S&P 500 Buffer ETF - November,2019-11-18
ESML,iShares ESG MSCI USA Small-Cap ETF,2019-11-18
FIBR,iShares Edge U.S. Fixed Income Balanced Risk ETF,2019-11-18
IBMN,iShares iBonds Dec 2025 Term Muni Bond ETF,2019-11-18
IEDI,iShares Evolved U.S. Discretionary Spending ETF,2019-11-18
OILK,ProShares K-1 Free Crude Oil Strategy ETF,2019-11-18
PBTP,Invesco PureBeta 0-5 Yr US TIPS ETF,2019-11-18
PNOV,Innovator S&P 500 Power Buffer ETF - November,2019-11-18
TOKE,Cambria Cannabis ETF,2019-11-18
UNOV,Innovator S&P 500 Ultra Buffer ETF - November,2019-11-18
BAUG,Innovator S&P 500 Buffer ETF - August,2019-11-19
BNOV,Innovator S&P 500 Buffer ETF - November,2019-11-19
ESML,iShares ESG MSCI USA Small-Cap ETF,2019-11-19
FIBR,iShares Edge U.S. Fixed Income Balanced Risk ETF,2019-11-19
IBMN,iShares iBonds Dec 2025 Term Muni Bond ETF,2019-11-19
IEDI,iShares Evolved U.S. Discretionary Spending ETF,2019-11-19
OILK,ProShares K-1 Free Crude Oil Strategy ETF,2019-11-19
PBTP,Invesco PureBeta 0-5 Yr US TIPS ETF,2019-11-19
PNOV,Innovator S&P 500 Power Buffer ETF - November,2019-11-19
TOKE,Cambria Cannabis ETF,2019-11-19
UNOV,Innovator S&P 500 Ultra Buffer ETF - November,2019-11-19
BAUG,Innovator S&P 500 Buffer ETF - August,2019-11-20
BNOV,Innovator S&P 500 Buffer ETF - November,2019-11-20
ESML,iShares ESG MSCI USA Small-Cap ETF,2019-11-20
FIBR,iShares Edge U.S. Fixed Income Balanced Risk ETF,2019-11-20
IBMN,iShares iBonds Dec 2025 Term Muni Bond ETF,2019-11-20
IEDI,iShares Evolved U.S. Discretionary Spending ETF,2019-11-20
OILK,ProShares K-1 Free Crude Oil Strategy ETF,2019-11-20
PBTP,Invesco PureBeta 0-5 Yr US TIPS ETF,2019-11-20
PNOV,Innovator S&P 500 Power Buffer ETF - November,2019-11-20
TOKE,Cambria Cannabis ETF,2019-11-20
UNOV,Innovator S&P 500 Ultra Buffer ETF - November,2019-11-20
BAUG,Innovator S&P 500 Buffer ETF - August,2019-11-21
BNOV,Innovator S&P 500 Buffer ETF - November,2019-11-21
ESML,iShares ESG MSCI USA Small-Cap ETF,2019-11-21
FIBR,iShares Edge U.S. Fixed Income Balanced Risk ETF,2019-11-21
IBMN,iShares iBonds Dec 2025 Term Muni Bond ETF,2019-11-21
IEDI,iShares Evolved U.S. Discretionary Spending ETF,2019-11-21
OILK,ProShares K-1 Free Crude Oil Strategy ETF,2019-11-21
PBTP,Invesco PureBeta 0-5 Yr US TIPS ETF,2019-11-21
PNOV,Innovator S&P 500 Power Buffer ETF - November,2019-11-21
TOKE,Cambria Cannabis ETF,2019-11-21
UNOV,Innovator S&P 500 Ultra Buffer ETF - November,2019-11-21
BAUG,Innovator S&P 500 Buffer ETF - August,2019-11-22
BNOV,Innovator S&P 500 Buffer ETF - November,2019-11-22
ESML,iShares ESG MSCI USA Small-Cap ETF,2019-11-22
FIBR,iShares Edge U.S. Fixed Income Balanced Risk ETF,2019-11-22
IBMN,iShares iBonds Dec 2025 Term Muni Bond ETF,2019-11-22
IEDI,iShares Evolved U.S. Discretionary Spending ETF,2019-11-22
NURE,Nuveen Short-Term REIT ETF,2019-11-22
OILK,ProShares K-1 Free Crude Oil Strategy ETF,2019-11-22
PBTP,Invesco PureBeta 0-5 Yr US TIPS ETF,2019-11-22
PNOV,Innovator S&P 500 Power Buffer ETF - November,2019-11-22
TOKE,Cambria Cannabis ETF,2019-11-22
UNOV,Innovator S&P 500 Ultra Buffer ETF - November,2019-11-22
BAUG,Innovator S&P 500 Buffer ETF - August,2019-11-25
BNOV,Innovator S&P 500 Buffer ETF - November,2019-11-25
ESML,iShares ESG MSCI USA Small-Cap ETF,2019-11-25
FIBR,iShares Edge U.S. Fixed Income Balanced Risk ETF,2019-11-25
IBMN,iShares iBonds Dec 2025 Term Muni Bond ETF,2019-11-25
IEDI,iShares Evolved U.S. Discretionary Spending ETF,2019-11-25
NURE,Nuveen Short-Term REIT ETF,2019-11-25
OILK,ProShares K-1 Free Crude Oil Strategy ETF,2019-11-25
PNOV,Innovator S&P 500 Power Buffer ETF - November,2019-11-25
TOKE,Cambria Cannabis ETF,2019-11-25
UNOV,Innovator S&P 500 Ultra Buffer ETF - November,2019-11-25
BAUG,Innovator S&P 500 Buffer ETF - August,2019-11-26
BNOV,Innovator S&P 500 Buffer ETF - November,2019-11-26
ESML,iShares ESG MSCI USA Small-Cap ETF,2019-11-26
FIBR,iShares Edge U.S. Fixed Income Balanced Risk ETF,2019-11-26
IEDI,iShares Evolved U.S. Discretionary Spending ETF,2019-11-26
NURE,Nuveen Short-Term REIT ETF,2019-11-26
OILK,ProShares K-1 Free Crude Oil Strategy ETF,2019-11-26
PNOV,Innovator S&P 500 Power Buffer ETF - November,2019-11-26
TOKE,Cambria Cannabis ETF,2019-11-26
UNOV,Innovator S&P 500 Ultra Buffer ETF - November,2019-11-26
BAUG,Innovator S&P 500 Buffer ETF - August,2019-11-27
BNOV,Innovator S&P 500 Buffer ETF - November,2019-11-27
ESML,iShares ESG MSCI USA Small-Cap ETF,2019-11-27
FIBR,iShares Edge U.S. Fixed Income Balanced Risk ETF,2019-11-27
IEDI,iShares Evolved U.S. Discretionary Spending ETF,2019-11-27
NURE,Nuveen Short-Term REIT ETF,2019-11-27
OILK,ProShares K-1 Free Crude Oil Strategy ETF,2019-11-27
PNOV,Innovator S&P 500 Power Buffer ETF - November,2019-11-27
TOKE,Cambria Cannabis ETF,2019-11-27
UNOV,Innovator S&P 500 Ultra Buffer ETF - November,2019-11-27
BNOV,Innovator S&P 500 Buffer ETF - November,2019-11-29
ESML,iShares ESG MSCI USA Small-Cap ETF,2019-11-29
FIBR,iShares Edge U.S. Fixed Income Balanced Risk ETF,2019-11-29
FNOV,FT Cboe Vest U.S. Equity Buffer ETF - November,2019-11-29
IEDI,iShares Evolved U.S. Discretionary Spending ETF,2019-11-29
NURE,Nuveen Short-Term REIT ETF,2019-11-29
OILK,ProShares K-1 Free Crude Oil Strategy ETF,2019-11-29
PNOV,Innovator S&P 500 Power Buffer ETF - November,2019-11-29
UNOV,Innovator S&P 500 Ultra Buffer ETF - November,2019-11-29
BNOV,Innovator S&P 500 Buffer ETF - November,2019-12-02
FIBR,iShares Edge U.S. Fixed Income Balanced Risk ETF,2019-12-02
FNOV,FT Cboe Vest U.S. Equity Buffer ETF - November,2019-12-02
IEDI,iShares Evolved U.S. Discretionary Spending ETF,2019-12-02
NURE,Nuveen Short-Term REIT ETF,2019-12-02
OILK,ProShares K-1 Free Crude Oil Strategy ETF,2019-12-02
PNOV,Innovator S&P 500 Power Buffer ETF - November,2019-12-02
UNOV,Innovator S&P 500 Ultra Buffer ETF - November,2019-12-02
BNOV,Innovator S&P 500 Buffer ETF - November,2019-12-03
FIBR,iShares Edge U.S. Fixed Income Balanced Risk ETF,2019-12-03
FNOV,FT Cboe Vest U.S. Equity Buffer ETF - November,2019-12-03
IEDI,iShares Evolved U.S. Discretionary Spending ETF,2019-12-03
NURE,Nuveen Short-Term REIT ETF,2019-12-03
OILK,ProShares K-1 Free Crude Oil Strategy ETF,2019-12-03
PNOV,Innovator S&P 500 Power Buffer ETF - November,2019-12-03
UNOV,Innovator S&P 500 Ultra Buffer ETF - November,2019-12-03
BNOV,Innovator S&P 500 Buffer ETF - November,2019-12-04
FIBR,iShares Edge U.S. Fixed Income Balanced Risk ETF,2019-12-04
FNOV,FT Cboe Vest U.S. Equity Buffer ETF - November,2019-12-04
IEDI,iShares Evolved U.S. Discretionary Spending ETF,2019-12-04
NURE,Nuveen Short-Term REIT ETF,2019-12-04
OILK,ProShares K-1 Free Crude Oil Strategy ETF,2019-12-04
PNOV,Innovator S&P 500 Power Buffer ETF - November,2019-12-04
UNOV,Innovator S&P 500 Ultra Buffer ETF - November,2019-12-04
FIBR,iShares Edge U.S. Fixed Income Balanced Risk ETF,2019-12-05
FNOV,FT Cboe Vest U.S. Equity Buffer ETF - November,2019-12-05
IEDI,iShares Evolved U.S. Discretionary Spending ETF,2019-12-05
NURE,Nuveen Short-Term REIT ETF,2019-12-05
OILK,ProShares K-1 Free Crude Oil Strategy ETF,2019-12-05
PNOV,Innovator S&P 500 Power Buffer ETF - November,2019-12-05
FNOV,FT Cboe Vest U.S. Equity Buffer ETF - November,2019-12-06
IEDI,iShares Evolved U.S. Discretionary Spending ETF,2019-12-06
NURE,Nuveen Short-Term REIT ETF,2019-12-06
OILK,ProShares K-1 Free Crude Oil Strategy ETF,2019-12-06
PNOV,Innovator S&P 500 Power Buffer ETF - November,2019-12-06
TPAY,Tortoise Digital Payments Infrastructure Fund,2019-12-06
FNOV,FT Cboe Vest U.S. Equity Buffer ETF - November,2019-12-09
IEDI,iShares Evolved U.S. Discretionary Spending ETF,2019-12-09
NURE,Nuveen Short-Term REIT ETF,2019-12-09
OILK,ProShares K-1 Free Crude Oil Strategy ETF,2019-12-09
PNOV,Innovator S&P 500 Power Buffer ETF - November,2019-12-09
TFIV,Global X TargetIncome 5 ETF,2019-12-09
TPAY,Tortoise Digital Payments Infrastructure Fund,2019-12-09
BDEC,Innovator S&P 500 Buffer ETF - December,2019-12-10
FNOV,FT Cboe Vest U.S. Equity Buffer ETF - November,2019-12-10
IEDI,iShares Evolved U.S. Discretionary Spending ETF,2019-12-10
NURE,Nuveen Short-Term REIT ETF,2019-12-10
OILK,ProShares K-1 Free Crude Oil Strategy ETF,2019-12-10
PNOV,Innovator S&P 500 Power Buffer ETF - November,2019-12-10
TFIV,Global X TargetIncome 5 ETF,2019-12-10
TPAY,Tortoise Digital Payments Infrastructure Fund,2019-12-10
UDEC,Innovator S&P 500 Ultra Buffer ETF - December,2019-12-10
BDEC,Innovator S&P 500 Buffer ETF - December,2019-12-11
FNOV,FT Cboe Vest U.S. Equity Buffer ETF - November,2019-12-11
IEDI,iShares Evolved U.S. Discretionary Spending ETF,2019-12-11
NURE,Nuveen Short-Term REIT ETF,2019-12-11
OILK,ProShares K-1 Free Crude Oil Strategy ETF,2019-12-11
PDEC,Innovator S&P 500 Power Buffer ETF - December,2019-12-11
PNOV,Innovator S&P 500 Power Buffer ETF - November,2019-12-11
TFIV,Global X TargetIncome 5 ETF,2019-12-11
TPAY,Tortoise Digital Payments Infrastructure Fund,2019-12-11
UDEC,Innovator S&P 500 Ultra Buffer ETF - December,2019-12-11
BDEC,Innovator S&P 500 Buffer ETF - December,2019-12-12
FNOV,FT Cboe Vest U.S. Equity Buffer ETF - November,2019-12-12
IEDI,iShares Evolved U.S. Discretionary Spending ETF,2019-12-12
OILK,ProShares K-1 Free Crude Oil Strategy ETF,2019-12-12
PDEC,Innovator S&P 500 Power Buffer ETF - December,2019-12-12
PNOV,Innovator S&P 500 Power Buffer ETF - November,2019-12-12
TFIV,Global X TargetIncome 5 ETF,2019-12-12
TPAY,Tortoise Digital Payments Infrastructure Fund,2019-12-12
UDEC,Innovator S&P 500 Ultra Buffer ETF - December,2019-12-12
BDEC,Innovator S&P 500 Buffer ETF - December,2019-12-13
FNOV,FT Cboe Vest U.S. Equity Buffer ETF - November,2019-12-13
IEDI,iShares Evolved U.S. Discretionary Spending ETF,2019-12-13
OILK,ProShares K-1 Free Crude Oil Strategy ETF,2019-12-13
PDEC,Innovator S&P 500 Power Buffer ETF - December,2019-12-13
PNOV,Innovator S&P 500 Power Buffer ETF - November,2019-12-13
TFIV,Global X TargetIncome 5 ETF,2019-12-13
TPAY,Tortoise Digital Payments Infrastructure Fund,2019-12-13
UDEC,Innovator S&P 500 Ultra Buffer ETF - December,2019-12-13
BDEC,Innovator S&P 500 Buffer ETF - December,2019-12-16
FNOV,FT Cboe Vest U.S. Equity Buffer ETF - November,2019-12-16
IEDI,iShares Evolved U.S. Discretionary Spending ETF,2019-12-16
PDEC,Innovator S&P 500 Power Buffer ETF - December,2019-12-16
PNOV,Innovator S&P 500 Power Buffer ETF - November,2019-12-16
TFIV,Global X TargetIncome 5 ETF,2019-12-16
TPAY,Tortoise Digital Payments Infrastructure Fund,2019-12-16
UDEC,Innovator S&P 500 Ultra Buffer ETF - December,2019-12-16
BDEC,Innovator S&P 500 Buffer ETF - December,2019-12-17
FNOV,FT Cboe Vest U.S. Equity Buffer ETF - November,2019-12-17
IEDI,iShares Evolved U.S. Discretionary Spending ETF,2019-12-17
PDEC,Innovator S&P 500 Power Buffer ETF - December,2019-12-17
PNOV,Innovator S&P 500 Power Buffer ETF - November,2019-12-17
TPAY,Tortoise Digital Payments Infrastructure Fund,2019-12-17
UDEC,Innovator S&P 500 Ultra Buffer ETF - December,2019-12-17
BDEC,Innovator S&P 500 Buffer ETF - December,2019-12-18
EFAD,ProShares MSCI EAFE Dividend Growers ETF,2019-12-18
IEDI,iShares Evolved U.S. Discretionary Spending ETF,2019-12-18
PDEC,Innovator S&P 500 Power Buffer ETF - December,2019-12-18
PNOV,Innovator S&P 500 Power Buffer ETF - November,2019-12-18
TPAY,Tortoise Digital Payments Infrastructure Fund,2019-12-18
UDEC,Innovator S&P 500 Ultra Buffer ETF - December,2019-12-18
BDEC,Innovator S&P 500 Buffer ETF - December,2019-12-20
EFAD,ProShares MSCI EAFE Dividend Growers ETF,2019-12-20
IEDI,iShares Evolved U.S. Discretionary Spending ETF,2019-12-20
PDEC,Innovator S&P 500 Power Buffer ETF - December,2019-12-20
PNOV,Innovator S&P 500 Power Buffer ETF - November,2019-12-20
UDEC,Innovator S&P 500 Ultra Buffer ETF - December,2019-12-20
BDEC,Innovator S&P 500 Buffer ETF - December,2019-12-23
EFAD,ProShares MSCI EAFE Dividend Growers ETF,2019-12-23
IEDI,iShares Evolved U.S. Discretionary Spending ETF,2019-12-23
PDEC,Innovator S&P 500 Power Buffer ETF - December,2019-12-23
PNOV,Innovator S&P 500 Power Buffer ETF - November,2019-12-23
UDEC,Innovator S&P 500 Ultra Buffer ETF - December,2019-12-23
BDEC,Innovator S&P 500 Buffer ETF - December,2019-12-24
EFAD,ProShares MSCI EAFE Dividend Growers ETF,2019-12-24
IEDI,iShares Evolved U.S. Discretionary Spending ETF,2019-12-24
PDEC,Innovator S&P 500 Power Buffer ETF - December,2019-12-24
PNOV,Innovator S&P 500 Power Buffer ETF - November,2019-12-24
UDEC,Innovator S&P 500 Ultra Buffer ETF - December,2019-12-24
BDEC,Innovator S&P 500 Buffer ETF - December,2019-12-26
EFAD,ProShares MSCI EAFE Dividend Growers ETF,2019-12-26
IEDI,iShares Evolved U.S. Discretionary Spending ETF,2019-12-26
PDEC,Innovator S&P 500 Power Buffer ETF - December,2019-12-26
PNOV,Innovator S&P 500 Power Buffer ETF - November,2019-12-26
UDEC,Innovator S&P 500 Ultra Buffer ETF - December,2019-12-26
BDEC,Innovator S&P 500 Buffer ETF - December,2019-12-27
BJAN,Innovator S&P 500 Buffer ETF - January,2019-12-27
EFAD,ProShares MSCI EAFE Dividend Growers ETF,2019-12-27
IEDI,iShares Evolved U.S. Discretionary Spending ETF,2019-12-27
PDEC,Innovator S&P 500 Power Buffer ETF - December,2019-12-27
UDEC,Innovator S&P 500 Ultra Buffer ETF - December,2019-12-27
BDEC,Innovator S&P 500 Buffer ETF - December,2019-12-30
BJAN,Innovator S&P 500 Buffer ETF - January,2019-12-30
EFAD,ProShares MSCI EAFE Dividend Growers ETF,2019-12-30
IEDI,iShares Evolved U.S. Discretionary Spending ETF,2019-12-30
PDEC,Innovator S&P 500 Power Buffer ETF - December,2019-12-30
WFIG,WisdomTree U.S. Corporate Bond Fund,2019-12-30
BDEC,Innovator S&P 500 Buffer ETF - December,2019-12-31
BJAN,Innovator S&P 500 Buffer ETF - January,2019-12-31
EFAD,ProShares MSCI EAFE Dividend Growers ETF,2019-12-31
FNOV,FT Cboe Vest U.S. Equity Buffer ETF - November,2019-12-31
IEDI,iShares Evolved U.S. Discretionary Spending ETF,2019-12-31
NUEM,Nuveen ESG Emerging Markets Equity ETF,2019-12-31
PDEC,Innovator S&P 500 Power Buffer ETF - December,2019-12-31
WFIG,WisdomTree U.S. Corporate Bond Fund,2019-12-31
BDEC,Innovator S&P 500 Buffer ETF - December,2020-01-02
BJAN,Innovator S&P 500 Buffer ETF - January,2020-01-02
EFAD,ProShares MSCI EAFE Dividend Growers ETF,2020-01-02
FNOV,FT Cboe Vest U.S. Equity Buffer ETF - November,2020-01-02
IEDI,iShares Evolved U.S. Discretionary Spending ETF,2020-01-02
NUEM,Nuveen ESG Emerging Markets Equity ETF,2020-01-02
PDEC,Innovator S&P 500 Power Buffer ETF - December,2020-01-02
WFIG,WisdomTree U.S. Corporate Bond Fund,2020-01-02
BDEC,Innovator S&P 500 Buffer ETF - December,2020-01-03
BJAN,Innovator S&P 500 Buffer ETF - January,2020-01-03
EFAD,ProShares MSCI EAFE Dividend Growers ETF,2020-01-03
FNOV,FT Cboe Vest U.S. Equity Buffer ETF - November,2020-01-03
IEDI,iShares Evolved U.S. Discretionary Spending ETF,2020-01-03
NUEM,Nuveen ESG Emerging Markets Equity ETF,2020-01-03
PDEC,Innovator S&P 500 Power Buffer ETF - December,2020-01-03
PSMB,Invesco Balanced Multi-Asset Allocation ETF,2020-01-03
WFIG,WisdomTree U.S. Corporate Bond Fund,2020-01-03
BDEC,Innovator S&P 500 Buffer ETF - December,2020-01-06
BJAN,Innovator S&P 500 Buffer ETF - January,2020-01-06
EFAD,ProShares MSCI EAFE Dividend Growers ETF,2020-01-06
FNOV,FT Cboe Vest U.S. Equity Buffer ETF - November,2020-01-06
IEDI,iShares Evolved U.S. Discretionary Spending ETF,2020-01-06
NUEM,Nuveen ESG Emerging Markets Equity ETF,2020-01-06
PDEC,Innovator S&P 500 Power Buffer ETF - December,2020-01-06
PSMB,Invesco Balanced Multi-Asset Allocation ETF,2020-01-06
WFIG,WisdomTree U.S. Corporate Bond Fund,2020-01-06
BDEC,Innovator S&P 500 Buffer ETF - December,2020-01-07
BJAN,Innovator S&P 500 Buffer ETF - January,2020-01-07
FCTR,First Trust Lunt U.S. Factor Rotation ETF,2020-01-07
FNOV,FT Cboe Vest U.S. Equity Buffer ETF - November,2020-01-07
IEDI,iShares Evolved U.S. Discretionary Spending ETF,2020-01-07
NUEM,Nuveen ESG Emerging Markets Equity ETF,2020-01-07
PDEC,Innovator S&P 500 Power Buffer ETF - December,2020-01-07
PSMB,Invesco Balanced Multi-Asset Allocation ETF,2020-01-07
WFIG,WisdomTree U.S. Corporate Bond Fund,2020-01-07
BDEC,Innovator S&P 500 Buffer ETF - December,2020-01-08
BJAN,Innovator S&P 500 Buffer ETF - January,2020-01-08
FCTR,First Trust Lunt U.S. Factor Rotation ETF,2020-01-08
FNOV,FT Cboe Vest U.S. Equity Buffer ETF - November,2020-01-08
IEDI,iShares Evolved U.S. Discretionary Spending ETF,2020-01-08
LSLT,Salt Low truBeta US Market ETF,2020-01-08
MOTI,VanEck Vectors Morningstar International Moat ETF,2020-01-08
NUEM,Nuveen ESG Emerging Markets Equity ETF,2020-01-08
OILK,ProShares K-1 Free Crude Oil Strategy ETF,2020-01-08
PDEC,Innovator S&P 500 Power Buffer ETF - December,2020-01-08
PSMB,Invesco Balanced Multi-Asset Allocation ETF,2020-01-08
BDEC,Innovator S&P 500 Buffer ETF - December,2020-01-09
BJAN,Innovator S&P 500 Buffer ETF - January,2020-01-09
DDLS,WisdomTree Dynamic Currency Hedged International SmallCap Equity Fund,2020-01-09
FCTR,First Trust Lunt U.S. Factor Rotation ETF,2020-01-09
FNOV,FT Cboe Vest U.S. Equity Buffer ETF - November,2020-01-09
IEDI,iShares Evolved U.S. Discretionary Spending ETF,2020-01-09
LSLT,Salt Low truBeta US Market ETF,2020-01-09
MOTI,VanEck Vectors Morningstar International Moat ETF,2020-01-09
OILK,ProShares K-1 Free Crude Oil Strategy ETF,2020-01-09
PDEC,Innovator S&P 500 Power Buffer ETF - December,2020-01-09
PSMB,Invesco Balanced Multi-Asset Allocation ETF,2020-01-09
BDEC,Innovator S&P 500 Buffer ETF - December,2020-01-10
BJAN,Innovator S&P 500 Buffer ETF - January,2020-01-10
DDLS,WisdomTree Dynamic Currency Hedged International SmallCap Equity Fund,2020-01-10
FCTR,First Trust Lunt U.S. Factor Rotation ETF,2020-01-10
FNOV,FT Cboe Vest U.S. Equity Buffer ETF - November,2020-01-10
IEDI,iShares Evolved U.S. Discretionary Spending ETF,2020-01-10
LSLT,Salt Low truBeta US Market ETF,2020-01-10
MOTI,VanEck Vectors Morningstar International Moat ETF,2020-01-10
NOCT,Innovator Nasdaq-100 Power Buffer ETF- October,2020-01-10
OILK,ProShares K-1 Free Crude Oil Strategy ETF,2020-01-10
PDEC,Innovator S&P 500 Power Buffer ETF - December,2020-01-10
PSMB,Invesco Balanced Multi-Asset Allocation ETF,2020-01-10
BJAN,Innovator S&P 500 Buffer ETF - January,2020-01-13
DDLS,WisdomTree Dynamic Currency Hedged International SmallCap Equity Fund,2020-01-13
FCTR,First Trust Lunt U.S. Factor Rotation ETF,2020-01-13
IEDI,iShares Evolved U.S. Discretionary Spending ETF,2020-01-13
LSLT,Salt Low truBeta US Market ETF,2020-01-13
MOTI,VanEck Vectors Morningstar International Moat ETF,2020-01-13
NOCT,Innovator Nasdaq-100 Power Buffer ETF- October,2020-01-13
OILK,ProShares K-1 Free Crude Oil Strategy ETF,2020-01-13
PSMB,Invesco Balanced Multi-Asset Allocation ETF,2020-01-13
BJAN,Innovator S&P 500 Buffer ETF - January,2020-01-14
DDLS,WisdomTree Dynamic Currency Hedged International SmallCap Equity Fund,2020-01-14
FCTR,First Trust Lunt U.S. Factor Rotation ETF,2020-01-14
IEDI,iShares Evolved U.S. Discretionary Spending ETF,2020-01-14
KJAN,Innovator Russell 2000 Power Buffer ETF - January,2020-01-14
LSLT,Salt Low truBeta US Market ETF,2020-01-14
MOTI,VanEck Vectors Morningstar International Moat ETF,2020-01-14
NOCT,Innovator Nasdaq-100 Power Buffer ETF- October,2020-01-14
OILK,ProShares K-1 Free Crude Oil Strategy ETF,2020-01-14
PSMB,Invesco Balanced Multi-Asset Allocation ETF,2020-01-14
TPAY,Tortoise Digital Payments Infrastructure Fund,2020-01-14
BJAN,Innovator S&P 500 Buffer ETF - January,2020-01-15
DDLS,WisdomTree Dynamic Currency Hedged International SmallCap Equity Fund,2020-01-15
EVIX,VelocityShares 1x Long VSTOXX Futures ETN,2020-01-15
EWUS,iShares MSCI United Kingdom Small-Cap ETF,2020-01-15
FCTR,First Trust Lunt U.S. Factor Rotation ETF,2020-01-15
IEDI,iShares Evolved U.S. Discretionary Spending ETF,2020-01-15
KJAN,Innovator Russell 2000 Power Buffer ETF - January,2020-01-15
LSLT,Salt Low truBeta US Market ETF,2020-01-15
MOTI,VanEck Vectors Morningstar International Moat ETF,2020-01-15
NOCT,Innovator Nasdaq-100 Power Buffer ETF- October,2020-01-15
OILK,ProShares K-1 Free Crude Oil Strategy ETF,2020-01-15
PSMB,Invesco Balanced Multi-Asset Allocation ETF,2020-01-15
TPAY,Tortoise Digital Payments Infrastructure Fund,2020-01-15
ALFA,AlphaClone Alternative Alpha ETF,2020-01-16
BJAN,Innovator S&P 500 Buffer ETF - January,2020-01-16
DDLS,WisdomTree Dynamic Currency Hedged International SmallCap Equity Fund,2020-01-16
EVIX,VelocityShares 1x Long VSTOXX Futures ETN,2020-01-16
EWUS,iShares MSCI United Kingdom Small-Cap ETF,2020-01-16
FCTR,First Trust Lunt U.S. Factor Rotation ETF,2020-01-16
IEDI,iShares Evolved U.S. Discretionary Spending ETF,2020-01-16
KJAN,Innovator Russell 2000 Power Buffer ETF - January,2020-01-16
LSLT,Salt Low truBeta US Market ETF,2020-01-16
MOTI,VanEck Vectors Morningstar International Moat ETF,2020-01-16
NOCT,Innovator Nasdaq-100 Power Buffer ETF- October,2020-01-16
OILK,ProShares K-1 Free Crude Oil Strategy ETF,2020-01-16
PSMB,Invesco Balanced Multi-Asset Allocation ETF,2020-01-16
TPAY,Tortoise Digital Payments Infrastructure Fund,2020-01-16
ALFA,AlphaClone Alternative Alpha ETF,2020-01-17
BJAN,Innovator S&P 500 Buffer ETF - January,2020-01-17
DDLS,WisdomTree Dynamic Currency Hedged International SmallCap Equity Fund,2020-01-17
EVIX,VelocityShares 1x Long VSTOXX Futures ETN,2020-01-17
EWUS,iShares MSCI United Kingdom Small-Cap ETF,2020-01-17
FCTR,First Trust Lunt U.S. Factor Rotation ETF,2020-01-17
KJAN,Innovator Russell 2000 Power Buffer ETF - January,2020-01-17
LSLT,Salt Low truBeta US Market ETF,2020-01-17
MOTI,VanEck Vectors Morningstar International Moat ETF,2020-01-17
NOCT,Innovator Nasdaq-100 Power Buffer ETF- October,2020-01-17
PSMB,Invesco Balanced Multi-Asset Allocation ETF,2020-01-17
TPAY,Tortoise Digital Payments Infrastructure Fund,2020-01-17
ALFA,AlphaClone Alternative Alpha ETF,2020-01-21
BJAN,Innovator S&P 500 Buffer ETF - January,2020-01-21
DDLS,WisdomTree Dynamic Currency Hedged International SmallCap Equity Fund,2020-01-21
EVIX,VelocityShares 1x Long VSTOXX Futures ETN,2020-01-21
EWUS,iShares MSCI United Kingdom Small-Cap ETF,2020-01-21
FCTR,First Trust Lunt U.S. Factor Rotation ETF,2020-01-21
HYHG,ProShares High Yield-Interest Rate Hedged ETF,2020-01-21
KJAN,Innovator Russell 2000 Power Buffer ETF - January,2020-01-21
LSLT,Salt Low truBeta US Market ETF,2020-01-21
MOTI,VanEck Vectors Morningstar International Moat ETF,2020-01-21
PSMB,Invesco Balanced Multi-Asset Allocation ETF,2020-01-21
TPAY,Tortoise Digital Payments Infrastructure Fund,2020-01-21
ALFA,AlphaClone Alternative Alpha ETF,2020-01-22
BJAN,Innovator S&P 500 Buffer ETF - January,2020-01-22
DDLS,WisdomTree Dynamic Currency Hedged International SmallCap Equity Fund,2020-01-22
EVIX,VelocityShares 1x Long VSTOXX Futures ETN,2020-01-22
EWUS,iShares MSCI United Kingdom Small-Cap ETF,2020-01-22
FCTR,First Trust Lunt U.S. Factor Rotation ETF,2020-01-22
FNOV,FT Cboe Vest U.S. Equity Buffer ETF - November,2020-01-22
HYHG,ProShares High Yield-Interest Rate Hedged ETF,2020-01-22
KJAN,Innovator Russell 2000 Power Buffer ETF - January,2020-01-22
MOTI,VanEck Vectors Morningstar International Moat ETF,2020-01-22
PSMB,Invesco Balanced Multi-Asset Allocation ETF,2020-01-22
TPAY,Tortoise Digital Payments Infrastructure Fund,2020-01-22
ALFA,AlphaClone Alternative Alpha ETF,2020-01-23
BBUS,JPMorgan BetaBuilders U.S. Equity ETF,2020-01-23
BJAN,Innovator S&P 500 Buffer ETF - January,2020-01-23
DDLS,WisdomTree Dynamic Currency Hedged International SmallCap Equity Fund,2020-01-23
EVIX,VelocityShares 1x Long VSTOXX Futures ETN,2020-01-23
EWUS,iShares MSCI United Kingdom Small-Cap ETF,2020-01-23
FCTR,First Trust Lunt U.S. Factor Rotation ETF,2020-01-23
FNOV,FT Cboe Vest U.S. Equity Buffer ETF - November,2020-01-23
HYHG,ProShares High Yield-Interest Rate Hedged ETF,2020-01-23
KJAN,Innovator Russell 2000 Power Buffer ETF - January,2020-01-23
PSMB,Invesco Balanced Multi-Asset Allocation ETF,2020-01-23
TPAY,Tortoise Digital Payments Infrastructure Fund,2020-01-23
ALFA,AlphaClone Alternative Alpha ETF,2020-01-24
BBUS,JPMorgan BetaBuilders U.S. Equity ETF,2020-01-24
BJAN,Innovator S&P 500 Buffer ETF - January,2020-01-24
DDLS,WisdomTree Dynamic Currency Hedged International SmallCap Equity Fund,2020-01-24
EFAD,ProShares MSCI EAFE Dividend Growers ETF,2020-01-24
EVIX,VelocityShares 1x Long VSTOXX Futures ETN,2020-01-24
EWUS,iShares MSCI United Kingdom Small-Cap ETF,2020-01-24
FCTR,First Trust Lunt U.S. Factor Rotation ETF,2020-01-24
FNOV,FT Cboe Vest U.S. Equity Buffer ETF - November,2020-01-24
HYHG,ProShares High Yield-Interest Rate Hedged ETF,2020-01-24
KJAN,Innovator Russell 2000 Power Buffer ETF - January,2020-01-24
PSMB,Invesco Balanced Multi-Asset Allocation ETF,2020-01-24
TOKE,Cambria Cannabis ETF,2020-01-24
TPAY,Tortoise Digital Payments Infrastructure Fund,2020-01-24
BBUS,JPMorgan BetaBuilders U.S. Equity ETF,2020-01-27
BJAN,Innovator S&P 500 Buffer ETF - January,2020-01-27
EFAD,ProShares MSCI EAFE Dividend Growers ETF,2020-01-27
EVIX,VelocityShares 1x Long VSTOXX Futures ETN,2020-01-27
FCTR,First Trust Lunt U.S. Factor Rotation ETF,2020-01-27
FNOV,FT Cboe Vest U.S. Equity Buffer ETF - November,2020-01-27
HYHG,ProShares High Yield-Interest Rate Hedged ETF,2020-01-27
KJAN,Innovator Russell 2000 Power Buffer ETF - January,2020-01-27
PDEC,Innovator S&P 500 Power Buffer ETF - December,2020-01-27
PSMB,Invesco Balanced Multi-Asset Allocation ETF,2020-01-27
TCTL,Premise Capital Diversified Tactical ETF,2020-01-27
TOKE,Cambria Cannabis ETF,2020-01-27
BBUS,JPMorgan BetaBuilders U.S. Equity ETF,2020-01-28
BJAN,Innovator S&P 500 Buffer ETF - January,2020-01-28
EFAD,ProShares MSCI EAFE Dividend Growers ETF,2020-01-28
EVIX,VelocityShares 1x Long VSTOXX Futures ETN,2020-01-28
FCTR,First Trust Lunt U.S. Factor Rotation ETF,2020-01-28
FNOV,FT Cboe Vest U.S. Equity Buffer ETF - November,2020-01-28
HYHG,ProShares High Yield-Interest Rate Hedged ETF,2020-01-28
KJAN,Innovator Russell 2000 Power Buffer ETF - January,2020-01-28
PDEC,Innovator S&P 500 Power Buffer ETF - December,2020-01-28
PSMB,Invesco Balanced Multi-Asset Allocation ETF,2020-01-28
TCTL,Premise Capital Diversified Tactical ETF,2020-01-28
TOKE,Cambria Cannabis ETF,2020-01-28
BBUS,JPMorgan BetaBuilders U.S. Equity ETF,2020-01-29
BJAN,Innovator S&P 500 Buffer ETF - January,2020-01-29
EFAD,ProShares MSCI EAFE Dividend Growers ETF,2020-01-29
EVIX,VelocityShares 1x Long VSTOXX Futures ETN,2020-01-29
FCTR,First Trust Lunt U.S. Factor Rotation ETF,2020-01-29
FNOV,FT Cboe Vest U.S. Equity Buffer ETF - November,2020-01-29
HYHG,ProShares High Yield-Interest Rate Hedged ETF,2020-01-29
KJAN,Innovator Russell 2000 Power Buffer ETF - January,2020-01-29
PDEC,Innovator S&P 500 Power Buffer ETF - December,2020-01-29
TCTL,Premise Capital Diversified Tactical ETF,2020-01-29
TOKE,Cambria Cannabis ETF,2020-01-29
BBUS,JPMorgan BetaBuilders U.S. Equity ETF,2020-01-30
BJAN,Innovator S&P 500 Buffer ETF - January,2020-01-30
EFAD,ProShares MSCI EAFE Dividend Growers ETF,2020-01-30
EVIX,VelocityShares 1x Long VSTOXX Futures ETN,2020-01-30
FCTR,First Trust Lunt U.S. Factor Rotation ETF,2020-01-30
KJAN,Innovator Russell 2000 Power Buffer ETF - January,2020-01-30
PDEC,Innovator S&P 500 Power Buffer ETF - December,2020-01-30
TCTL,Premise Capital Diversified Tactical ETF,2020-01-30
TOKE,Cambria Cannabis ETF,2020-01-30
BBUS,JPMorgan BetaBuilders U.S. Equity ETF,2020-01-31
BJAN,Innovator S&P 500 Buffer ETF - January,2020-01-31
EFAD,ProShares MSCI EAFE Dividend Growers ETF,2020-01-31
EVIX,VelocityShares 1x Long VSTOXX Futures ETN,2020-01-31
FCTR,First Trust Lunt U.S. Factor Rotation ETF,2020-01-31
KJAN,Innovator Russell 2000 Power Buffer ETF - January,2020-01-31
PDEC,Innovator S&P 500 Power Buffer ETF - December,2020-01-31
STOT,SPDR DoubleLine Short Duration Total Return Tactical ETF,2020-01-31
TCTL,Premise Capital Diversified Tactical ETF,2020-01-31
TOKE,Cambria Cannabis ETF,2020-01-31
BBUS,JPMorgan BetaBuilders U.S. Equity ETF,2020-02-03
BJAN,Innovator S&P 500 Buffer ETF - January,2020-02-03
EPRF,Innovator S&P Investment Grade Preferred ETF,2020-02-03
EVIX,VelocityShares 1x Long VSTOXX Futures ETN,2020-02-03
FCTR,First Trust Lunt U.S. Factor Rotation ETF,2020-02-03
IBMP,iShares iBonds Dec 2027 Term Muni Bond ETF,2020-02-03
KJAN,Innovator Russell 2000 Power Buffer ETF - January,2020-02-03
PDEC,Innovator S&P 500 Power Buffer ETF - December,2020-02-03
STOT,SPDR DoubleLine Short Duration Total Return Tactical ETF,2020-02-03
TCTL,Premise Capital Diversified Tactical ETF,2020-02-03
TOKE,Cambria Cannabis ETF,2020-02-03
BBUS,JPMorgan BetaBuilders U.S. Equity ETF,2020-02-04
DURA,VanEck Vectors Morningstar Durable Dividend ETF,2020-02-04
EPRF,Innovator S&P Investment Grade Preferred ETF,2020-02-04
EVIX,VelocityShares 1x Long VSTOXX Futures ETN,2020-02-04
FCTR,First Trust Lunt U.S. Factor Rotation ETF,2020-02-04
IBMP,iShares iBonds Dec 2027 Term Muni Bond ETF,2020-02-04
KJAN,Innovator Russell 2000 Power Buffer ETF - January,2020-02-04
PDEC,Innovator S&P 500 Power Buffer ETF - December,2020-02-04
PLCY,EventShares U.S. Legislative Opportunities ETF,2020-02-04
STOT,SPDR DoubleLine Short Duration Total Return Tactical ETF,2020-02-04
TCTL,Premise Capital Diversified Tactical ETF,2020-02-04
BBUS,JPMorgan BetaBuilders U.S. Equity ETF,2020-02-05
DURA,VanEck Vectors Morningstar Durable Dividend ETF,2020-02-05
EPRF,Innovator S&P Investment Grade Preferred ETF,2020-02-05
EVIX,VelocityShares 1x Long VSTOXX Futures ETN,2020-02-05
FCTR,First Trust Lunt U.S. Factor Rotation ETF,2020-02-05
IBMP,iShares iBonds Dec 2027 Term Muni Bond ETF,2020-02-05
KJAN,Innovator Russell 2000 Power Buffer ETF - January,2020-02-05
PLCY,EventShares U.S. Legislative Opportunities ETF,2020-02-05
STOT,SPDR DoubleLine Short Duration Total Return Tactical ETF,2020-02-05
TCTL,Premise Capital Diversified Tactical ETF,2020-02-05
BBUS,JPMorgan BetaBuilders U.S. Equity ETF,2020-02-06
DURA,VanEck Vectors Morningstar Durable Dividend ETF,2020-02-06
EPRF,Innovator S&P Investment Grade Preferred ETF,2020-02-06
EVIX,VelocityShares 1x Long VSTOXX Futures ETN,2020-02-06
FCTR,First Trust Lunt U.S. Factor Rotation ETF,2020-02-06
IBMP,iShares iBonds Dec 2027 Term Muni Bond ETF,2020-02-06
KJAN,Innovator Russell 2000 Power Buffer ETF - January,2020-02-06
PLCY,EventShares U.S. Legislative Opportunities ETF,2020-02-06
STOT,SPDR DoubleLine Short Duration Total Return Tactical ETF,2020-02-06
TCTL,Premise Capital Diversified Tactical ETF,2020-02-06
BBUS,JPMorgan BetaBuilders U.S. Equity ETF,2020-02-07
DURA,VanEck Vectors Morningstar Durable Dividend ETF,2020-02-07
EPRF,Innovator S&P Investment Grade Preferred ETF,2020-02-07
EVIX,VelocityShares 1x Long VSTOXX Futures ETN,2020-02-07
FCTR,First Trust Lunt U.S. Factor Rotation ETF,2020-02-07
IBMP,iShares iBonds Dec 2027 Term Muni Bond ETF,2020-02-07
KJAN,Innovator Russell 2000 Power Buffer ETF - January,2020-02-07
PLCY,EventShares U.S. Legislative Opportunities ETF,2020-02-07
STOT,SPDR DoubleLine Short Duration Total Return Tactical ETF,2020-02-07
TCTL,Premise Capital Diversified Tactical ETF,2020-02-07
BBUS,JPMorgan BetaBuilders U.S. Equity ETF,2020-02-10
DURA,VanEck Vectors Morningstar Durable Dividend ETF,2020-02-10
EPRF,Innovator S&P Investment Grade Preferred ETF,2020-02-10
EVIX,VelocityShares 1x Long VSTOXX Futures ETN,2020-02-10
FCTR,First Trust Lunt U.S. Factor Rotation ETF,2020-02-10
IBMP,iShares iBonds Dec 2027 Term Muni Bond ETF,2020-02-10
KJAN,Innovator Russell 2000 Power Buffer ETF - January,2020-02-10
PLCY,EventShares U.S. Legislative Opportunities ETF,2020-02-10
STOT,SPDR DoubleLine Short Duration Total Return Tactical ETF,2020-02-10
TCTL,Premise Capital Diversified Tactical ETF,2020-02-10
BBUS,JPMorgan BetaBuilders U.S. Equity ETF,2020-02-11
BFEB,Innovator S&P 500 Buffer ETF - February,2020-02-11
DURA,VanEck Vectors Morningstar Durable Dividend ETF,2020-02-11
EVIX,VelocityShares 1x Long VSTOXX Futures ETN,2020-02-11
IBMP,iShares iBonds Dec 2027 Term Muni Bond ETF,2020-02-11
KJAN,Innovator Russell 2000 Power Buffer ETF - January,2020-02-11
PLCY,EventShares U.S. Legislative Opportunities ETF,2020-02-11
STOT,SPDR DoubleLine Short Duration Total Return Tactical ETF,2020-02-11
TCTL,Premise Capital Diversified Tactical ETF,2020-02-11
BBUS,JPMorgan BetaBuilders U.S. Equity ETF,2020-02-12
BFEB,Innovator S&P 500 Buffer ETF - February,2020-02-12
DURA,VanEck Vectors Morningstar Durable Dividend ETF,2020-02-12
EVIX,VelocityShares 1x Long VSTOXX Futures ETN,2020-02-12
GHYG,iShares US & Intl High Yield Corp Bond ETF,2020-02-12
IBMP,iShares iBonds Dec 2027 Term Muni Bond ETF,2020-02-12
KJAN,Innovator Russell 2000 Power Buffer ETF - January,2020-02-12
PLCY,EventShares U.S. Legislative Opportunities ETF,2020-02-12
STOT,SPDR DoubleLine Short Duration Total Return Tactical ETF,2020-02-12
BBUS,JPMorgan BetaBuilders U.S. Equity ETF,2020-02-13
BFEB,Innovator S&P 500 Buffer ETF - February,2020-02-13
DURA,VanEck Vectors Morningstar Durable Dividend ETF,2020-02-13
EVIX,VelocityShares 1x Long VSTOXX Futures ETN,2020-02-13
GHYG,iShares US & Intl High Yield Corp Bond ETF,2020-02-13
IBMP,iShares iBonds Dec 2027 Term Muni Bond ETF,2020-02-13
KJAN,Innovator Russell 2000 Power Buffer ETF - January,2020-02-13
PLCY,EventShares U.S. Legislative Opportunities ETF,2020-02-13
STOT,SPDR DoubleLine Short Duration Total Return Tactical ETF,2020-02-13
BBUS,JPMorgan BetaBuilders U.S. Equity ETF,2020-02-14
BFEB,Innovator S&P 500 Buffer ETF - February,2020-02-14
DURA,VanEck Vectors Morningstar Durable Dividend ETF,2020-02-14
EVIX,VelocityShares 1x Long VSTOXX Futures ETN,2020-02-14
GHYG,iShares US & Intl High Yield Corp Bond ETF,2020-02-14
IBMP,iShares iBonds Dec 2027 Term Muni Bond ETF,2020-02-14
KJAN,Innovator Russell 2000 Power Buffer ETF - January,2020-02-14
PLCY,EventShares U.S. Legislative Opportunities ETF,2020-02-14
STOT,SPDR DoubleLine Short Duration Total Return Tactical ETF,2020-02-14
BBUS,JPMorgan BetaBuilders U.S. Equity ETF,2020-02-18
BFEB,Innovator S&P 500 Buffer ETF - February,2020-02-18
DIVB,iShares U.S. Dividend and Buyback ETF,2020-02-18
DURA,VanEck Vectors Morningstar Durable Dividend ETF,2020-02-18
EVIX,VelocityShares 1x Long VSTOXX Futures ETN,2020-02-18
GHYG,iShares US & Intl High Yield Corp Bond ETF,2020-02-18
IBMP,iShares iBonds Dec 2027 Term Muni Bond ETF,2020-02-18
KJAN,Innovator Russell 2000 Power Buffer ETF - January,2020-02-18
PLCY,EventShares U.S. Legislative Opportunities ETF,2020-02-18
STOT,SPDR DoubleLine Short Duration Total Return Tactical ETF,2020-02-18
BBUS,JPMorgan BetaBuilders U.S. Equity ETF,2020-02-19
BFEB,Innovator S&P 500 Buffer ETF - February,2020-02-19
DIVB,iShares U.S. Dividend and Buyback ETF,2020-02-19
DURA,VanEck Vectors Morningstar Durable Dividend ETF,2020-02-19
EVIX,VelocityShares 1x Long VSTOXX Futures ETN,2020-02-19
GHYG,iShares US & Intl High Yield Corp Bond ETF,2020-02-19
IBMP,iShares iBonds Dec 2027 Term Muni Bond ETF,2020-02-19
KJAN,Innovator Russell 2000 Power Buffer ETF - January,2020-02-19
PLCY,EventShares U.S. Legislative Opportunities ETF,2020-02-19
STOT,SPDR DoubleLine Short Duration Total Return Tactical ETF,2020-02-19
BBUS,JPMorgan BetaBuilders U.S. Equity ETF,2020-02-20
BFEB,Innovator S&P 500 Buffer ETF - February,2020-02-20
DIVB,iShares U.S. Dividend and Buyback ETF,2020-02-20
EVIX,VelocityShares 1x Long VSTOXX Futures ETN,2020-02-20
GHYG,iShares US & Intl High Yield Corp Bond ETF,2020-02-20
KJAN,Innovator Russell 2000 Power Buffer ETF - January,2020-02-20
PLCY,EventShares U.S. Legislative Opportunities ETF,2020-02-20
STOT,SPDR DoubleLine Short Duration Total Return Tactical ETF,2020-02-20
BBUS,JPMorgan BetaBuilders U.S. Equity ETF,2020-02-21
BFEB,Innovator S&P 500 Buffer ETF - February,2020-02-21
DIVB,iShares U.S. Dividend and Buyback ETF,2020-02-21
EVIX,VelocityShares 1x Long VSTOXX Futures ETN,2020-02-21
GHYG,iShares US & Intl High Yield Corp Bond ETF,2020-02-21
KJAN,Innovator Russell 2000 Power Buffer ETF - January,2020-02-21
PLCY,EventShares U.S. Legislative Opportunities ETF,2020-02-21
STOT,SPDR DoubleLine Short Duration Total Return Tactical ETF,2020-02-21
BBUS,JPMorgan BetaBuilders U.S. Equity ETF,2020-02-24
BFEB,Innovator S&P 500 Buffer ETF - February,2020-02-24
DIVB,iShares U.S. Dividend and Buyback ETF,2020-02-24
EVIX,VelocityShares 1x Long VSTOXX Futures ETN,2020-02-24
GHYG,iShares US & Intl High Yield Corp Bond ETF,2020-02-24
KJAN,Innovator Russell 2000 Power Buffer ETF - January,2020-02-24
PLCY,EventShares U.S. Legislative Opportunities ETF,2020-02-24
STOT,SPDR DoubleLine Short Duration Total Return Tactical ETF,2020-02-24
BBUS,JPMorgan BetaBuilders U.S. Equity ETF,2020-02-25
BFEB,Innovator S&P 500 Buffer ETF - February,2020-02-25
DIVB,iShares U.S. Dividend and Buyback ETF,2020-02-25
EVIX,VelocityShares 1x Long VSTOXX Futures ETN,2020-02-25
GHYG,iShares US & Intl High Yield Corp Bond ETF,2020-02-25
KJAN,Innovator Russell 2000 Power Buffer ETF - January,2020-02-25
PLCY,EventShares U.S. Legislative Opportunities ETF,2020-02-25
STOT,SPDR DoubleLine Short Duration Total Return Tactical ETF,2020-02-25
XSHD,Invesco S&P SmallCap High Dividend Low Volatility ETF,2020-02-25
AESR,Anfield U.S. Equity Sector Rotation ETF,2020-02-26
BBUS,JPMorgan BetaBuilders U.S. Equity ETF,2020-02-26
BFEB,Innovator S&P 500 Buffer ETF - February,2020-02-26
DIVB,iShares U.S. Dividend and Buyback ETF,2020-02-26
EVIX,VelocityShares 1x Long VSTOXX Futures ETN,2020-02-26
GHYG,iShares US & Intl High Yield Corp Bond ETF,2020-02-26
IBHC,iShares iBonds 2023 Term High Yield and Income ETF,2020-02-26
KJAN,Innovator Russell 2000 Power Buffer ETF - January,2020-02-26
PLCY,EventShares U.S. Legislative Opportunities ETF,2020-02-26
STOT,SPDR DoubleLine Short Duration Total Return Tactical ETF,2020-02-26
XSHD,Invesco S&P SmallCap High Dividend Low Volatility ETF,2020-02-26
AESR,Anfield U.S. Equity Sector Rotation ETF,2020-02-27
BBUS,JPMorgan BetaBuilders U.S. Equity ETF,2020-02-27
BFEB,Innovator S&P 500 Buffer ETF - February,2020-02-27
EVIX,VelocityShares 1x Long VSTOXX Futures ETN,2020-02-27
GHYG,iShares US & Intl High Yield Corp Bond ETF,2020-02-27
IBHC,iShares iBonds 2023 Term High Yield and Income ETF,2020-02-27
KJAN,Innovator Russell 2000 Power Buffer ETF - January,2020-02-27
PLCY,EventShares U.S. Legislative Opportunities ETF,2020-02-27
XSHD,Invesco S&P SmallCap High Dividend Low Volatility ETF,2020-02-27
AESR,Anfield U.S. Equity Sector Rotation ETF,2020-02-28
BBUS,JPMorgan BetaBuilders U.S. Equity ETF,2020-02-28
BFEB,Innovator S&P 500 Buffer ETF - February,2020-02-28
DTYS,iPath US Treasury 10-year Bear ETN,2020-02-28
EVIX,VelocityShares 1x Long VSTOXX Futures ETN,2020-02-28
EYLD,Cambria Emerging Shareholder Yield ETF,2020-02-28
GHYG,iShares US & Intl High Yield Corp Bond ETF,2020-02-28
IBHC,iShares iBonds 2023 Term High Yield and Income ETF,2020-02-28
KJAN,Innovator Russell 2000 Power Buffer ETF - January,2020-02-28
LSLT,Salt Low truBeta US Market ETF,2020-02-28
PLCY,EventShares U.S. Legislative Opportunities ETF,2020-02-28
XSHD,Invesco S&P SmallCap High Dividend Low Volatility ETF,2020-02-28
AESR,Anfield U.S. Equity Sector Rotation ETF,2020-03-02
BBUS,JPMorgan BetaBuilders U.S. Equity ETF,2020-03-02
BFEB,Innovator S&P 500 Buffer ETF - February,2020-03-02
DTYS,iPath US Treasury 10-year Bear ETN,2020-03-02
ESML,iShares ESG MSCI USA Small-Cap ETF,2020-03-02
EVIX,VelocityShares 1x Long VSTOXX Futures ETN,2020-03-02
EYLD,Cambria Emerging Shareholder Yield ETF,2020-03-02
GHYG,iShares US & Intl High Yield Corp Bond ETF,2020-03-02
IBHC,iShares iBonds 2023 Term High Yield and Income ETF,2020-03-02
KJAN,Innovator Russell 2000 Power Buffer ETF - January,2020-03-02
LSLT,Salt Low truBeta US Market ETF,2020-03-02
PLCY,EventShares U.S. Legislative Opportunities ETF,2020-03-02
XSHD,Invesco S&P SmallCap High Dividend Low Volatility ETF,2020-03-02
AESR,Anfield U.S. Equity Sector Rotation ETF,2020-03-03
BBUS,JPMorgan BetaBuilders U.S. Equity ETF,2020-03-03
BFEB,Innovator S&P 500 Buffer ETF - February,2020-03-03
DTYS,iPath US Treasury 10-year Bear ETN,2020-03-03
ESML,iShares ESG MSCI USA Small-Cap ETF,2020-03-03
EVIX,VelocityShares 1x Long VSTOXX Futures ETN,2020-03-03
EYLD,Cambria Emerging Shareholder Yield ETF,2020-03-03
FFEB,FT Cboe Vest U.S. Equity Buffer ETF - February,2020-03-03
GHYG,iShares US & Intl High Yield Corp Bond ETF,2020-03-03
IBHC,iShares iBonds 2023 Term High Yield and Income ETF,2020-03-03
KJAN,Innovator Russell 2000 Power Buffer ETF - January,2020-03-03
LSLT,Salt Low truBeta US Market ETF,2020-03-03
XSHD,Invesco S&P SmallCap High Dividend Low Volatility ETF,2020-03-03
AESR,Anfield U.S. Equity Sector Rotation ETF,2020-03-04
BBUS,JPMorgan BetaBuilders U.S. Equity ETF,2020-03-04
BFEB,Innovator S&P 500 Buffer ETF - February,2020-03-04
DTYS,iPath US Treasury 10-year Bear ETN,2020-03-04
ESML,iShares ESG MSCI USA Small-Cap ETF,2020-03-04
EVIX,VelocityShares 1x Long VSTOXX Futures ETN,2020-03-04
EXIV,VelocityShares 1x Daily Inverse VSTOXX Futures ETN,2020-03-04
EYLD,Cambria Emerging Shareholder Yield ETF,2020-03-04
FFEB,FT Cboe Vest U.S. Equity Buffer ETF - February,2020-03-04
GHYG,iShares US & Intl High Yield Corp Bond ETF,2020-03-04
IBHC,iShares iBonds 2023 Term High Yield and Income ETF,2020-03-04
KJAN,Innovator Russell 2000 Power Buffer ETF - January,2020-03-04
LSLT,Salt Low truBeta US Market ETF,2020-03-04
XSHD,Invesco S&P SmallCap High Dividend Low Volatility ETF,2020-03-04
AESR,Anfield U.S. Equity Sector Rotation ETF,2020-03-05
BBUS,JPMorgan BetaBuilders U.S. Equity ETF,2020-03-05
BFEB,Innovator S&P 500 Buffer ETF - February,2020-03-05
DTYS,iPath US Treasury 10-year Bear ETN,2020-03-05
ESML,iShares ESG MSCI USA Small-Cap ETF,2020-03-05
EVIX,VelocityShares 1x Long VSTOXX Futures ETN,2020-03-05
EXIV,VelocityShares 1x Daily Inverse VSTOXX Futures ETN,2020-03-05
EYLD,Cambria Emerging Shareholder Yield ETF,2020-03-05
FFEB,FT Cboe Vest U.S. Equity Buffer ETF - February,2020-03-05
FNOV,FT Cboe Vest U.S. Equity Buffer ETF - November,2020-03-05
IBHA,iShares iBonds 2021 Term High Yield and Income ETF,2020-03-05
IBHC,iShares iBonds 2023 Term High Yield and Income ETF,2020-03-05
KJAN,Innovator Russell 2000 Power Buffer ETF - January,2020-03-05
LSLT,Salt Low truBeta US Market ETF,2020-03-05
XSHD,Invesco S&P SmallCap High Dividend Low Volatility ETF,2020-03-05
BBUS,JPMorgan BetaBuilders U.S. Equity ETF,2020-03-06
BFEB,Innovator S&P 500 Buffer ETF - February,2020-03-06
DTYS,iPath US Treasury 10-year Bear ETN,2020-03-06
EMTL,SPDR DoubleLine Emerging Markets Fixed Income ETF,2020-03-06
ESML,iShares ESG MSCI USA Small-Cap ETF,2020-03-06
EVIX,VelocityShares 1x Long VSTOXX Futures ETN,2020-03-06
EXIV,VelocityShares 1x Daily Inverse VSTOXX Futures ETN,2020-03-06
EYLD,Cambria Emerging Shareholder Yield ETF,2020-03-06
FFEB,FT Cboe Vest U.S. Equity Buffer ETF - February,2020-03-06
FNOV,FT Cboe Vest U.S. Equity Buffer ETF - November,2020-03-06
IBHA,iShares iBonds 2021 Term High Yield and Income ETF,2020-03-06
KJAN,Innovator Russell 2000 Power Buffer ETF - January,2020-03-06
LSLT,Salt Low truBeta US Market ETF,2020-03-06
UDEC,Innovator S&P 500 Ultra Buffer ETF - December,2020-03-06
VXX,iPath Series B S&P 500 VIX Short-Term Futures ETN,2020-03-06
XSHD,Invesco S&P SmallCap High Dividend Low Volatility ETF,2020-03-06
XVZ,iPath S&P 500 Dynamic VIX ETN,2020-03-06
BFEB,Innovator S&P 500 Buffer ETF - February,2020-03-09
DFND,Reality Shares DIVCON Dividend Defender ETF,2020-03-09
DTYS,iPath US Treasury 10-year Bear ETN,2020-03-09
EMTL,SPDR DoubleLine Emerging Markets Fixed Income ETF,2020-03-09
ESML,iShares ESG MSCI USA Small-Cap ETF,2020-03-09
EVIX,VelocityShares 1x Long VSTOXX Futures ETN,2020-03-09
EXIV,VelocityShares 1x Daily Inverse VSTOXX Futures ETN,2020-03-09
EYLD,Cambria Emerging Shareholder Yield ETF,2020-03-09
FFEB,FT Cboe Vest U.S. Equity Buffer ETF - February,2020-03-09
FNOV,FT Cboe Vest U.S. Equity Buffer ETF - November,2020-03-09
IBHA,iShares iBonds 2021 Term High Yield and Income ETF,2020-03-09
ITM,VanEck Vectors AMT-Free Intermediate Municipal Index ETF,2020-03-09
KJAN,Innovator Russell 2000 Power Buffer ETF - January,2020-03-09
LSLT,Salt Low truBeta US Market ETF,2020-03-09
UDEC,Innovator S&P 500 Ultra Buffer ETF - December,2020-03-09
VXX,iPath Series B S&P 500 VIX Short-Term Futures ETN,2020-03-09
XSHD,Invesco S&P SmallCap High Dividend Low Volatility ETF,2020-03-09
XVZ,iPath S&P 500 Dynamic VIX ETN,2020-03-09
BFEB,Innovator S&P 500 Buffer ETF - February,2020-03-10
BMAR,Innovator S&P 500 Buffer ETF - March,2020-03-10
DFND,Reality Shares DIVCON Dividend Defender ETF,2020-03-10
DTYS,iPath US Treasury 10-year Bear ETN,2020-03-10
EMTL,SPDR DoubleLine Emerging Markets Fixed Income ETF,2020-03-10
ESML,iShares ESG MSCI USA Small-Cap ETF,2020-03-10
EXIV,VelocityShares 1x Daily Inverse VSTOXX Futures ETN,2020-03-10
EYLD,Cambria Emerging Shareholder Yield ETF,2020-03-10
EZU,iShares MSCI Eurozone ETF,2020-03-10
FFEB,FT Cboe Vest U.S. Equity Buffer ETF - February,2020-03-10
FNOV,FT Cboe Vest U.S. Equity Buffer ETF - November,2020-03-10
IBHA,iShares iBonds 2021 Term High Yield and Income ETF,2020-03-10
ITM,VanEck Vectors AMT-Free Intermediate Municipal Index ETF,2020-03-10
KJAN,Innovator Russell 2000 Power Buffer ETF - January,2020-03-10
LSLT,Salt Low truBeta US Market ETF,2020-03-10
PMAR,Innovator S&P 500 Power Buffer ETF - March,2020-03-10
SHAG,WisdomTree Yield Enhanced U.S. Short-Term Aggregate Bond Fund,2020-03-10
UDEC,Innovator S&P 500 Ultra Buffer ETF - December,2020-03-10
VXX,iPath Series B S&P 500 VIX Short-Term Futures ETN,2020-03-10
XSHD,Invesco S&P SmallCap High Dividend Low Volatility ETF,2020-03-10
XVZ,iPath S&P 500 Dynamic VIX ETN,2020-03-10
BFEB,Innovator S&P 500 Buffer ETF - February,2020-03-11
BMAR,Innovator S&P 500 Buffer ETF - March,2020-03-11
DFND,Reality Shares DIVCON Dividend Defender ETF,2020-03-11
DTYS,iPath US Treasury 10-year Bear ETN,2020-03-11
EMTL,SPDR DoubleLine Emerging Markets Fixed Income ETF,2020-03-11
EPRF,Innovator S&P Investment Grade Preferred ETF,2020-03-11
ESML,iShares ESG MSCI USA Small-Cap ETF,2020-03-11
EXIV,VelocityShares 1x Daily Inverse VSTOXX Futures ETN,2020-03-11
EYLD,Cambria Emerging Shareholder Yield ETF,2020-03-11
EZU,iShares MSCI Eurozone ETF,2020-03-11
FFEB,FT Cboe Vest U.S. Equity Buffer ETF - February,2020-03-11
FNOV,FT Cboe Vest U.S. Equity Buffer ETF - November,2020-03-11
IBHA,iShares iBonds 2021 Term High Yield and Income ETF,2020-03-11
ITM,VanEck Vectors AMT-Free Intermediate Municipal Index ETF,2020-03-11
LSLT,Salt Low truBeta US Market ETF,2020-03-11
PMAR,Innovator S&P 500 Power Buffer ETF - March,2020-03-11
RSX,VanEck Vectors Russia ETF,2020-03-11
SHAG,WisdomTree Yield Enhanced U.S. Short-Term Aggregate Bond Fund,2020-03-11
UDEC,Innovator S&P 500 Ultra Buffer ETF - December,2020-03-11
VXX,iPath Series B S&P 500 VIX Short-Term Futures ETN,2020-03-11
XSHD,Invesco S&P SmallCap High Dividend Low Volatility ETF,2020-03-11
XVZ,iPath S&P 500 Dynamic VIX ETN,2020-03-11
BFEB,Innovator S&P 500 Buffer ETF - February,2020-03-12
BMAR,Innovator S&P 500 Buffer ETF - March,2020-03-12
DFND,Reality Shares DIVCON Dividend Defender ETF,2020-03-12
DTYS,iPath US Treasury 10-year Bear ETN,2020-03-12
EMTL,SPDR DoubleLine Emerging Markets Fixed Income ETF,2020-03-12
EPRF,Innovator S&P Investment Grade Preferred ETF,2020-03-12
ESML,iShares ESG MSCI USA Small-Cap ETF,2020-03-12
EXIV,VelocityShares 1x Daily Inverse VSTOXX Futures ETN,2020-03-12
EYLD,Cambria Emerging Shareholder Yield ETF,2020-03-12
EZU,iShares MSCI Eurozone ETF,2020-03-12
FFEB,FT Cboe Vest U.S. Equity Buffer ETF - February,2020-03-12
FNOV,FT Cboe Vest U.S. Equity Buffer ETF - November,2020-03-12
IBHA,iShares iBonds 2021 Term High Yield and Income ETF,2020-03-12
ITM,VanEck Vectors AMT-Free Intermediate Municipal Index ETF,2020-03-12
LSLT,Salt Low truBeta US Market ETF,2020-03-12
PMAR,Innovator S&P 500 Power Buffer ETF - March,2020-03-12
RSX,VanEck Vectors Russia ETF,2020-03-12
SHAG,WisdomTree Yield Enhanced U.S. Short-Term Aggregate Bond Fund,2020-03-12
UDEC,Innovator S&P 500 Ultra Buffer ETF - December,2020-03-12
UMAR,Innovator S&P 500 Ultra Buffer ETF - March,2020-03-12
VXX,iPath Series B S&P 500 VIX Short-Term Futures ETN,2020-03-12
XSHD,Invesco S&P SmallCap High Dividend Low Volatility ETF,2020-03-12
XVZ,iPath S&P 500 Dynamic VIX ETN,2020-03-12
BFEB,Innovator S&P 500 Buffer ETF - February,2020-03-13
BMAR,Innovator S&P 500 Buffer ETF - March,2020-03-13
DFND,Reality Shares DIVCON Dividend Defender ETF,2020-03-13
DTYS,iPath US Treasury 10-year Bear ETN,2020-03-13
EMTL,SPDR DoubleLine Emerging Markets Fixed Income ETF,2020-03-13
EPRF,Innovator S&P Investment Grade Preferred ETF,2020-03-13
ESML,iShares ESG MSCI USA Small-Cap ETF,2020-03-13
EXIV,VelocityShares 1x Daily Inverse VSTOXX Futures ETN,2020-03-13
EYLD,Cambria Emerging Shareholder Yield ETF,2020-03-13
EZU,iShares MSCI Eurozone ETF,2020-03-13
FFEB,FT Cboe Vest U.S. Equity Buffer ETF - February,2020-03-13
FNOV,FT Cboe Vest U.S. Equity Buffer ETF - November,2020-03-13
IBHA,iShares iBonds 2021 Term High Yield and Income ETF,2020-03-13
ITM,VanEck Vectors AMT-Free Intermediate Municipal Index ETF,2020-03-13
JCPB,JPMorgan Core Plus Bond ETF,2020-03-13
LSLT,Salt Low truBeta US Market ETF,2020-03-13
PMAR,Innovator S&P 500 Power Buffer ETF - March,2020-03-13
RSX,VanEck Vectors Russia ETF,2020-03-13
SHAG,WisdomTree Yield Enhanced U.S. Short-Term Aggregate Bond Fund,2020-03-13
UDEC,Innovator S&P 500 Ultra Buffer ETF - December,2020-03-13
UMAR,Innovator S&P 500 Ultra Buffer ETF - March,2020-03-13
VXX,iPath Series B S&P 500 VIX Short-Term Futures ETN,2020-03-13
XSHD,Invesco S&P SmallCap High Dividend Low Volatility ETF,2020-03-13
XVZ,iPath S&P 500 Dynamic VIX ETN,2020-03-13
BMAR,Innovator S&P 500 Buffer ETF - March,2020-03-16
DFND,Reality Shares DIVCON Dividend Defender ETF,2020-03-16
DTYS,iPath US Treasury 10-year Bear ETN,2020-03-16
EPRF,Innovator S&P Investment Grade Preferred ETF,2020-03-16
ESML,iShares ESG MSCI USA Small-Cap ETF,2020-03-16
EXIV,VelocityShares 1x Daily Inverse VSTOXX Futures ETN,2020-03-16
EYLD,Cambria Emerging Shareholder Yield ETF,2020-03-16
EZU,iShares MSCI Eurozone ETF,2020-03-16
FFEB,FT Cboe Vest U.S. Equity Buffer ETF - February,2020-03-16
FNOV,FT Cboe Vest U.S. Equity Buffer ETF - November,2020-03-16
GSEW,Goldman Sachs Equal Weight U.S. Large Cap Equity ETF,2020-03-16
IBHA,iShares iBonds 2021 Term High Yield and Income ETF,2020-03-16
IGV,iShares Expanded Tech-Software Sector ETF,2020-03-16
ITM,VanEck Vectors AMT-Free Intermediate Municipal Index ETF,2020-03-16
JCPB,JPMorgan Core Plus Bond ETF,2020-03-16
LSLT,Salt Low truBeta US Market ETF,2020-03-16
OILK,ProShares K-1 Free Crude Oil Strategy ETF,2020-03-16
PMAR,Innovator S&P 500 Power Buffer ETF - March,2020-03-16
POCT,Innovator S&P 500 Power Buffer ETF - October,2020-03-16
RSX,VanEck Vectors Russia ETF,2020-03-16
SHAG,WisdomTree Yield Enhanced U.S. Short-Term Aggregate Bond Fund,2020-03-16
UDEC,Innovator S&P 500 Ultra Buffer ETF - December,2020-03-16
UMAR,Innovator S&P 500 Ultra Buffer ETF - March,2020-03-16
VXX,iPath Series B S&P 500 VIX Short-Term Futures ETN,2020-03-16
XSHD,Invesco S&P SmallCap High Dividend Low Volatility ETF,2020-03-16
XVZ,iPath S&P 500 Dynamic VIX ETN,2020-03-16
BJUL,Innovator S&P 500 Buffer ETF - July,2020-03-17
BMAR,Innovator S&P 500 Buffer ETF - March,2020-03-17
DFND,Reality Shares DIVCON Dividend Defender ETF,2020-03-17
DIVB,iShares U.S. Dividend and Buyback ETF,2020-03-17
DTYS,iPath US Treasury 10-year Bear ETN,2020-03-17
EPRF,Innovator S&P Investment Grade Preferred ETF,2020-03-17
ESML,iShares ESG MSCI USA Small-Cap ETF,2020-03-17
EXIV,VelocityShares 1x Daily Inverse VSTOXX Futures ETN,2020-03-17
EYLD,Cambria Emerging Shareholder Yield ETF,2020-03-17
EZU,iShares MSCI Eurozone ETF,2020-03-17
FNOV,FT Cboe Vest U.S. Equity Buffer ETF - November,2020-03-17
GSEW,Goldman Sachs Equal Weight U.S. Large Cap Equity ETF,2020-03-17
IBHA,iShares iBonds 2021 Term High Yield and Income ETF,2020-03-17
IGV,iShares Expanded Tech-Software Sector ETF,2020-03-17
ITM,VanEck Vectors AMT-Free Intermediate Municipal Index ETF,2020-03-17
JCPB,JPMorgan Core Plus Bond ETF,2020-03-17
LSLT,Salt Low truBeta US Market ETF,2020-03-17
OILK,ProShares K-1 Free Crude Oil Strategy ETF,2020-03-17
PMAR,Innovator S&P 500 Power Buffer ETF - March,2020-03-17
POCT,Innovator S&P 500 Power Buffer ETF - October,2020-03-17
PREF,Principal Spectrum Preferred Securities Active ETF,2020-03-17
RSX,VanEck Vectors Russia ETF,2020-03-17
SHAG,WisdomTree Yield Enhanced U.S. Short-Term Aggregate Bond Fund,2020-03-17
UDEC,Innovator S&P 500 Ultra Buffer ETF - December,2020-03-17
UFEB,Innovator S&P 500 Ultra Buffer ETF - February,2020-03-17
UMAR,Innovator S&P 500 Ultra Buffer ETF - March,2020-03-17
VXX,iPath Series B S&P 500 VIX Short-Term Futures ETN,2020-03-17
XSHD,Invesco S&P SmallCap High Dividend Low Volatility ETF,2020-03-17
XVZ,iPath S&P 500 Dynamic VIX ETN,2020-03-17
BBUS,JPMorgan BetaBuilders U.S. Equity ETF,2020-03-18
BJUL,Innovator S&P 500 Buffer ETF - July,2020-03-18
BMAR,Innovator S&P 500 Buffer ETF - March,2020-03-18
DFND,Reality Shares DIVCON Dividend Defender ETF,2020-03-18
DIVB,iShares U.S. Dividend and Buyback ETF,2020-03-18
EPRF,Innovator S&P Investment Grade Preferred ETF,2020-03-18
ESML,iShares ESG MSCI USA Small-Cap ETF,2020-03-18
EXIV,VelocityShares 1x Daily Inverse VSTOXX Futures ETN,2020-03-18
EYLD,Cambria Emerging Shareholder Yield ETF,2020-03-18
EZU,iShares MSCI Eurozone ETF,2020-03-18
FNOV,FT Cboe Vest U.S. Equity Buffer ETF - November,2020-03-18
GSEW,Goldman Sachs Equal Weight U.S. Large Cap Equity ETF,2020-03-18
IGV,iShares Expanded Tech-Software Sector ETF,2020-03-18
ITM,VanEck Vectors AMT-Free Intermediate Municipal Index ETF,2020-03-18
JCPB,JPMorgan Core Plus Bond ETF,2020-03-18
LSLT,Salt Low truBeta US Market ETF,2020-03-18
NUDM,Nuveen ESG International Developed Markets Equity ETF,2020-03-18
OILK,ProShares K-1 Free Crude Oil Strategy ETF,2020-03-18
PMAR,Innovator S&P 500 Power Buffer ETF - March,2020-03-18
POCT,Innovator S&P 500 Power Buffer ETF - October,2020-03-18
PREF,Principal Spectrum Preferred Securities Active ETF,2020-03-18
RSX,VanEck Vectors Russia ETF,2020-03-18
UDEC,Innovator S&P 500 Ultra Buffer ETF - December,2020-03-18
UFEB,Innovator S&P 500 Ultra Buffer ETF - February,2020-03-18
UMAR,Innovator S&P 500 Ultra Buffer ETF - March,2020-03-18
VXX,iPath Series B S&P 500 VIX Short-Term Futures ETN,2020-03-18
XSHD,Invesco S&P SmallCap High Dividend Low Volatility ETF,2020-03-18
XVZ,iPath S&P 500 Dynamic VIX ETN,2020-03-18
BBUS,JPMorgan BetaBuilders U.S. Equity ETF,2020-03-19
BJUL,Innovator S&P 500 Buffer ETF - July,2020-03-19
BMAR,Innovator S&P 500 Buffer ETF - March,2020-03-19
DFND,Reality Shares DIVCON Dividend Defender ETF,2020-03-19
DIVB,iShares U.S. Dividend and Buyback ETF,2020-03-19
ESML,iShares ESG MSCI USA Small-Cap ETF,2020-03-19
EXIV,VelocityShares 1x Daily Inverse VSTOXX Futures ETN,2020-03-19
EYLD,Cambria Emerging Shareholder Yield ETF,2020-03-19
FNOV,FT Cboe Vest U.S. Equity Buffer ETF - November,2020-03-19
GSEW,Goldman Sachs Equal Weight U.S. Large Cap Equity ETF,2020-03-19
IGHG,ProShares Investment Grade-Interest Rate Hedged,2020-03-19
IGV,iShares Expanded Tech-Software Sector ETF,2020-03-19
ITM,VanEck Vectors AMT-Free Intermediate Municipal Index ETF,2020-03-19
JCPB,JPMorgan Core Plus Bond ETF,2020-03-19
LSLT,Salt Low truBeta US Market ETF,2020-03-19
NUDM,Nuveen ESG International Developed Markets Equity ETF,2020-03-19
NUEM,Nuveen ESG Emerging Markets Equity ETF,2020-03-19
OILK,ProShares K-1 Free Crude Oil Strategy ETF,2020-03-19
PAPR,Innovator S&P 500 Power Buffer ETF - April,2020-03-19
PMAR,Innovator S&P 500 Power Buffer ETF - March,2020-03-19
POCT,Innovator S&P 500 Power Buffer ETF - October,2020-03-19
PREF,Principal Spectrum Preferred Securities Active ETF,2020-03-19
RSX,VanEck Vectors Russia ETF,2020-03-19
UDEC,Innovator S&P 500 Ultra Buffer ETF - December,2020-03-19
UFEB,Innovator S&P 500 Ultra Buffer ETF - February,2020-03-19
UMAR,Innovator S&P 500 Ultra Buffer ETF - March,2020-03-19
VXX,iPath Series B S&P 500 VIX Short-Term Futures ETN,2020-03-19
XSHD,Invesco S&P SmallCap High Dividend Low Volatility ETF,2020-03-19
XVZ,iPath S&P 500 Dynamic VIX ETN,2020-03-19
BBUS,JPMorgan BetaBuilders U.S. Equity ETF,2020-03-20
BJUL,Innovator S&P 500 Buffer ETF - July,2020-03-20
BMAR,Innovator S&P 500 Buffer ETF - March,2020-03-20
DEFA,iShares Adaptive Currency Hedged MSCI EAFE ETF,2020-03-20
DFND,Reality Shares DIVCON Dividend Defender ETF,2020-03-20
DIVB,iShares U.S. Dividend and Buyback ETF,2020-03-20
ESML,iShares ESG MSCI USA Small-Cap ETF,2020-03-20
EXIV,VelocityShares 1x Daily Inverse VSTOXX Futures ETN,2020-03-20
EYLD,Cambria Emerging Shareholder Yield ETF,2020-03-20
GSEW,Goldman Sachs Equal Weight U.S. Large Cap Equity ETF,2020-03-20
IGHG,ProShares Investment Grade-Interest Rate Hedged,2020-03-20
IGV,iShares Expanded Tech-Software Sector ETF,2020-03-20
ITM,VanEck Vectors AMT-Free Intermediate Municipal Index ETF,2020-03-20
JCPB,JPMorgan Core Plus Bond ETF,2020-03-20
LSLT,Salt Low truBeta US Market ETF,2020-03-20
NUDM,Nuveen ESG International Developed Markets Equity ETF,2020-03-20
NUEM,Nuveen ESG Emerging Markets Equity ETF,2020-03-20
OILK,ProShares K-1 Free Crude Oil Strategy ETF,2020-03-20
PAPR,Innovator S&P 500 Power Buffer ETF - April,2020-03-20
PMAR,Innovator S&P 500 Power Buffer ETF - March,2020-03-20
POCT,Innovator S&P 500 Power Buffer ETF - October,2020-03-20
PREF,Principal Spectrum Preferred Securities Active ETF,2020-03-20
RSX,VanEck Vectors Russia ETF,2020-03-20
UAUG,Innovator S&P 500 Ultra Buffer ETF - August,2020-03-20
UDEC,Innovator S&P 500 Ultra Buffer ETF - December,2020-03-20
UFEB,Innovator S&P 500 Ultra Buffer ETF - February,2020-03-20
UMAR,Innovator S&P 500 Ultra Buffer ETF - March,2020-03-20
VFVA,Vanguard U.S. Value Factor ETF,2020-03-20
VXX,iPath Series B S&P 500 VIX Short-Term Futures ETN,2020-03-20
BDEC,Innovator S&P 500 Buffer ETF - December,2019-12-19
EFAD,ProShares MSCI EAFE Dividend Growers ETF,2019-12-19
IEDI,iShares Evolved U.S. Discretionary Spending ETF,2019-12-19
PDEC,Innovator S&P 500 Power Buffer ETF - December,2019-12-19
PNOV,Innovator S&P 500 Power Buffer ETF - November,2019-12-19
UDEC,Innovator S&P 500 Ultra Buffer ETF - December,2019-12-19
BBUS,JPMorgan BetaBuilders U.S. Equity ETF,2020-03-23
BJUL,Innovator S&P 500 Buffer ETF - July,2020-03-23
BMAR,Innovator S&P 500 Buffer ETF - March,2020-03-23
DEFA,iShares Adaptive Currency Hedged MSCI EAFE ETF,2020-03-23
DFND,Reality Shares DIVCON Dividend Defender ETF,2020-03-23
DIVB,iShares U.S. Dividend and Buyback ETF,2020-03-23
ESML,iShares ESG MSCI USA Small-Cap ETF,2020-03-23
EXIV,VelocityShares 1x Daily Inverse VSTOXX Futures ETN,2020-03-23
GSEW,Goldman Sachs Equal Weight U.S. Large Cap Equity ETF,2020-03-23
IGHG,ProShares Investment Grade-Interest Rate Hedged,2020-03-23
IGV,iShares Expanded Tech-Software Sector ETF,2020-03-23
ITM,VanEck Vectors AMT-Free Intermediate Municipal Index ETF,2020-03-23
JCPB,JPMorgan Core Plus Bond ETF,2020-03-23
LSLT,Salt Low truBeta US Market ETF,2020-03-23
NUDM,Nuveen ESG International Developed Markets Equity ETF,2020-03-23
NUEM,Nuveen ESG Emerging Markets Equity ETF,2020-03-23
OILK,ProShares K-1 Free Crude Oil Strategy ETF,2020-03-23
PAPR,Innovator S&P 500 Power Buffer ETF - April,2020-03-23
PMAR,Innovator S&P 500 Power Buffer ETF - March,2020-03-23
POCT,Innovator S&P 500 Power Buffer ETF - October,2020-03-23
PREF,Principal Spectrum Preferred Securities Active ETF,2020-03-23
RSX,VanEck Vectors Russia ETF,2020-03-23
SMMD,iShares Russell 2500 ETF,2020-03-23
TILT,FlexShares Morningstar US Market Factor Tilt Index Fund,2020-03-23
UAUG,Innovator S&P 500 Ultra Buffer ETF - August,2020-03-23
UDEC,Innovator S&P 500 Ultra Buffer ETF - December,2020-03-23
UFEB,Innovator S&P 500 Ultra Buffer ETF - February,2020-03-23
UMAR,Innovator S&P 500 Ultra Buffer ETF - March,2020-03-23
VFVA,Vanguard U.S. Value Factor ETF,2020-03-23
VXX,iPath Series B S&P 500 VIX Short-Term Futures ETN,2020-03-23
BBUS,JPMorgan BetaBuilders U.S. Equity ETF,2020-03-24
BJUL,Innovator S&P 500 Buffer ETF - July,2020-03-24
DEFA,iShares Adaptive Currency Hedged MSCI EAFE ETF,2020-03-24
DFND,Reality Shares DIVCON Dividend Defender ETF,2020-03-24
DIVB,iShares U.S. Dividend and Buyback ETF,2020-03-24
ESML,iShares ESG MSCI USA Small-Cap ETF,2020-03-24
EXIV,VelocityShares 1x Daily Inverse VSTOXX Futures ETN,2020-03-24
IGHG,ProShares Investment Grade-Interest Rate Hedged,2020-03-24
IGV,iShares Expanded Tech-Software Sector ETF,2020-03-24
JCPB,JPMorgan Core Plus Bond ETF,2020-03-24
NUDM,Nuveen ESG International Developed Markets Equity ETF,2020-03-24
NUEM,Nuveen ESG Emerging Markets Equity ETF,2020-03-24
OILK,ProShares K-1 Free Crude Oil Strategy ETF,2020-03-24
PAPR,Innovator S&P 500 Power Buffer ETF - April,2020-03-24
PMAR,Innovator S&P 500 Power Buffer ETF - March,2020-03-24
POCT,Innovator S&P 500 Power Buffer ETF - October,2020-03-24
PREF,Principal Spectrum Preferred Securities Active ETF,2020-03-24
RSX,VanEck Vectors Russia ETF,2020-03-24
SMMD,iShares Russell 2500 ETF,2020-03-24
TILT,FlexShares Morningstar US Market Factor Tilt Index Fund,2020-03-24
UAUG,Innovator S&P 500 Ultra Buffer ETF - August,2020-03-24
UFEB,Innovator S&P 500 Ultra Buffer ETF - February,2020-03-24
UMAR,Innovator S&P 500 Ultra Buffer ETF - March,2020-03-24
VFVA,Vanguard U.S. Value Factor ETF,2020-03-24
VXX,iPath Series B S&P 500 VIX Short-Term Futures ETN,2020-03-24
BBUS,JPMorgan BetaBuilders U.S. Equity ETF,2020-03-25
BJUL,Innovator S&P 500 Buffer ETF - July,2020-03-25
DEFA,iShares Adaptive Currency Hedged MSCI EAFE ETF,2020-03-25
DFND,Reality Shares DIVCON Dividend Defender ETF,2020-03-25
DIVB,iShares U.S. Dividend and Buyback ETF,2020-03-25
EMTL,SPDR DoubleLine Emerging Markets Fixed Income ETF,2020-03-25
ESML,iShares ESG MSCI USA Small-Cap ETF,2020-03-25
EXIV,VelocityShares 1x Daily Inverse VSTOXX Futures ETN,2020-03-25
IGHG,ProShares Investment Grade-Interest Rate Hedged,2020-03-25
IGV,iShares Expanded Tech-Software Sector ETF,2020-03-25
JCPB,JPMorgan Core Plus Bond ETF,2020-03-25
NUDM,Nuveen ESG International Developed Markets Equity ETF,2020-03-25
NUEM,Nuveen ESG Emerging Markets Equity ETF,2020-03-25
OILK,ProShares K-1 Free Crude Oil Strategy ETF,2020-03-25
PAPR,Innovator S&P 500 Power Buffer ETF - April,2020-03-25
PMAR,Innovator S&P 500 Power Buffer ETF - March,2020-03-25
POCT,Innovator S&P 500 Power Buffer ETF - October,2020-03-25
RSX,VanEck Vectors Russia ETF,2020-03-25
SMMD,iShares Russell 2500 ETF,2020-03-25
TILT,FlexShares Morningstar US Market Factor Tilt Index Fund,2020-03-25
UAUG,Innovator S&P 500 Ultra Buffer ETF - August,2020-03-25
UMAR,Innovator S&P 500 Ultra Buffer ETF - March,2020-03-25
VFVA,Vanguard U.S. Value Factor ETF,2020-03-25
VXX,iPath Series B S&P 500 VIX Short-Term Futures ETN,2020-03-25
BJUL,Innovator S&P 500 Buffer ETF - July,2020-03-26
DEFA,iShares Adaptive Currency Hedged MSCI EAFE ETF,2020-03-26
DFND,Reality Shares DIVCON Dividend Defender ETF,2020-03-26
DIVB,iShares U.S. Dividend and Buyback ETF,2020-03-26
EMTL,SPDR DoubleLine Emerging Markets Fixed Income ETF,2020-03-26
ESML,iShares ESG MSCI USA Small-Cap ETF,2020-03-26
EXIV,VelocityShares 1x Daily Inverse VSTOXX Futures ETN,2020-03-26
IGHG,ProShares Investment Grade-Interest Rate Hedged,2020-03-26
IGV,iShares Expanded Tech-Software Sector ETF,2020-03-26
JCPB,JPMorgan Core Plus Bond ETF,2020-03-26
NUDM,Nuveen ESG International Developed Markets Equity ETF,2020-03-26
NUEM,Nuveen ESG Emerging Markets Equity ETF,2020-03-26
OILK,ProShares K-1 Free Crude Oil Strategy ETF,2020-03-26
PAPR,Innovator S&P 500 Power Buffer ETF - April,2020-03-26
POCT,Innovator S&P 500 Power Buffer ETF - October,2020-03-26
RSX,VanEck Vectors Russia ETF,2020-03-26
SMMD,iShares Russell 2500 ETF,2020-03-26
TILT,FlexShares Morningstar US Market Factor Tilt Index Fund,2020-03-26
UAUG,Innovator S&P 500 Ultra Buffer ETF - August,2020-03-26
UJUL,Innovator S&P 500 Ultra Buffer ETF - July,2020-03-26
UMAR,Innovator S&P 500 Ultra Buffer ETF - March,2020-03-26
VFVA,Vanguard U.S. Value Factor ETF,2020-03-26
VXX,iPath Series B S&P 500 VIX Short-Term Futures ETN,2020-03-26
VXZ,iPath Series B S&P 500 VIX Mid-Term Futures ETN,2020-03-26
BJUL,Innovator S&P 500 Buffer ETF - July,2020-03-27
DEFA,iShares Adaptive Currency Hedged MSCI EAFE ETF,2020-03-27
DFND,Reality Shares DIVCON Dividend Defender ETF,2020-03-27
DIVB,iShares U.S. Dividend and Buyback ETF,2020-03-27
EMGF,iShares Edge MSCI Multifactor Emerging Markets ETF,2020-03-27
EMTL,SPDR DoubleLine Emerging Markets Fixed Income ETF,2020-03-27
ESML,iShares ESG MSCI USA Small-Cap ETF,2020-03-27
EXIV,VelocityShares 1x Daily Inverse VSTOXX Futures ETN,2020-03-27
IBMO,iShares iBonds Dec 2026 Term Muni Bond ETF,2020-03-27
IBMQ,iShares iBonds Dec 2028 Term Muni Bond ETF,2020-03-27
IGHG,ProShares Investment Grade-Interest Rate Hedged,2020-03-27
IGV,iShares Expanded Tech-Software Sector ETF,2020-03-27
JCPB,JPMorgan Core Plus Bond ETF,2020-03-27
JMST,JPMorgan Ultra-Short Municipal Income ETF,2020-03-27
NUDM,Nuveen ESG International Developed Markets Equity ETF,2020-03-27
NUEM,Nuveen ESG Emerging Markets Equity ETF,2020-03-27
OILK,ProShares K-1 Free Crude Oil Strategy ETF,2020-03-27
PAPR,Innovator S&P 500 Power Buffer ETF - April,2020-03-27
POCT,Innovator S&P 500 Power Buffer ETF - October,2020-03-27
RSX,VanEck Vectors Russia ETF,2020-03-27
SMMD,iShares Russell 2500 ETF,2020-03-27
TILT,FlexShares Morningstar US Market Factor Tilt Index Fund,2020-03-27
UAUG,Innovator S&P 500 Ultra Buffer ETF - August,2020-03-27
UJUL,Innovator S&P 500 Ultra Buffer ETF - July,2020-03-27
UMAR,Innovator S&P 500 Ultra Buffer ETF - March,2020-03-27
VFQY,Vanguard U.S. Quality Factor ETF,2020-03-27
VFVA,Vanguard U.S. Value Factor ETF,2020-03-27
VXX,iPath Series B S&P 500 VIX Short-Term Futures ETN,2020-03-27
VXZ,iPath Series B S&P 500 VIX Mid-Term Futures ETN,2020-03-27
DEFA,iShares Adaptive Currency Hedged MSCI EAFE ETF,2020-03-30
DFND,Reality Shares DIVCON Dividend Defender ETF,2020-03-30
DIVB,iShares U.S. Dividend and Buyback ETF,2020-03-30
EMGF,iShares Edge MSCI Multifactor Emerging Markets ETF,2020-03-30
EMTL,SPDR DoubleLine Emerging Markets Fixed Income ETF,2020-03-30
ESML,iShares ESG MSCI USA Small-Cap ETF,2020-03-30
EXIV,VelocityShares 1x Daily Inverse VSTOXX Futures ETN,2020-03-30
IBMO,iShares iBonds Dec 2026 Term Muni Bond ETF,2020-03-30
IBMQ,iShares iBonds Dec 2028 Term Muni Bond ETF,2020-03-30
IGV,iShares Expanded Tech-Software Sector ETF,2020-03-30
JCPB,JPMorgan Core Plus Bond ETF,2020-03-30
JMST,JPMorgan Ultra-Short Municipal Income ETF,2020-03-30
NUDM,Nuveen ESG International Developed Markets Equity ETF,2020-03-30
OILK,ProShares K-1 Free Crude Oil Strategy ETF,2020-03-30
POCT,Innovator S&P 500 Power Buffer ETF - October,2020-03-30
RSX,VanEck Vectors Russia ETF,2020-03-30
SMMD,iShares Russell 2500 ETF,2020-03-30
TILT,FlexShares Morningstar US Market Factor Tilt Index Fund,2020-03-30
UJUL,Innovator S&P 500 Ultra Buffer ETF - July,2020-03-30
UMAR,Innovator S&P 500 Ultra Buffer ETF - March,2020-03-30
VFQY,Vanguard U.S. Quality Factor ETF,2020-03-30
VFVA,Vanguard U.S. Value Factor ETF,2020-03-30
VXX,iPath Series B S&P 500 VIX Short-Term Futures ETN,2020-03-30
VXZ,iPath Series B S&P 500 VIX Mid-Term Futures ETN,2020-03-30
DEFA,iShares Adaptive Currency Hedged MSCI EAFE ETF,2020-03-31
DFND,Reality Shares DIVCON Dividend Defender ETF,2020-03-31
DIVB,iShares U.S. Dividend and Buyback ETF,2020-03-31
EMGF,iShares Edge MSCI Multifactor Emerging Markets ETF,2020-03-31
EMTL,SPDR DoubleLine Emerging Markets Fixed Income ETF,2020-03-31
ENOR,iShares MSCI Norway ETF,2020-03-31
ESML,iShares ESG MSCI USA Small-Cap ETF,2020-03-31
EXIV,VelocityShares 1x Daily Inverse VSTOXX Futures ETN,2020-03-31
IBMO,iShares iBonds Dec 2026 Term Muni Bond ETF,2020-03-31
IBMQ,iShares iBonds Dec 2028 Term Muni Bond ETF,2020-03-31
IGV,iShares Expanded Tech-Software Sector ETF,2020-03-31
JCPB,JPMorgan Core Plus Bond ETF,2020-03-31
JMST,JPMorgan Ultra-Short Municipal Income ETF,2020-03-31
NUDM,Nuveen ESG International Developed Markets Equity ETF,2020-03-31
OILK,ProShares K-1 Free Crude Oil Strategy ETF,2020-03-31
POCT,Innovator S&P 500 Power Buffer ETF - October,2020-03-31
RSX,VanEck Vectors Russia ETF,2020-03-31
SMMD,iShares Russell 2500 ETF,2020-03-31
UJUL,Innovator S&P 500 Ultra Buffer ETF - July,2020-03-31
UMAR,Innovator S&P 500 Ultra Buffer ETF - March,2020-03-31
VFQY,Vanguard U.S. Quality Factor ETF,2020-03-31
VFVA,Vanguard U.S. Value Factor ETF,2020-03-31
VXX,iPath Series B S&P 500 VIX Short-Term Futures ETN,2020-03-31
VXZ,iPath Series B S&P 500 VIX Mid-Term Futures ETN,2020-03-31
AESR,Anfield U.S. Equity Sector Rotation ETF,2020-04-01
DEFA,iShares Adaptive Currency Hedged MSCI EAFE ETF,2020-04-01
DFND,Reality Shares DIVCON Dividend Defender ETF,2020-04-01
DIVB,iShares U.S. Dividend and Buyback ETF,2020-04-01
EMGF,iShares Edge MSCI Multifactor Emerging Markets ETF,2020-04-01
EMTL,SPDR DoubleLine Emerging Markets Fixed Income ETF,2020-04-01
ENOR,iShares MSCI Norway ETF,2020-04-01
ESML,iShares ESG MSCI USA Small-Cap ETF,2020-04-01
EXIV,VelocityShares 1x Daily Inverse VSTOXX Futures ETN,2020-04-01
IBMO,iShares iBonds Dec 2026 Term Muni Bond ETF,2020-04-01
IBMQ,iShares iBonds Dec 2028 Term Muni Bond ETF,2020-04-01
IGV,iShares Expanded Tech-Software Sector ETF,2020-04-01
JCPB,JPMorgan Core Plus Bond ETF,2020-04-01
JMST,JPMorgan Ultra-Short Municipal Income ETF,2020-04-01
NUDM,Nuveen ESG International Developed Markets Equity ETF,2020-04-01
OILK,ProShares K-1 Free Crude Oil Strategy ETF,2020-04-01
POCT,Innovator S&P 500 Power Buffer ETF - October,2020-04-01
RSX,VanEck Vectors Russia ETF,2020-04-01
SMMD,iShares Russell 2500 ETF,2020-04-01
UJUL,Innovator S&P 500 Ultra Buffer ETF - July,2020-04-01
UMAR,Innovator S&P 500 Ultra Buffer ETF - March,2020-04-01
VFQY,Vanguard U.S. Quality Factor ETF,2020-04-01
VFVA,Vanguard U.S. Value Factor ETF,2020-04-01
VXX,iPath Series B S&P 500 VIX Short-Term Futures ETN,2020-04-01
VXZ,iPath Series B S&P 500 VIX Mid-Term Futures ETN,2020-04-01
AESR,Anfield U.S. Equity Sector Rotation ETF,2020-04-02
BAPR,Innovator S&P 500 Buffer ETF - April,2020-04-02
DFND,Reality Shares DIVCON Dividend Defender ETF,2020-04-02
DIVB,iShares U.S. Dividend and Buyback ETF,2020-04-02
EMGF,iShares Edge MSCI Multifactor Emerging Markets ETF,2020-04-02
EMTL,SPDR DoubleLine Emerging Markets Fixed Income ETF,2020-04-02
ENOR,iShares MSCI Norway ETF,2020-04-02
ESML,iShares ESG MSCI USA Small-Cap ETF,2020-04-02
EXIV,VelocityShares 1x Daily Inverse VSTOXX Futures ETN,2020-04-02
GSEW,Goldman Sachs Equal Weight U.S. Large Cap Equity ETF,2020-04-02
IBMO,iShares iBonds Dec 2026 Term Muni Bond ETF,2020-04-02
IBMQ,iShares iBonds Dec 2028 Term Muni Bond ETF,2020-04-02
IGV,iShares Expanded Tech-Software Sector ETF,2020-04-02
JCPB,JPMorgan Core Plus Bond ETF,2020-04-02
JMST,JPMorgan Ultra-Short Municipal Income ETF,2020-04-02
NUDM,Nuveen ESG International Developed Markets Equity ETF,2020-04-02
OILK,ProShares K-1 Free Crude Oil Strategy ETF,2020-04-02
PBUS,Invesco PureBeta MSCI USA ETF,2020-04-02
RSX,VanEck Vectors Russia ETF,2020-04-02
SMMD,iShares Russell 2500 ETF,2020-04-02
UJUL,Innovator S&P 500 Ultra Buffer ETF - July,2020-04-02
UMAR,Innovator S&P 500 Ultra Buffer ETF - March,2020-04-02
VFQY,Vanguard U.S. Quality Factor ETF,2020-04-02
VFVA,Vanguard U.S. Value Factor ETF,2020-04-02
VXX,iPath Series B S&P 500 VIX Short-Term Futures ETN,2020-04-02
VXZ,iPath Series B S&P 500 VIX Mid-Term Futures ETN,2020-04-02
AESR,Anfield U.S. Equity Sector Rotation ETF,2020-04-03
BAPR,Innovator S&P 500 Buffer ETF - April,2020-04-03
DFND,Reality Shares DIVCON Dividend Defender ETF,2020-04-03
DIVB,iShares U.S. Dividend and Buyback ETF,2020-04-03
EMGF,iShares Edge MSCI Multifactor Emerging Markets ETF,2020-04-03
EMTL,SPDR DoubleLine Emerging Markets Fixed Income ETF,2020-04-03
ENOR,iShares MSCI Norway ETF,2020-04-03
ESML,iShares ESG MSCI USA Small-Cap ETF,2020-04-03
EXIV,VelocityShares 1x Daily Inverse VSTOXX Futures ETN,2020-04-03
GSEW,Goldman Sachs Equal Weight U.S. Large Cap Equity ETF,2020-04-03
IBMO,iShares iBonds Dec 2026 Term Muni Bond ETF,2020-04-03
IBMQ,iShares iBonds Dec 2028 Term Muni Bond ETF,2020-04-03
IGV,iShares Expanded Tech-Software Sector ETF,2020-04-03
JCPB,JPMorgan Core Plus Bond ETF,2020-04-03
JMST,JPMorgan Ultra-Short Municipal Income ETF,2020-04-03
NUDM,Nuveen ESG International Developed Markets Equity ETF,2020-04-03
OILK,ProShares K-1 Free Crude Oil Strategy ETF,2020-04-03
PBUS,Invesco PureBeta MSCI USA ETF,2020-04-03
RSX,VanEck Vectors Russia ETF,2020-04-03
SMMD,iShares Russell 2500 ETF,2020-04-03
UJUL,Innovator S&P 500 Ultra Buffer ETF - July,2020-04-03
UMAR,Innovator S&P 500 Ultra Buffer ETF - March,2020-04-03
VFQY,Vanguard U.S. Quality Factor ETF,2020-04-03
VFVA,Vanguard U.S. Value Factor ETF,2020-04-03
VXX,iPath Series B S&P 500 VIX Short-Term Futures ETN,2020-04-03
VXZ,iPath Series B S&P 500 VIX Mid-Term Futures ETN,2020-04-03
ADME,Aptus Drawdown Managed Equity ETF,2020-04-06
AESR,Anfield U.S. Equity Sector Rotation ETF,2020-04-06
BAPR,Innovator S&P 500 Buffer ETF - April,2020-04-06
DFND,Reality Shares DIVCON Dividend Defender ETF,2020-04-06
DIVB,iShares U.S. Dividend and Buyback ETF,2020-04-06
EMGF,iShares Edge MSCI Multifactor Emerging Markets ETF,2020-04-06
EMTL,SPDR DoubleLine Emerging Markets Fixed Income ETF,2020-04-06
ENOR,iShares MSCI Norway ETF,2020-04-06
ESML,iShares ESG MSCI USA Small-Cap ETF,2020-04-06
EXIV,VelocityShares 1x Daily Inverse VSTOXX Futures ETN,2020-04-06
GSEW,Goldman Sachs Equal Weight U.S. Large Cap Equity ETF,2020-04-06
IBMO,iShares iBonds Dec 2026 Term Muni Bond ETF,2020-04-06
IBMQ,iShares iBonds Dec 2028 Term Muni Bond ETF,2020-04-06
IGV,iShares Expanded Tech-Software Sector ETF,2020-04-06
JCPB,JPMorgan Core Plus Bond ETF,2020-04-06
JMST,JPMorgan Ultra-Short Municipal Income ETF,2020-04-06
NUDM,Nuveen ESG International Developed Markets Equity ETF,2020-04-06
OILK,ProShares K-1 Free Crude Oil Strategy ETF,2020-04-06
PBUS,Invesco PureBeta MSCI USA ETF,2020-04-06
RSX,VanEck Vectors Russia ETF,2020-04-06
SMMD,iShares Russell 2500 ETF,2020-04-06
UJUL,Innovator S&P 500 Ultra Buffer ETF - July,2020-04-06
UMAR,Innovator S&P 500 Ultra Buffer ETF - March,2020-04-06
VFQY,Vanguard U.S. Quality Factor ETF,2020-04-06
VFVA,Vanguard U.S. Value Factor ETF,2020-04-06
VXX,iPath Series B S&P 500 VIX Short-Term Futures ETN,2020-04-06
VXZ,iPath Series B S&P 500 VIX Mid-Term Futures ETN,2020-04-06
ADME,Aptus Drawdown Managed Equity ETF,2020-04-07
AESR,Anfield U.S. Equity Sector Rotation ETF,2020-04-07
BAPR,Innovator S&P 500 Buffer ETF - April,2020-04-07
DFND,Reality Shares DIVCON Dividend Defender ETF,2020-04-07
DIVB,iShares U.S. Dividend and Buyback ETF,2020-04-07
EMGF,iShares Edge MSCI Multifactor Emerging Markets ETF,2020-04-07
EMTL,SPDR DoubleLine Emerging Markets Fixed Income ETF,2020-04-07
ENOR,iShares MSCI Norway ETF,2020-04-07
ESML,iShares ESG MSCI USA Small-Cap ETF,2020-04-07
GSEW,Goldman Sachs Equal Weight U.S. Large Cap Equity ETF,2020-04-07
IGV,iShares Expanded Tech-Software Sector ETF,2020-04-07
JCPB,JPMorgan Core Plus Bond ETF,2020-04-07
JMST,JPMorgan Ultra-Short Municipal Income ETF,2020-04-07
NUDM,Nuveen ESG International Developed Markets Equity ETF,2020-04-07
OILK,ProShares K-1 Free Crude Oil Strategy ETF,2020-04-07
PBUS,Invesco PureBeta MSCI USA ETF,2020-04-07
RSX,VanEck Vectors Russia ETF,2020-04-07
SMMD,iShares Russell 2500 ETF,2020-04-07
TCTL,Premise Capital Diversified Tactical ETF,2020-04-07
UJUL,Innovator S&P 500 Ultra Buffer ETF - July,2020-04-07
UMAR,Innovator S&P 500 Ultra Buffer ETF - March,2020-04-07
VFQY,Vanguard U.S. Quality Factor ETF,2020-04-07
VFVA,Vanguard U.S. Value Factor ETF,2020-04-07
VXX,iPath Series B S&P 500 VIX Short-Term Futures ETN,2020-04-07
VXZ,iPath Series B S&P 500 VIX Mid-Term Futures ETN,2020-04-07
ADME,Aptus Drawdown Managed Equity ETF,2020-04-08
AESR,Anfield U.S. Equity Sector Rotation ETF,2020-04-08
BAPR,Innovator S&P 500 Buffer ETF - April,2020-04-08
BBEU,JPMorgan BetaBuilders Europe ETF,2020-04-08
DFND,Reality Shares DIVCON Dividend Defender ETF,2020-04-08
DIVB,iShares U.S. Dividend and Buyback ETF,2020-04-08
EMGF,iShares Edge MSCI Multifactor Emerging Markets ETF,2020-04-08
EMTL,SPDR DoubleLine Emerging Markets Fixed Income ETF,2020-04-08
ENOR,iShares MSCI Norway ETF,2020-04-08
ESML,iShares ESG MSCI USA Small-Cap ETF,2020-04-08
GSEW,Goldman Sachs Equal Weight U.S. Large Cap Equity ETF,2020-04-08
IEIH,iShares Evolved U.S. Innovative Healthcare ETF,2020-04-08
IGV,iShares Expanded Tech-Software Sector ETF,2020-04-08
JCPB,JPMorgan Core Plus Bond ETF,2020-04-08
JMST,JPMorgan Ultra-Short Municipal Income ETF,2020-04-08
NUDM,Nuveen ESG International Developed Markets Equity ETF,2020-04-08
OILK,ProShares K-1 Free Crude Oil Strategy ETF,2020-04-08
PBUS,Invesco PureBeta MSCI USA ETF,2020-04-08
RSX,VanEck Vectors Russia ETF,2020-04-08
SMMD,iShares Russell 2500 ETF,2020-04-08
TCTL,Premise Capital Diversified Tactical ETF,2020-04-08
UJUL,Innovator S&P 500 Ultra Buffer ETF - July,2020-04-08
UMAR,Innovator S&P 500 Ultra Buffer ETF - March,2020-04-08
VFQY,Vanguard U.S. Quality Factor ETF,2020-04-08
VXX,iPath Series B S&P 500 VIX Short-Term Futures ETN,2020-04-08
VXZ,iPath Series B S&P 500 VIX Mid-Term Futures ETN,2020-04-08
ADME,Aptus Drawdown Managed Equity ETF,2020-04-09
AESR,Anfield U.S. Equity Sector Rotation ETF,2020-04-09
BAPR,Innovator S&P 500 Buffer ETF - April,2020-04-09
BBEU,JPMorgan BetaBuilders Europe ETF,2020-04-09
BJUN,Innovator S&P 500 Buffer ETF - June,2020-04-09
DFND,Reality Shares DIVCON Dividend Defender ETF,2020-04-09
DIVB,iShares U.S. Dividend and Buyback ETF,2020-04-09
EMGF,iShares Edge MSCI Multifactor Emerging Markets ETF,2020-04-09
EMTL,SPDR DoubleLine Emerging Markets Fixed Income ETF,2020-04-09
ENOR,iShares MSCI Norway ETF,2020-04-09
ESML,iShares ESG MSCI USA Small-Cap ETF,2020-04-09
GSEW,Goldman Sachs Equal Weight U.S. Large Cap Equity ETF,2020-04-09
IEIH,iShares Evolved U.S. Innovative Healthcare ETF,2020-04-09
JCPB,JPMorgan Core Plus Bond ETF,2020-04-09
JMST,JPMorgan Ultra-Short Municipal Income ETF,2020-04-09
NUDM,Nuveen ESG International Developed Markets Equity ETF,2020-04-09
OILK,ProShares K-1 Free Crude Oil Strategy ETF,2020-04-09
PBUS,Invesco PureBeta MSCI USA ETF,2020-04-09
RSX,VanEck Vectors Russia ETF,2020-04-09
SMMD,iShares Russell 2500 ETF,2020-04-09
TCTL,Premise Capital Diversified Tactical ETF,2020-04-09
UAUG,Innovator S&P 500 Ultra Buffer ETF - August,2020-04-09
UJUL,Innovator S&P 500 Ultra Buffer ETF - July,2020-04-09
UMAR,Innovator S&P 500 Ultra Buffer ETF - March,2020-04-09
VFQY,Vanguard U.S. Quality Factor ETF,2020-04-09
VXX,iPath Series B S&P 500 VIX Short-Term Futures ETN,2020-04-09
VXZ,iPath Series B S&P 500 VIX Mid-Term Futures ETN,2020-04-09
ADME,Aptus Drawdown Managed Equity ETF,2020-04-13
BAPR,Innovator S&P 500 Buffer ETF - April,2020-04-13
BBEU,JPMorgan BetaBuilders Europe ETF,2020-04-13
BJUN,Innovator S&P 500 Buffer ETF - June,2020-04-13
DIVB,iShares U.S. Dividend and Buyback ETF,2020-04-13
EMGF,iShares Edge MSCI Multifactor Emerging Markets ETF,2020-04-13
ESML,iShares ESG MSCI USA Small-Cap ETF,2020-04-13
GSEW,Goldman Sachs Equal Weight U.S. Large Cap Equity ETF,2020-04-13
IEIH,iShares Evolved U.S. Innovative Healthcare ETF,2020-04-13
JCPB,JPMorgan Core Plus Bond ETF,2020-04-13
JMST,JPMorgan Ultra-Short Municipal Income ETF,2020-04-13
NUDM,Nuveen ESG International Developed Markets Equity ETF,2020-04-13
OILK,ProShares K-1 Free Crude Oil Strategy ETF,2020-04-13
RSX,VanEck Vectors Russia ETF,2020-04-13
SMMD,iShares Russell 2500 ETF,2020-04-13
TCTL,Premise Capital Diversified Tactical ETF,2020-04-13
UAUG,Innovator S&P 500 Ultra Buffer ETF - August,2020-04-13
UJUL,Innovator S&P 500 Ultra Buffer ETF - July,2020-04-13
UMAR,Innovator S&P 500 Ultra Buffer ETF - March,2020-04-13
VFQY,Vanguard U.S. Quality Factor ETF,2020-04-13
VXX,iPath Series B S&P 500 VIX Short-Term Futures ETN,2020-04-13
ADME,Aptus Drawdown Managed Equity ETF,2020-04-14
BAPR,Innovator S&P 500 Buffer ETF - April,2020-04-14
BBEU,JPMorgan BetaBuilders Europe ETF,2020-04-14
BJUN,Innovator S&P 500 Buffer ETF - June,2020-04-14
DIVB,iShares U.S. Dividend and Buyback ETF,2020-04-14
EMGF,iShares Edge MSCI Multifactor Emerging Markets ETF,2020-04-14
ESML,iShares ESG MSCI USA Small-Cap ETF,2020-04-14
IEIH,iShares Evolved U.S. Innovative Healthcare ETF,2020-04-14
JCPB,JPMorgan Core Plus Bond ETF,2020-04-14
JMST,JPMorgan Ultra-Short Municipal Income ETF,2020-04-14
NUDM,Nuveen ESG International Developed Markets Equity ETF,2020-04-14
OILK,ProShares K-1 Free Crude Oil Strategy ETF,2020-04-14
SMMD,iShares Russell 2500 ETF,2020-04-14
TCTL,Premise Capital Diversified Tactical ETF,2020-04-14
UAPR,Innovator S&P 500 Ultra Buffer ETF - April,2020-04-14
UAUG,Innovator S&P 500 Ultra Buffer ETF - August,2020-04-14
UJUL,Innovator S&P 500 Ultra Buffer ETF - July,2020-04-14
UMAR,Innovator S&P 500 Ultra Buffer ETF - March,2020-04-14
VFQY,Vanguard U.S. Quality Factor ETF,2020-04-14
VXX,iPath Series B S&P 500 VIX Short-Term Futures ETN,2020-04-14
ADME,Aptus Drawdown Managed Equity ETF,2020-04-15
BBEU,JPMorgan BetaBuilders Europe ETF,2020-04-15
BBUS,JPMorgan BetaBuilders U.S. Equity ETF,2020-04-15
BJUN,Innovator S&P 500 Buffer ETF - June,2020-04-15
DIVB,iShares U.S. Dividend and Buyback ETF,2020-04-15
ESML,iShares ESG MSCI USA Small-Cap ETF,2020-04-15
IEIH,iShares Evolved U.S. Innovative Healthcare ETF,2020-04-15
JCPB,JPMorgan Core Plus Bond ETF,2020-04-15
JMST,JPMorgan Ultra-Short Municipal Income ETF,2020-04-15
NUDM,Nuveen ESG International Developed Markets Equity ETF,2020-04-15
OILK,ProShares K-1 Free Crude Oil Strategy ETF,2020-04-15
SMMD,iShares Russell 2500 ETF,2020-04-15
TBLU,Tortoise Global Water ESG Fund,2020-04-15
TCTL,Premise Capital Diversified Tactical ETF,2020-04-15
UAPR,Innovator S&P 500 Ultra Buffer ETF - April,2020-04-15
UAUG,Innovator S&P 500 Ultra Buffer ETF - August,2020-04-15
UJUL,Innovator S&P 500 Ultra Buffer ETF - July,2020-04-15
UMAR,Innovator S&P 500 Ultra Buffer ETF - March,2020-04-15
VFQY,Vanguard U.S. Quality Factor ETF,2020-04-15
VXX,iPath Series B S&P 500 VIX Short-Term Futures ETN,2020-04-15
ADME,Aptus Drawdown Managed Equity ETF,2020-04-16
BBEU,JPMorgan BetaBuilders Europe ETF,2020-04-16
BBUS,JPMorgan BetaBuilders U.S. Equity ETF,2020-04-16
BJUN,Innovator S&P 500 Buffer ETF - June,2020-04-16
DIVB,iShares U.S. Dividend and Buyback ETF,2020-04-16
ESML,iShares ESG MSCI USA Small-Cap ETF,2020-04-16
IEIH,iShares Evolved U.S. Innovative Healthcare ETF,2020-04-16
JCPB,JPMorgan Core Plus Bond ETF,2020-04-16
NUDM,Nuveen ESG International Developed Markets Equity ETF,2020-04-16
OILK,ProShares K-1 Free Crude Oil Strategy ETF,2020-04-16
SMMD,iShares Russell 2500 ETF,2020-04-16
TBLU,Tortoise Global Water ESG Fund,2020-04-16
TCTL,Premise Capital Diversified Tactical ETF,2020-04-16
UAPR,Innovator S&P 500 Ultra Buffer ETF - April,2020-04-16
UAUG,Innovator S&P 500 Ultra Buffer ETF - August,2020-04-16
UJUL,Innovator S&P 500 Ultra Buffer ETF - July,2020-04-16
VFQY,Vanguard U.S. Quality Factor ETF,2020-04-16
VSGX,Vanguard ESG International Stock ETF,2020-04-16
VXX,iPath Series B S&P 500 VIX Short-Term Futures ETN,2020-04-16
ADME,Aptus Drawdown Managed Equity ETF,2020-04-17
BBEU,JPMorgan BetaBuilders Europe ETF,2020-04-17
BBUS,JPMorgan BetaBuilders U.S. Equity ETF,2020-04-17
BJUN,Innovator S&P 500 Buffer ETF - June,2020-04-17
DIVB,iShares U.S. Dividend and Buyback ETF,2020-04-17
ESML,iShares ESG MSCI USA Small-Cap ETF,2020-04-17
IEIH,iShares Evolved U.S. Innovative Healthcare ETF,2020-04-17
NUDM,Nuveen ESG International Developed Markets Equity ETF,2020-04-17
NUMV,Nuveen ESG Mid-Cap Value ETF,2020-04-17
OILK,ProShares K-1 Free Crude Oil Strategy ETF,2020-04-17
SMMD,iShares Russell 2500 ETF,2020-04-17
TBLU,Tortoise Global Water ESG Fund,2020-04-17
UAPR,Innovator S&P 500 Ultra Buffer ETF - April,2020-04-17
UAUG,Innovator S&P 500 Ultra Buffer ETF - August,2020-04-17
UJUL,Innovator S&P 500 Ultra Buffer ETF - July,2020-04-17
VFQY,Vanguard U.S. Quality Factor ETF,2020-04-17
VSGX,Vanguard ESG International Stock ETF,2020-04-17
VXX,iPath Series B S&P 500 VIX Short-Term Futures ETN,2020-04-17
ADME,Aptus Drawdown Managed Equity ETF,2020-04-20
BBEU,JPMorgan BetaBuilders Europe ETF,2020-04-20
BBUS,JPMorgan BetaBuilders U.S. Equity ETF,2020-04-20
BJUN,Innovator S&P 500 Buffer ETF - June,2020-04-20
DIVB,iShares U.S. Dividend and Buyback ETF,2020-04-20
ESML,iShares ESG MSCI USA Small-Cap ETF,2020-04-20
IBHB,iShares iBonds 2022 Term High Yield and Income ETF,2020-04-20
IEIH,iShares Evolved U.S. Innovative Healthcare ETF,2020-04-20
NUDM,Nuveen ESG International Developed Markets Equity ETF,2020-04-20
NUMV,Nuveen ESG Mid-Cap Value ETF,2020-04-20
OILK,ProShares K-1 Free Crude Oil Strategy ETF,2020-04-20
PRNT,The 3D Printing ETF,2020-04-20
SMMD,iShares Russell 2500 ETF,2020-04-20
TBLU,Tortoise Global Water ESG Fund,2020-04-20
UAPR,Innovator S&P 500 Ultra Buffer ETF - April,2020-04-20
UAUG,Innovator S&P 500 Ultra Buffer ETF - August,2020-04-20
UJUL,Innovator S&P 500 Ultra Buffer ETF - July,2020-04-20
VSGX,Vanguard ESG International Stock ETF,2020-04-20
VXX,iPath Series B S&P 500 VIX Short-Term Futures ETN,2020-04-20
ADME,Aptus Drawdown Managed Equity ETF,2020-04-21
BBUS,JPMorgan BetaBuilders U.S. Equity ETF,2020-04-21
BJUN,Innovator S&P 500 Buffer ETF - June,2020-04-21
DIVB,iShares U.S. Dividend and Buyback ETF,2020-04-21
ESML,iShares ESG MSCI USA Small-Cap ETF,2020-04-21
IBHB,iShares iBonds 2022 Term High Yield and Income ETF,2020-04-21
IEIH,iShares Evolved U.S. Innovative Healthcare ETF,2020-04-21
NUDM,Nuveen ESG International Developed Markets Equity ETF,2020-04-21
NUMV,Nuveen ESG Mid-Cap Value ETF,2020-04-21
OILK,ProShares K-1 Free Crude Oil Strategy ETF,2020-04-21
PRNT,The 3D Printing ETF,2020-04-21
TBLU,Tortoise Global Water ESG Fund,2020-04-21
UAPR,Innovator S&P 500 Ultra Buffer ETF - April,2020-04-21
UAUG,Innovator S&P 500 Ultra Buffer ETF - August,2020-04-21
UJUL,Innovator S&P 500 Ultra Buffer ETF - July,2020-04-21
UJUN,Innovator S&P 500 Ultra Buffer ETF - June,2020-04-21
VSGX,Vanguard ESG International Stock ETF,2020-04-21
VXX,iPath Series B S&P 500 VIX Short-Term Futures ETN,2020-04-21
ADME,Aptus Drawdown Managed Equity ETF,2020-04-22
BBUS,JPMorgan BetaBuilders U.S. Equity ETF,2020-04-22
BJUN,Innovator S&P 500 Buffer ETF - June,2020-04-22
DIVB,iShares U.S. Dividend and Buyback ETF,2020-04-22
ESML,iShares ESG MSCI USA Small-Cap ETF,2020-04-22
IBHB,iShares iBonds 2022 Term High Yield and Income ETF,2020-04-22
IEIH,iShares Evolved U.S. Innovative Healthcare ETF,2020-04-22
NUDM,Nuveen ESG International Developed Markets Equity ETF,2020-04-22
NUMV,Nuveen ESG Mid-Cap Value ETF,2020-04-22
OILK,ProShares K-1 Free Crude Oil Strategy ETF,2020-04-22
PMAR,Innovator S&P 500 Power Buffer ETF - March,2020-04-22
PRNT,The 3D Printing ETF,2020-04-22
TBLU,Tortoise Global Water ESG Fund,2020-04-22
UAUG,Innovator S&P 500 Ultra Buffer ETF - August,2020-04-22
UJUL,Innovator S&P 500 Ultra Buffer ETF - July,2020-04-22
UJUN,Innovator S&P 500 Ultra Buffer ETF - June,2020-04-22
VSGX,Vanguard ESG International Stock ETF,2020-04-22
VXX,iPath Series B S&P 500 VIX Short-Term Futures ETN,2020-04-22
ADME,Aptus Drawdown Managed Equity ETF,2020-04-23
BBUS,JPMorgan BetaBuilders U.S. Equity ETF,2020-04-23
DIVB,iShares U.S. Dividend and Buyback ETF,2020-04-23
ESML,iShares ESG MSCI USA Small-Cap ETF,2020-04-23
IBHB,iShares iBonds 2022 Term High Yield and Income ETF,2020-04-23
IEIH,iShares Evolved U.S. Innovative Healthcare ETF,2020-04-23
NUDM,Nuveen ESG International Developed Markets Equity ETF,2020-04-23
NUMV,Nuveen ESG Mid-Cap Value ETF,2020-04-23
OILK,ProShares K-1 Free Crude Oil Strategy ETF,2020-04-23
PMAR,Innovator S&P 500 Power Buffer ETF - March,2020-04-23
PRNT,The 3D Printing ETF,2020-04-23
TBLU,Tortoise Global Water ESG Fund,2020-04-23
UAUG,Innovator S&P 500 Ultra Buffer ETF - August,2020-04-23
UJUL,Innovator S&P 500 Ultra Buffer ETF - July,2020-04-23
UJUN,Innovator S&P 500 Ultra Buffer ETF - June,2020-04-23
VSGX,Vanguard ESG International Stock ETF,2020-04-23
VXX,iPath Series B S&P 500 VIX Short-Term Futures ETN,2020-04-23
ADME,Aptus Drawdown Managed Equity ETF,2020-04-24
BBUS,JPMorgan BetaBuilders U.S. Equity ETF,2020-04-24
DIVB,iShares U.S. Dividend and Buyback ETF,2020-04-24
ESML,iShares ESG MSCI USA Small-Cap ETF,2020-04-24
IBHB,iShares iBonds 2022 Term High Yield and Income ETF,2020-04-24
ICVT,iShares Convertible Bond ETF,2020-04-24
IEIH,iShares Evolved U.S. Innovative Healthcare ETF,2020-04-24
NUDM,Nuveen ESG International Developed Markets Equity ETF,2020-04-24
NUMV,Nuveen ESG Mid-Cap Value ETF,2020-04-24
OILK,ProShares K-1 Free Crude Oil Strategy ETF,2020-04-24
PMAR,Innovator S&P 500 Power Buffer ETF - March,2020-04-24
PRNT,The 3D Printing ETF,2020-04-24
TBLU,Tortoise Global Water ESG Fund,2020-04-24
UAUG,Innovator S&P 500 Ultra Buffer ETF - August,2020-04-24
UJUL,Innovator S&P 500 Ultra Buffer ETF - July,2020-04-24
UJUN,Innovator S&P 500 Ultra Buffer ETF - June,2020-04-24
VXX,iPath Series B S&P 500 VIX Short-Term Futures ETN,2020-04-24
ADME,Aptus Drawdown Managed Equity ETF,2020-04-27
BBUS,JPMorgan BetaBuilders U.S. Equity ETF,2020-04-27
DIVB,iShares U.S. Dividend and Buyback ETF,2020-04-27
ESML,iShares ESG MSCI USA Small-Cap ETF,2020-04-27
IBHB,iShares iBonds 2022 Term High Yield and Income ETF,2020-04-27
ICVT,iShares Convertible Bond ETF,2020-04-27
IEIH,iShares Evolved U.S. Innovative Healthcare ETF,2020-04-27
NUDM,Nuveen ESG International Developed Markets Equity ETF,2020-04-27
OILK,ProShares K-1 Free Crude Oil Strategy ETF,2020-04-27
PMAR,Innovator S&P 500 Power Buffer ETF - March,2020-04-27
PRNT,The 3D Printing ETF,2020-04-27
PSEP,Innovator S&P 500 Power Buffer ETF - September,2020-04-27
UAUG,Innovator S&P 500 Ultra Buffer ETF - August,2020-04-27
UJUL,Innovator S&P 500 Ultra Buffer ETF - July,2020-04-27
UJUN,Innovator S&P 500 Ultra Buffer ETF - June,2020-04-27
VFVA,Vanguard U.S. Value Factor ETF,2020-04-27
VXX,iPath Series B S&P 500 VIX Short-Term Futures ETN,2020-04-27
ADME,Aptus Drawdown Managed Equity ETF,2020-04-28
BBUS,JPMorgan BetaBuilders U.S. Equity ETF,2020-04-28
DIVB,iShares U.S. Dividend and Buyback ETF,2020-04-28
ESML,iShares ESG MSCI USA Small-Cap ETF,2020-04-28
FLQS,Franklin LibertyQ U.S. Small Cap Equity ETF,2020-04-28
ICVT,iShares Convertible Bond ETF,2020-04-28
IEIH,iShares Evolved U.S. Innovative Healthcare ETF,2020-04-28
IQDG,WisdomTree International Quality Dividend Growth Fund,2020-04-28
NUDM,Nuveen ESG International Developed Markets Equity ETF,2020-04-28
OILK,ProShares K-1 Free Crude Oil Strategy ETF,2020-04-28
PMAR,Innovator S&P 500 Power Buffer ETF - March,2020-04-28
PRNT,The 3D Printing ETF,2020-04-28
PSEP,Innovator S&P 500 Power Buffer ETF - September,2020-04-28
UAUG,Innovator S&P 500 Ultra Buffer ETF - August,2020-04-28
UJUL,Innovator S&P 500 Ultra Buffer ETF - July,2020-04-28
UJUN,Innovator S&P 500 Ultra Buffer ETF - June,2020-04-28
VFVA,Vanguard U.S. Value Factor ETF,2020-04-28
VXX,iPath Series B S&P 500 VIX Short-Term Futures ETN,2020-04-28
ADME,Aptus Drawdown Managed Equity ETF,2020-04-29
BBUS,JPMorgan BetaBuilders U.S. Equity ETF,2020-04-29
DIVB,iShares U.S. Dividend and Buyback ETF,2020-04-29
ESML,iShares ESG MSCI USA Small-Cap ETF,2020-04-29
FLQS,Franklin LibertyQ U.S. Small Cap Equity ETF,2020-04-29
ICVT,iShares Convertible Bond ETF,2020-04-29
IEIH,iShares Evolved U.S. Innovative Healthcare ETF,2020-04-29
IQDG,WisdomTree International Quality Dividend Growth Fund,2020-04-29
NUDM,Nuveen ESG International Developed Markets Equity ETF,2020-04-29
OILK,ProShares K-1 Free Crude Oil Strategy ETF,2020-04-29
PMAR,Innovator S&P 500 Power Buffer ETF - March,2020-04-29
PRNT,The 3D Printing ETF,2020-04-29
PSEP,Innovator S&P 500 Power Buffer ETF - September,2020-04-29
UAUG,Innovator S&P 500 Ultra Buffer ETF - August,2020-04-29
UJUL,Innovator S&P 500 Ultra Buffer ETF - July,2020-04-29
UJUN,Innovator S&P 500 Ultra Buffer ETF - June,2020-04-29
VFVA,Vanguard U.S. Value Factor ETF,2020-04-29
VXX,iPath Series B S&P 500 VIX Short-Term Futures ETN,2020-04-29
ADME,Aptus Drawdown Managed Equity ETF,2020-04-30
BBUS,JPMorgan BetaBuilders U.S. Equity ETF,2020-04-30
ESML,iShares ESG MSCI USA Small-Cap ETF,2020-04-30
FLQS,Franklin LibertyQ U.S. Small Cap Equity ETF,2020-04-30
ICVT,iShares Convertible Bond ETF,2020-04-30
IEIH,iShares Evolved U.S. Innovative Healthcare ETF,2020-04-30
IQDG,WisdomTree International Quality Dividend Growth Fund,2020-04-30
NUDM,Nuveen ESG International Developed Markets Equity ETF,2020-04-30
OILK,ProShares K-1 Free Crude Oil Strategy ETF,2020-04-30
PMAR,Innovator S&P 500 Power Buffer ETF - March,2020-04-30
PRNT,The 3D Printing ETF,2020-04-30
PSEP,Innovator S&P 500 Power Buffer ETF - September,2020-04-30
UJUL,Innovator S&P 500 Ultra Buffer ETF - July,2020-04-30
UJUN,Innovator S&P 500 Ultra Buffer ETF - June,2020-04-30
VFVA,Vanguard U.S. Value Factor ETF,2020-04-30
VXX,iPath Series B S&P 500 VIX Short-Term Futures ETN,2020-04-30
ADME,Aptus Drawdown Managed Equity ETF,2020-05-01
BBUS,JPMorgan BetaBuilders U.S. Equity ETF,2020-05-01
ESML,iShares ESG MSCI USA Small-Cap ETF,2020-05-01
FLQS,Franklin LibertyQ U.S. Small Cap Equity ETF,2020-05-01
ICVT,iShares Convertible Bond ETF,2020-05-01
IEIH,iShares Evolved U.S. Innovative Healthcare ETF,2020-05-01
IQDG,WisdomTree International Quality Dividend Growth Fund,2020-05-01
NUDM,Nuveen ESG International Developed Markets Equity ETF,2020-05-01
OILK,ProShares K-1 Free Crude Oil Strategy ETF,2020-05-01
PBEE,Invesco PureBeta FTSE Emerging Markets ETF,2020-05-01
PMAR,Innovator S&P 500 Power Buffer ETF - March,2020-05-01
PRNT,The 3D Printing ETF,2020-05-01
PSEP,Innovator S&P 500 Power Buffer ETF - September,2020-05-01
UJUL,Innovator S&P 500 Ultra Buffer ETF - July,2020-05-01
UJUN,Innovator S&P 500 Ultra Buffer ETF - June,2020-05-01
VFVA,Vanguard U.S. Value Factor ETF,2020-05-01
VXX,iPath Series B S&P 500 VIX Short-Term Futures ETN,2020-05-01
BBUS,JPMorgan BetaBuilders U.S. Equity ETF,2020-05-04
FLQS,Franklin LibertyQ U.S. Small Cap Equity ETF,2020-05-04
ICVT,iShares Convertible Bond ETF,2020-05-04
IEIH,iShares Evolved U.S. Innovative Healthcare ETF,2020-05-04
IQDG,WisdomTree International Quality Dividend Growth Fund,2020-05-04
OILK,ProShares K-1 Free Crude Oil Strategy ETF,2020-05-04
PBEE,Invesco PureBeta FTSE Emerging Markets ETF,2020-05-04
PSEP,Innovator S&P 500 Power Buffer ETF - September,2020-05-04
UJUL,Innovator S&P 500 Ultra Buffer ETF - July,2020-05-04
UJUN,Innovator S&P 500 Ultra Buffer ETF - June,2020-05-04
VFVA,Vanguard U.S. Value Factor ETF,2020-05-04
VXX,iPath Series B S&P 500 VIX Short-Term Futures ETN,2020-05-04
BBUS,JPMorgan BetaBuilders U.S. Equity ETF,2020-05-05
FLQS,Franklin LibertyQ U.S. Small Cap Equity ETF,2020-05-05
ICVT,iShares Convertible Bond ETF,2020-05-05
IEIH,iShares Evolved U.S. Innovative Healthcare ETF,2020-05-05
IQDG,WisdomTree International Quality Dividend Growth Fund,2020-05-05
OILK,ProShares K-1 Free Crude Oil Strategy ETF,2020-05-05
PBEE,Invesco PureBeta FTSE Emerging Markets ETF,2020-05-05
PSEP,Innovator S&P 500 Power Buffer ETF - September,2020-05-05
UJUL,Innovator S&P 500 Ultra Buffer ETF - July,2020-05-05
UJUN,Innovator S&P 500 Ultra Buffer ETF - June,2020-05-05
VFVA,Vanguard U.S. Value Factor ETF,2020-05-05
VXX,iPath Series B S&P 500 VIX Short-Term Futures ETN,2020-05-05
ICVT,iShares Convertible Bond ETF,2020-05-07
IEIH,iShares Evolved U.S. Innovative Healthcare ETF,2020-05-07
OILK,ProShares K-1 Free Crude Oil Strategy ETF,2020-05-07
PBEE,Invesco PureBeta FTSE Emerging Markets ETF,2020-05-07
PSEP,Innovator S&P 500 Power Buffer ETF - September,2020-05-07
UJUL,Innovator S&P 500 Ultra Buffer ETF - July,2020-05-07
VFVA,Vanguard U.S. Value Factor ETF,2020-05-07
VXX,iPath Series B S&P 500 VIX Short-Term Futures ETN,2020-05-07
FLHY,Franklin Liberty High Yield Corporate ETF,2020-05-08
ICVT,iShares Convertible Bond ETF,2020-05-08
IEIH,iShares Evolved U.S. Innovative Healthcare ETF,2020-05-08
OILK,ProShares K-1 Free Crude Oil Strategy ETF,2020-05-08
PBEE,Invesco PureBeta FTSE Emerging Markets ETF,2020-05-08
PSEP,Innovator S&P 500 Power Buffer ETF - September,2020-05-08
UJUL,Innovator S&P 500 Ultra Buffer ETF - July,2020-05-08
VFVA,Vanguard U.S. Value Factor ETF,2020-05-08
VXX,iPath Series B S&P 500 VIX Short-Term Futures ETN,2020-05-08
WFIG,WisdomTree U.S. Corporate Bond Fund,2020-05-08
ICVT,iShares Convertible Bond ETF,2020-05-06
IEIH,iShares Evolved U.S. Innovative Healthcare ETF,2020-05-06
OILK,ProShares K-1 Free Crude Oil Strategy ETF,2020-05-06
PBEE,Invesco PureBeta FTSE Emerging Markets ETF,2020-05-06
PSEP,Innovator S&P 500 Power Buffer ETF - September,2020-05-06
UJUL,Innovator S&P 500 Ultra Buffer ETF - July,2020-05-06
VFVA,Vanguard U.S. Value Factor ETF,2020-05-06
VXX,iPath Series B S&P 500 VIX Short-Term Futures ETN,2020-05-06
BMAY,Innovator S&P 500 Buffer ETF - May,2020-05-11
FLHY,Franklin Liberty High Yield Corporate ETF,2020-05-11
ICVT,iShares Convertible Bond ETF,2020-05-11
IEIH,iShares Evolved U.S. Innovative Healthcare ETF,2020-05-11
OILK,ProShares K-1 Free Crude Oil Strategy ETF,2020-05-11
PBEE,Invesco PureBeta FTSE Emerging Markets ETF,2020-05-11
PSEP,Innovator S&P 500 Power Buffer ETF - September,2020-05-11
UJUL,Innovator S&P 500 Ultra Buffer ETF - July,2020-05-11
VFVA,Vanguard U.S. Value Factor ETF,2020-05-11
VXX,iPath Series B S&P 500 VIX Short-Term Futures ETN,2020-05-11
WFIG,WisdomTree U.S. Corporate Bond Fund,2020-05-11
BMAY,Innovator S&P 500 Buffer ETF - May,2020-05-12
FLHY,Franklin Liberty High Yield Corporate ETF,2020-05-12
ICVT,iShares Convertible Bond ETF,2020-05-12
IEIH,iShares Evolved U.S. Innovative Healthcare ETF,2020-05-12
OILK,ProShares K-1 Free Crude Oil Strategy ETF,2020-05-12
PBEE,Invesco PureBeta FTSE Emerging Markets ETF,2020-05-12
PSEP,Innovator S&P 500 Power Buffer ETF - September,2020-05-12
UJUL,Innovator S&P 500 Ultra Buffer ETF - July,2020-05-12
VFVA,Vanguard U.S. Value Factor ETF,2020-05-12
VXX,iPath Series B S&P 500 VIX Short-Term Futures ETN,2020-05-12
WFIG,WisdomTree U.S. Corporate Bond Fund,2020-05-12
BMAY,Innovator S&P 500 Buffer ETF - May,2020-05-13
FLHY,Franklin Liberty High Yield Corporate ETF,2020-05-13
ICVT,iShares Convertible Bond ETF,2020-05-13
IEIH,iShares Evolved U.S. Innovative Healthcare ETF,2020-05-13
OILK,ProShares K-1 Free Crude Oil Strategy ETF,2020-05-13
PBEE,Invesco PureBeta FTSE Emerging Markets ETF,2020-05-13
PSEP,Innovator S&P 500 Power Buffer ETF - September,2020-05-13
UJUL,Innovator S&P 500 Ultra Buffer ETF - July,2020-05-13
VFVA,Vanguard U.S. Value Factor ETF,2020-05-13
VXX,iPath Series B S&P 500 VIX Short-Term Futures ETN,2020-05-13
WFIG,WisdomTree U.S. Corporate Bond Fund,2020-05-13
BMAY,Innovator S&P 500 Buffer ETF - May,2020-05-14
FLHY,Franklin Liberty High Yield Corporate ETF,2020-05-14
ICVT,iShares Convertible Bond ETF,2020-05-14
IEIH,iShares Evolved U.S. Innovative Healthcare ETF,2020-05-14
OILK,ProShares K-1 Free Crude Oil Strategy ETF,2020-05-14
PBEE,Invesco PureBeta FTSE Emerging Markets ETF,2020-05-14
VFVA,Vanguard U.S. Value Factor ETF,2020-05-14
VXX,iPath Series B S&P 500 VIX Short-Term Futures ETN,2020-05-14
WFIG,WisdomTree U.S. Corporate Bond Fund,2020-05-14
BMAY,Innovator S&P 500 Buffer ETF - May,2020-05-15
FLHY,Franklin Liberty High Yield Corporate ETF,2020-05-15
IEIH,iShares Evolved U.S. Innovative Healthcare ETF,2020-05-15
JMST,JPMorgan Ultra-Short Municipal Income ETF,2020-05-15
OILK,ProShares K-1 Free Crude Oil Strategy ETF,2020-05-15
PBEE,Invesco PureBeta FTSE Emerging Markets ETF,2020-05-15
VXX,iPath Series B S&P 500 VIX Short-Term Futures ETN,2020-05-15
WFIG,WisdomTree U.S. Corporate Bond Fund,2020-05-15
BMAY,Innovator S&P 500 Buffer ETF - May,2020-05-18
FLHY,Franklin Liberty High Yield Corporate ETF,2020-05-18
IEIH,iShares Evolved U.S. Innovative Healthcare ETF,2020-05-18
JMST,JPMorgan Ultra-Short Municipal Income ETF,2020-05-18
OILK,ProShares K-1 Free Crude Oil Strategy ETF,2020-05-18
PBEE,Invesco PureBeta FTSE Emerging Markets ETF,2020-05-18
VXX,iPath Series B S&P 500 VIX Short-Term Futures ETN,2020-05-18
WFIG,WisdomTree U.S. Corporate Bond Fund,2020-05-18
BMAY,Innovator S&P 500 Buffer ETF - May,2020-05-19
EWGS,iShares MSCI Germany Small-Cap ETF,2020-05-19
FLHY,Franklin Liberty High Yield Corporate ETF,2020-05-19
IEIH,iShares Evolved U.S. Innovative Healthcare ETF,2020-05-19
JMST,JPMorgan Ultra-Short Municipal Income ETF,2020-05-19
LKOR,FlexShares Credit-Scored US Long Corporate Bond Index Fund,2020-05-19
MRGR,ProShares Merger ETF,2020-05-19
OILK,ProShares K-1 Free Crude Oil Strategy ETF,2020-05-19
PBEE,Invesco PureBeta FTSE Emerging Markets ETF,2020-05-19
PJUN,Innovator S&P 500 Power Buffer ETF - June,2020-05-19
SPMV,Invesco S&P 500 Minimum Variance ETF,2020-05-19
VXX,iPath Series B S&P 500 VIX Short-Term Futures ETN,2020-05-19
WFIG,WisdomTree U.S. Corporate Bond Fund,2020-05-19
ADME,Aptus Drawdown Managed Equity ETF,2020-05-20
BMAY,Innovator S&P 500 Buffer ETF - May,2020-05-20
EWGS,iShares MSCI Germany Small-Cap ETF,2020-05-20
IEIH,iShares Evolved U.S. Innovative Healthcare ETF,2020-05-20
JMST,JPMorgan Ultra-Short Municipal Income ETF,2020-05-20
LKOR,FlexShares Credit-Scored US Long Corporate Bond Index Fund,2020-05-20
MFMS,MFAM Small-Cap Growth ETF,2020-05-20
MLN,VanEck Vectors AMT-Free Long Municipal Index ETF,2020-05-20
MRGR,ProShares Merger ETF,2020-05-20
OILK,ProShares K-1 Free Crude Oil Strategy ETF,2020-05-20
PBEE,Invesco PureBeta FTSE Emerging Markets ETF,2020-05-20
PJUN,Innovator S&P 500 Power Buffer ETF - June,2020-05-20
SHAG,WisdomTree Yield Enhanced U.S. Short-Term Aggregate Bond Fund,2020-05-20
SPMV,Invesco S&P 500 Minimum Variance ETF,2020-05-20
VXX,iPath Series B S&P 500 VIX Short-Term Futures ETN,2020-05-20
WFIG,WisdomTree U.S. Corporate Bond Fund,2020-05-20
ADME,Aptus Drawdown Managed Equity ETF,2020-05-21
BMAY,Innovator S&P 500 Buffer ETF - May,2020-05-21
EWGS,iShares MSCI Germany Small-Cap ETF,2020-05-21
IEIH,iShares Evolved U.S. Innovative Healthcare ETF,2020-05-21
JMST,JPMorgan Ultra-Short Municipal Income ETF,2020-05-21
LKOR,FlexShares Credit-Scored US Long Corporate Bond Index Fund,2020-05-21
MFMS,MFAM Small-Cap Growth ETF,2020-05-21
MLN,VanEck Vectors AMT-Free Long Municipal Index ETF,2020-05-21
MRGR,ProShares Merger ETF,2020-05-21
OILK,ProShares K-1 Free Crude Oil Strategy ETF,2020-05-21
PBEE,Invesco PureBeta FTSE Emerging Markets ETF,2020-05-21
PJUN,Innovator S&P 500 Power Buffer ETF - June,2020-05-21
SHAG,WisdomTree Yield Enhanced U.S. Short-Term Aggregate Bond Fund,2020-05-21
SPMV,Invesco S&P 500 Minimum Variance ETF,2020-05-21
VXX,iPath Series B S&P 500 VIX Short-Term Futures ETN,2020-05-21
WFIG,WisdomTree U.S. Corporate Bond Fund,2020-05-21
ADME,Aptus Drawdown Managed Equity ETF,2020-05-22
BMAY,Innovator S&P 500 Buffer ETF - May,2020-05-22
EWGS,iShares MSCI Germany Small-Cap ETF,2020-05-22
FDG,American Century Focused Dynamic Growth ETF,2020-05-22
IEIH,iShares Evolved U.S. Innovative Healthcare ETF,2020-05-22
IETC,iShares Evolved U.S. Technology ETF,2020-05-22
JMST,JPMorgan Ultra-Short Municipal Income ETF,2020-05-22
LKOR,FlexShares Credit-Scored US Long Corporate Bond Index Fund,2020-05-22
MFMS,MFAM Small-Cap Growth ETF,2020-05-22
MLN,VanEck Vectors AMT-Free Long Municipal Index ETF,2020-05-22
MRGR,ProShares Merger ETF,2020-05-22
MSVX,LHA Market State Alpha Seeker ETF,2020-05-22
OILK,ProShares K-1 Free Crude Oil Strategy ETF,2020-05-22
PBEE,Invesco PureBeta FTSE Emerging Markets ETF,2020-05-22
PJUN,Innovator S&P 500 Power Buffer ETF - June,2020-05-22
SHAG,WisdomTree Yield Enhanced U.S. Short-Term Aggregate Bond Fund,2020-05-22
SPMV,Invesco S&P 500 Minimum Variance ETF,2020-05-22
VXX,iPath Series B S&P 500 VIX Short-Term Futures ETN,2020-05-22
WFIG,WisdomTree U.S. Corporate Bond Fund,2020-05-22
ADME,Aptus Drawdown Managed Equity ETF,2020-05-26
BMAY,Innovator S&P 500 Buffer ETF - May,2020-05-26
EWGS,iShares MSCI Germany Small-Cap ETF,2020-05-26
FDG,American Century Focused Dynamic Growth ETF,2020-05-26
IEIH,iShares Evolved U.S. Innovative Healthcare ETF,2020-05-26
IETC,iShares Evolved U.S. Technology ETF,2020-05-26
JMST,JPMorgan Ultra-Short Municipal Income ETF,2020-05-26
LKOR,FlexShares Credit-Scored US Long Corporate Bond Index Fund,2020-05-26
MFMS,MFAM Small-Cap Growth ETF,2020-05-26
MLN,VanEck Vectors AMT-Free Long Municipal Index ETF,2020-05-26
MRGR,ProShares Merger ETF,2020-05-26
MSVX,LHA Market State Alpha Seeker ETF,2020-05-26
OILK,ProShares K-1 Free Crude Oil Strategy ETF,2020-05-26
PBEE,Invesco PureBeta FTSE Emerging Markets ETF,2020-05-26
PJUN,Innovator S&P 500 Power Buffer ETF - June,2020-05-26
PNOV,Innovator S&P 500 Power Buffer ETF - November,2020-05-26
SHAG,WisdomTree Yield Enhanced U.S. Short-Term Aggregate Bond Fund,2020-05-26
SPMV,Invesco S&P 500 Minimum Variance ETF,2020-05-26
UOCT,Innovator S&P 500 Ultra Buffer ETF - October,2020-05-26
VXX,iPath Series B S&P 500 VIX Short-Term Futures ETN,2020-05-26
WFIG,WisdomTree U.S. Corporate Bond Fund,2020-05-26
ADME,Aptus Drawdown Managed Equity ETF,2020-05-27
BMAY,Innovator S&P 500 Buffer ETF - May,2020-05-27
DDWM,WisdomTree Dynamic Currency Hedged International Equity Fund,2020-05-27
EWGS,iShares MSCI Germany Small-Cap ETF,2020-05-27
FDG,American Century Focused Dynamic Growth ETF,2020-05-27
IEIH,iShares Evolved U.S. Innovative Healthcare ETF,2020-05-27
IETC,iShares Evolved U.S. Technology ETF,2020-05-27
JMST,JPMorgan Ultra-Short Municipal Income ETF,2020-05-27
LKOR,FlexShares Credit-Scored US Long Corporate Bond Index Fund,2020-05-27
MFMS,MFAM Small-Cap Growth ETF,2020-05-27
MLN,VanEck Vectors AMT-Free Long Municipal Index ETF,2020-05-27
MRGR,ProShares Merger ETF,2020-05-27
MSVX,LHA Market State Alpha Seeker ETF,2020-05-27
OILK,ProShares K-1 Free Crude Oil Strategy ETF,2020-05-27
PBEE,Invesco PureBeta FTSE Emerging Markets ETF,2020-05-27
PJUN,Innovator S&P 500 Power Buffer ETF - June,2020-05-27
PNOV,Innovator S&P 500 Power Buffer ETF - November,2020-05-27
SHAG,WisdomTree Yield Enhanced U.S. Short-Term Aggregate Bond Fund,2020-05-27
SPMV,Invesco S&P 500 Minimum Variance ETF,2020-05-27
UOCT,Innovator S&P 500 Ultra Buffer ETF - October,2020-05-27
VXX,iPath Series B S&P 500 VIX Short-Term Futures ETN,2020-05-27
WFIG,WisdomTree U.S. Corporate Bond Fund,2020-05-27
ADME,Aptus Drawdown Managed Equity ETF,2020-05-28
BMAY,Innovator S&P 500 Buffer ETF - May,2020-05-28
DDWM,WisdomTree Dynamic Currency Hedged International Equity Fund,2020-05-28
EWGS,iShares MSCI Germany Small-Cap ETF,2020-05-28
FDG,American Century Focused Dynamic Growth ETF,2020-05-28
IEIH,iShares Evolved U.S. Innovative Healthcare ETF,2020-05-28
IETC,iShares Evolved U.S. Technology ETF,2020-05-28
JMST,JPMorgan Ultra-Short Municipal Income ETF,2020-05-28
LKOR,FlexShares Credit-Scored US Long Corporate Bond Index Fund,2020-05-28
MFMS,MFAM Small-Cap Growth ETF,2020-05-28
MLN,VanEck Vectors AMT-Free Long Municipal Index ETF,2020-05-28
MRGR,ProShares Merger ETF,2020-05-28
MSVX,LHA Market State Alpha Seeker ETF,2020-05-28
OILK,ProShares K-1 Free Crude Oil Strategy ETF,2020-05-28
PBEE,Invesco PureBeta FTSE Emerging Markets ETF,2020-05-28
PJUN,Innovator S&P 500 Power Buffer ETF - June,2020-05-28
PNOV,Innovator S&P 500 Power Buffer ETF - November,2020-05-28
SHAG,WisdomTree Yield Enhanced U.S. Short-Term Aggregate Bond Fund,2020-05-28
SPMV,Invesco S&P 500 Minimum Variance ETF,2020-05-28
UOCT,Innovator S&P 500 Ultra Buffer ETF - October,2020-05-28
VXX,iPath Series B S&P 500 VIX Short-Term Futures ETN,2020-05-28
WFIG,WisdomTree U.S. Corporate Bond Fund,2020-05-28
ADME,Aptus Drawdown Managed Equity ETF,2020-05-29
BMAY,Innovator S&P 500 Buffer ETF - May,2020-05-29
DDWM,WisdomTree Dynamic Currency Hedged International Equity Fund,2020-05-29
FDG,American Century Focused Dynamic Growth ETF,2020-05-29
IEIH,iShares Evolved U.S. Innovative Healthcare ETF,2020-05-29
IETC,iShares Evolved U.S. Technology ETF,2020-05-29
JMST,JPMorgan Ultra-Short Municipal Income ETF,2020-05-29
MFMS,MFAM Small-Cap Growth ETF,2020-05-29
MLN,VanEck Vectors AMT-Free Long Municipal Index ETF,2020-05-29
MRGR,ProShares Merger ETF,2020-05-29
MSVX,LHA Market State Alpha Seeker ETF,2020-05-29
OILK,ProShares K-1 Free Crude Oil Strategy ETF,2020-05-29
PBEE,Invesco PureBeta FTSE Emerging Markets ETF,2020-05-29
PJUN,Innovator S&P 500 Power Buffer ETF - June,2020-05-29
PNOV,Innovator S&P 500 Power Buffer ETF - November,2020-05-29
SHAG,WisdomTree Yield Enhanced U.S. Short-Term Aggregate Bond Fund,2020-05-29
SPMV,Invesco S&P 500 Minimum Variance ETF,2020-05-29
UOCT,Innovator S&P 500 Ultra Buffer ETF - October,2020-05-29
VXX,iPath Series B S&P 500 VIX Short-Term Futures ETN,2020-05-29
WFIG,WisdomTree U.S. Corporate Bond Fund,2020-05-29
ADME,Aptus Drawdown Managed Equity ETF,2020-06-01
BMAY,Innovator S&P 500 Buffer ETF - May,2020-06-01
DDWM,WisdomTree Dynamic Currency Hedged International Equity Fund,2020-06-01
FDG,American Century Focused Dynamic Growth ETF,2020-06-01
IETC,iShares Evolved U.S. Technology ETF,2020-06-01
JMST,JPMorgan Ultra-Short Municipal Income ETF,2020-06-01
MFMS,MFAM Small-Cap Growth ETF,2020-06-01
MLN,VanEck Vectors AMT-Free Long Municipal Index ETF,2020-06-01
MRGR,ProShares Merger ETF,2020-06-01
MSVX,LHA Market State Alpha Seeker ETF,2020-06-01
OILK,ProShares K-1 Free Crude Oil Strategy ETF,2020-06-01
PBEE,Invesco PureBeta FTSE Emerging Markets ETF,2020-06-01
PJUN,Innovator S&P 500 Power Buffer ETF - June,2020-06-01
PNOV,Innovator S&P 500 Power Buffer ETF - November,2020-06-01
SHAG,WisdomTree Yield Enhanced U.S. Short-Term Aggregate Bond Fund,2020-06-01
SPMV,Invesco S&P 500 Minimum Variance ETF,2020-06-01
UOCT,Innovator S&P 500 Ultra Buffer ETF - October,2020-06-01
VXX,iPath Series B S&P 500 VIX Short-Term Futures ETN,2020-06-01
WFIG,WisdomTree U.S. Corporate Bond Fund,2020-06-01
ADME,Aptus Drawdown Managed Equity ETF,2020-06-02
DDWM,WisdomTree Dynamic Currency Hedged International Equity Fund,2020-06-02
FDG,American Century Focused Dynamic Growth ETF,2020-06-02
IETC,iShares Evolved U.S. Technology ETF,2020-06-02
JMST,JPMorgan Ultra-Short Municipal Income ETF,2020-06-02
MFMS,MFAM Small-Cap Growth ETF,2020-06-02
MLN,VanEck Vectors AMT-Free Long Municipal Index ETF,2020-06-02
MRGR,ProShares Merger ETF,2020-06-02
MSVX,LHA Market State Alpha Seeker ETF,2020-06-02
OILK,ProShares K-1 Free Crude Oil Strategy ETF,2020-06-02
PBEE,Invesco PureBeta FTSE Emerging Markets ETF,2020-06-02
PJUN,Innovator S&P 500 Power Buffer ETF - June,2020-06-02
PNOV,Innovator S&P 500 Power Buffer ETF - November,2020-06-02
SHAG,WisdomTree Yield Enhanced U.S. Short-Term Aggregate Bond Fund,2020-06-02
SPMV,Invesco S&P 500 Minimum Variance ETF,2020-06-02
UOCT,Innovator S&P 500 Ultra Buffer ETF - October,2020-06-02
VXX,iPath Series B S&P 500 VIX Short-Term Futures ETN,2020-06-02
WFIG,WisdomTree U.S. Corporate Bond Fund,2020-06-02
DDWM,WisdomTree Dynamic Currency Hedged International Equity Fund,2020-06-03
IETC,iShares Evolved U.S. Technology ETF,2020-06-03
JMST,JPMorgan Ultra-Short Municipal Income ETF,2020-06-03
MFMS,MFAM Small-Cap Growth ETF,2020-06-03
MLN,VanEck Vectors AMT-Free Long Municipal Index ETF,2020-06-03
MRGR,ProShares Merger ETF,2020-06-03
MSVX,LHA Market State Alpha Seeker ETF,2020-06-03
OILK,ProShares K-1 Free Crude Oil Strategy ETF,2020-06-03
PBEE,Invesco PureBeta FTSE Emerging Markets ETF,2020-06-03
PJUN,Innovator S&P 500 Power Buffer ETF - June,2020-06-03
PNOV,Innovator S&P 500 Power Buffer ETF - November,2020-06-03
SHAG,WisdomTree Yield Enhanced U.S. Short-Term Aggregate Bond Fund,2020-06-03
SPMV,Invesco S&P 500 Minimum Variance ETF,2020-06-03
TOKE,Cambria Cannabis ETF,2020-06-03
UOCT,Innovator S&P 500 Ultra Buffer ETF - October,2020-06-03
VXX,iPath Series B S&P 500 VIX Short-Term Futures ETN,2020-06-03
WFIG,WisdomTree U.S. Corporate Bond Fund,2020-06-03
DDWM,WisdomTree Dynamic Currency Hedged International Equity Fund,2020-06-04
EZU,iShares MSCI Eurozone ETF,2020-06-04
JMST,JPMorgan Ultra-Short Municipal Income ETF,2020-06-04
MFMS,MFAM Small-Cap Growth ETF,2020-06-04
MLN,VanEck Vectors AMT-Free Long Municipal Index ETF,2020-06-04
MSVX,LHA Market State Alpha Seeker ETF,2020-06-04
OILK,ProShares K-1 Free Crude Oil Strategy ETF,2020-06-04
PBEE,Invesco PureBeta FTSE Emerging Markets ETF,2020-06-04
PJUN,Innovator S&P 500 Power Buffer ETF - June,2020-06-04
PNOV,Innovator S&P 500 Power Buffer ETF - November,2020-06-04
SHAG,WisdomTree Yield Enhanced U.S. Short-Term Aggregate Bond Fund,2020-06-04
SPMV,Invesco S&P 500 Minimum Variance ETF,2020-06-04
TOKE,Cambria Cannabis ETF,2020-06-04
UOCT,Innovator S&P 500 Ultra Buffer ETF - October,2020-06-04
VXX,iPath Series B S&P 500 VIX Short-Term Futures ETN,2020-06-04
WFIG,WisdomTree U.S. Corporate Bond Fund,2020-06-04
DDWM,WisdomTree Dynamic Currency Hedged International Equity Fund,2020-06-05
EZU,iShares MSCI Eurozone ETF,2020-06-05
JMST,JPMorgan Ultra-Short Municipal Income ETF,2020-06-05
MFMS,MFAM Small-Cap Growth ETF,2020-06-05
MLN,VanEck Vectors AMT-Free Long Municipal Index ETF,2020-06-05
MSVX,LHA Market State Alpha Seeker ETF,2020-06-05
OILK,ProShares K-1 Free Crude Oil Strategy ETF,2020-06-05
PJUN,Innovator S&P 500 Power Buffer ETF - June,2020-06-05
PNOV,Innovator S&P 500 Power Buffer ETF - November,2020-06-05
SHAG,WisdomTree Yield Enhanced U.S. Short-Term Aggregate Bond Fund,2020-06-05
SPMV,Invesco S&P 500 Minimum Variance ETF,2020-06-05
TOKE,Cambria Cannabis ETF,2020-06-05
UOCT,Innovator S&P 500 Ultra Buffer ETF - October,2020-06-05
VXX,iPath Series B S&P 500 VIX Short-Term Futures ETN,2020-06-05
WFIG,WisdomTree U.S. Corporate Bond Fund,2020-06-05
DDWM,WisdomTree Dynamic Currency Hedged International Equity Fund,2020-06-08
DFND,Reality Shares DIVCON Dividend Defender ETF,2020-06-08
EZU,iShares MSCI Eurozone ETF,2020-06-08
JMST,JPMorgan Ultra-Short Municipal Income ETF,2020-06-08
MLN,VanEck Vectors AMT-Free Long Municipal Index ETF,2020-06-08
MSVX,LHA Market State Alpha Seeker ETF,2020-06-08
OILK,ProShares K-1 Free Crude Oil Strategy ETF,2020-06-08
PJUN,Innovator S&P 500 Power Buffer ETF - June,2020-06-08
SHAG,WisdomTree Yield Enhanced U.S. Short-Term Aggregate Bond Fund,2020-06-08
TOKE,Cambria Cannabis ETF,2020-06-08
UOCT,Innovator S&P 500 Ultra Buffer ETF - October,2020-06-08
VSGX,Vanguard ESG International Stock ETF,2020-06-08
WFIG,WisdomTree U.S. Corporate Bond Fund,2020-06-08
DDWM,WisdomTree Dynamic Currency Hedged International Equity Fund,2020-06-09
DFND,Reality Shares DIVCON Dividend Defender ETF,2020-06-09
EZU,iShares MSCI Eurozone ETF,2020-06-09
JMST,JPMorgan Ultra-Short Municipal Income ETF,2020-06-09
JPHY,JPMorgan High Yield Research Enhanced ETF,2020-06-09
MLN,VanEck Vectors AMT-Free Long Municipal Index ETF,2020-06-09
OILK,ProShares K-1 Free Crude Oil Strategy ETF,2020-06-09
PJUN,Innovator S&P 500 Power Buffer ETF - June,2020-06-09
SHAG,WisdomTree Yield Enhanced U.S. Short-Term Aggregate Bond Fund,2020-06-09
TOKE,Cambria Cannabis ETF,2020-06-09
UOCT,Innovator S&P 500 Ultra Buffer ETF - October,2020-06-09
VSGX,Vanguard ESG International Stock ETF,2020-06-09
WFIG,WisdomTree U.S. Corporate Bond Fund,2020-06-09
DDWM,WisdomTree Dynamic Currency Hedged International Equity Fund,2020-06-10
DFND,Reality Shares DIVCON Dividend Defender ETF,2020-06-10
EZU,iShares MSCI Eurozone ETF,2020-06-10
JMST,JPMorgan Ultra-Short Municipal Income ETF,2020-06-10
JPHY,JPMorgan High Yield Research Enhanced ETF,2020-06-10
OILK,ProShares K-1 Free Crude Oil Strategy ETF,2020-06-10
PJUN,Innovator S&P 500 Power Buffer ETF - June,2020-06-10
SHAG,WisdomTree Yield Enhanced U.S. Short-Term Aggregate Bond Fund,2020-06-10
TOKE,Cambria Cannabis ETF,2020-06-10
UOCT,Innovator S&P 500 Ultra Buffer ETF - October,2020-06-10
VSGX,Vanguard ESG International Stock ETF,2020-06-10
DFND,Reality Shares DIVCON Dividend Defender ETF,2020-06-11
EZU,iShares MSCI Eurozone ETF,2020-06-11
GHYG,iShares US & Intl High Yield Corp Bond ETF,2020-06-11
IBMO,iShares iBonds Dec 2026 Term Muni Bond ETF,2020-06-11
JMST,JPMorgan Ultra-Short Municipal Income ETF,2020-06-11
JPHY,JPMorgan High Yield Research Enhanced ETF,2020-06-11
OILK,ProShares K-1 Free Crude Oil Strategy ETF,2020-06-11
PJUN,Innovator S&P 500 Power Buffer ETF - June,2020-06-11
SHAG,WisdomTree Yield Enhanced U.S. Short-Term Aggregate Bond Fund,2020-06-11
UOCT,Innovator S&P 500 Ultra Buffer ETF - October,2020-06-11
VSGX,Vanguard ESG International Stock ETF,2020-06-11
DFND,Reality Shares DIVCON Dividend Defender ETF,2020-06-12
EZU,iShares MSCI Eurozone ETF,2020-06-12
GHYG,iShares US & Intl High Yield Corp Bond ETF,2020-06-12
IBMO,iShares iBonds Dec 2026 Term Muni Bond ETF,2020-06-12
JMST,JPMorgan Ultra-Short Municipal Income ETF,2020-06-12
JPHY,JPMorgan High Yield Research Enhanced ETF,2020-06-12
OILK,ProShares K-1 Free Crude Oil Strategy ETF,2020-06-12
PJUN,Innovator S&P 500 Power Buffer ETF - June,2020-06-12
SHAG,WisdomTree Yield Enhanced U.S. Short-Term Aggregate Bond Fund,2020-06-12
UOCT,Innovator S&P 500 Ultra Buffer ETF - October,2020-06-12
VSGX,Vanguard ESG International Stock ETF,2020-06-12
BBJP,JPMorgan BetaBuilders Japan ETF,2020-06-15
DFND,Reality Shares DIVCON Dividend Defender ETF,2020-06-15
EZU,iShares MSCI Eurozone ETF,2020-06-15
FMAY,FT Cboe Vest U.S. Equity Buffer ETF - May,2020-06-15
GHYG,iShares US & Intl High Yield Corp Bond ETF,2020-06-15
IBMO,iShares iBonds Dec 2026 Term Muni Bond ETF,2020-06-15
JMST,JPMorgan Ultra-Short Municipal Income ETF,2020-06-15
JPHY,JPMorgan High Yield Research Enhanced ETF,2020-06-15
OILK,ProShares K-1 Free Crude Oil Strategy ETF,2020-06-15
PDEC,Innovator S&P 500 Power Buffer ETF - December,2020-06-15
PJUN,Innovator S&P 500 Power Buffer ETF - June,2020-06-15
SHAG,WisdomTree Yield Enhanced U.S. Short-Term Aggregate Bond Fund,2020-06-15
UOCT,Innovator S&P 500 Ultra Buffer ETF - October,2020-06-15
VSGX,Vanguard ESG International Stock ETF,2020-06-15
BBEU,JPMorgan BetaBuilders Europe ETF,2020-06-16
BBJP,JPMorgan BetaBuilders Japan ETF,2020-06-16
DFND,Reality Shares DIVCON Dividend Defender ETF,2020-06-16
EZU,iShares MSCI Eurozone ETF,2020-06-16
FMAY,FT Cboe Vest U.S. Equity Buffer ETF - May,2020-06-16
GHYG,iShares US & Intl High Yield Corp Bond ETF,2020-06-16
IBMO,iShares iBonds Dec 2026 Term Muni Bond ETF,2020-06-16
JMST,JPMorgan Ultra-Short Municipal Income ETF,2020-06-16
JPHY,JPMorgan High Yield Research Enhanced ETF,2020-06-16
OILK,ProShares K-1 Free Crude Oil Strategy ETF,2020-06-16
PDEC,Innovator S&P 500 Power Buffer ETF - December,2020-06-16
PJUN,Innovator S&P 500 Power Buffer ETF - June,2020-06-16
SHAG,WisdomTree Yield Enhanced U.S. Short-Term Aggregate Bond Fund,2020-06-16
VSGX,Vanguard ESG International Stock ETF,2020-06-16
BBEU,JPMorgan BetaBuilders Europe ETF,2020-06-17
BBJP,JPMorgan BetaBuilders Japan ETF,2020-06-17
DFND,Reality Shares DIVCON Dividend Defender ETF,2020-06-17
FMAY,FT Cboe Vest U.S. Equity Buffer ETF - May,2020-06-17
GHYG,iShares US & Intl High Yield Corp Bond ETF,2020-06-17
IBMO,iShares iBonds Dec 2026 Term Muni Bond ETF,2020-06-17
JMST,JPMorgan Ultra-Short Municipal Income ETF,2020-06-17
JPHY,JPMorgan High Yield Research Enhanced ETF,2020-06-17
OILK,ProShares K-1 Free Crude Oil Strategy ETF,2020-06-17
PDEC,Innovator S&P 500 Power Buffer ETF - December,2020-06-17
PJAN,Innovator S&P 500 Power Buffer ETF - January,2020-06-17
PJUN,Innovator S&P 500 Power Buffer ETF - June,2020-06-17
QLC,FlexShares US Quality Large Cap Index Fund,2020-06-17
SHAG,WisdomTree Yield Enhanced U.S. Short-Term Aggregate Bond Fund,2020-06-17
ACES,ALPS Clean Energy ETF,2020-06-18
ADME,Aptus Drawdown Managed Equity ETF,2020-06-18
BBEU,JPMorgan BetaBuilders Europe ETF,2020-06-18
BBJP,JPMorgan BetaBuilders Japan ETF,2020-06-18
FMAY,FT Cboe Vest U.S. Equity Buffer ETF - May,2020-06-18
GHYG,iShares US & Intl High Yield Corp Bond ETF,2020-06-18
IBMO,iShares iBonds Dec 2026 Term Muni Bond ETF,2020-06-18
JMST,JPMorgan Ultra-Short Municipal Income ETF,2020-06-18
JPHY,JPMorgan High Yield Research Enhanced ETF,2020-06-18
PDEC,Innovator S&P 500 Power Buffer ETF - December,2020-06-18
PJAN,Innovator S&P 500 Power Buffer ETF - January,2020-06-18
PJUN,Innovator S&P 500 Power Buffer ETF - June,2020-06-18
QLC,FlexShares US Quality Large Cap Index Fund,2020-06-18
SHAG,WisdomTree Yield Enhanced U.S. Short-Term Aggregate Bond Fund,2020-06-18
ACES,ALPS Clean Energy ETF,2020-06-19
ADME,Aptus Drawdown Managed Equity ETF,2020-06-19
BBAX,JPMorgan BetaBuilders Developed Asia-ex Japan ETF,2020-06-19
BBEU,JPMorgan BetaBuilders Europe ETF,2020-06-19
BBJP,JPMorgan BetaBuilders Japan ETF,2020-06-19
FMAY,FT Cboe Vest U.S. Equity Buffer ETF - May,2020-06-19
GHYG,iShares US & Intl High Yield Corp Bond ETF,2020-06-19
IBMO,iShares iBonds Dec 2026 Term Muni Bond ETF,2020-06-19
JMST,JPMorgan Ultra-Short Municipal Income ETF,2020-06-19
JPHY,JPMorgan High Yield Research Enhanced ETF,2020-06-19
PDEC,Innovator S&P 500 Power Buffer ETF - December,2020-06-19
PJAN,Innovator S&P 500 Power Buffer ETF - January,2020-06-19
QLC,FlexShares US Quality Large Cap Index Fund,2020-06-19
SHAG,WisdomTree Yield Enhanced U.S. Short-Term Aggregate Bond Fund,2020-06-19
ACES,ALPS Clean Energy ETF,2020-06-22
ADME,Aptus Drawdown Managed Equity ETF,2020-06-22
BBAX,JPMorgan BetaBuilders Developed Asia-ex Japan ETF,2020-06-22
BBEU,JPMorgan BetaBuilders Europe ETF,2020-06-22
BBJP,JPMorgan BetaBuilders Japan ETF,2020-06-22
FMAY,FT Cboe Vest U.S. Equity Buffer ETF - May,2020-06-22
IBMO,iShares iBonds Dec 2026 Term Muni Bond ETF,2020-06-22
JMST,JPMorgan Ultra-Short Municipal Income ETF,2020-06-22
JPHY,JPMorgan High Yield Research Enhanced ETF,2020-06-22
PDEC,Innovator S&P 500 Power Buffer ETF - December,2020-06-22
PJAN,Innovator S&P 500 Power Buffer ETF - January,2020-06-22
QLC,FlexShares US Quality Large Cap Index Fund,2020-06-22
SHAG,WisdomTree Yield Enhanced U.S. Short-Term Aggregate Bond Fund,2020-06-22
ACES,ALPS Clean Energy ETF,2020-06-23
ADME,Aptus Drawdown Managed Equity ETF,2020-06-23
BBAX,JPMorgan BetaBuilders Developed Asia-ex Japan ETF,2020-06-23
BBEU,JPMorgan BetaBuilders Europe ETF,2020-06-23
BBJP,JPMorgan BetaBuilders Japan ETF,2020-06-23
FMAY,FT Cboe Vest U.S. Equity Buffer ETF - May,2020-06-23
IBMO,iShares iBonds Dec 2026 Term Muni Bond ETF,2020-06-23
JMST,JPMorgan Ultra-Short Municipal Income ETF,2020-06-23
JPHY,JPMorgan High Yield Research Enhanced ETF,2020-06-23
PJAN,Innovator S&P 500 Power Buffer ETF - January,2020-06-23
QLC,FlexShares US Quality Large Cap Index Fund,2020-06-23
SHAG,WisdomTree Yield Enhanced U.S. Short-Term Aggregate Bond Fund,2020-06-23
ACES,ALPS Clean Energy ETF,2020-06-24
ADME,Aptus Drawdown Managed Equity ETF,2020-06-24
BBAX,JPMorgan BetaBuilders Developed Asia-ex Japan ETF,2020-06-24
BBEU,JPMorgan BetaBuilders Europe ETF,2020-06-24
BBJP,JPMorgan BetaBuilders Japan ETF,2020-06-24
FMAY,FT Cboe Vest U.S. Equity Buffer ETF - May,2020-06-24
IBMO,iShares iBonds Dec 2026 Term Muni Bond ETF,2020-06-24
JMST,JPMorgan Ultra-Short Municipal Income ETF,2020-06-24
JPHY,JPMorgan High Yield Research Enhanced ETF,2020-06-24
PFEB,Innovator S&P 500 Power Buffer ETF - February,2020-06-24
PJAN,Innovator S&P 500 Power Buffer ETF - January,2020-06-24
QLC,FlexShares US Quality Large Cap Index Fund,2020-06-24
SHAG,WisdomTree Yield Enhanced U.S. Short-Term Aggregate Bond Fund,2020-06-24
ACES,ALPS Clean Energy ETF,2020-06-25
ADME,Aptus Drawdown Managed Equity ETF,2020-06-25
BBAX,JPMorgan BetaBuilders Developed Asia-ex Japan ETF,2020-06-25
BBEU,JPMorgan BetaBuilders Europe ETF,2020-06-25
BBJP,JPMorgan BetaBuilders Japan ETF,2020-06-25
FMAY,FT Cboe Vest U.S. Equity Buffer ETF - May,2020-06-25
IBMO,iShares iBonds Dec 2026 Term Muni Bond ETF,2020-06-25
JMST,JPMorgan Ultra-Short Municipal Income ETF,2020-06-25
JPHY,JPMorgan High Yield Research Enhanced ETF,2020-06-25
PFEB,Innovator S&P 500 Power Buffer ETF - February,2020-06-25
PJAN,Innovator S&P 500 Power Buffer ETF - January,2020-06-25
SHAG,WisdomTree Yield Enhanced U.S. Short-Term Aggregate Bond Fund,2020-06-25
ACES,ALPS Clean Energy ETF,2020-06-26
ADME,Aptus Drawdown Managed Equity ETF,2020-06-26
BBAX,JPMorgan BetaBuilders Developed Asia-ex Japan ETF,2020-06-26
BBEU,JPMorgan BetaBuilders Europe ETF,2020-06-26
BBJP,JPMorgan BetaBuilders Japan ETF,2020-06-26
FMAY,FT Cboe Vest U.S. Equity Buffer ETF - May,2020-06-26
JMST,JPMorgan Ultra-Short Municipal Income ETF,2020-06-26
PFEB,Innovator S&P 500 Power Buffer ETF - February,2020-06-26
SHAG,WisdomTree Yield Enhanced U.S. Short-Term Aggregate Bond Fund,2020-06-26
VXX,iPath Series B S&P 500 VIX Short-Term Futures ETN,2020-06-26
ACES,ALPS Clean Energy ETF,2020-06-29
ADME,Aptus Drawdown Managed Equity ETF,2020-06-29
BBAX,JPMorgan BetaBuilders Developed Asia-ex Japan ETF,2020-06-29
BBEU,JPMorgan BetaBuilders Europe ETF,2020-06-29
BBJP,JPMorgan BetaBuilders Japan ETF,2020-06-29
FMAY,FT Cboe Vest U.S. Equity Buffer ETF - May,2020-06-29
JMST,JPMorgan Ultra-Short Municipal Income ETF,2020-06-29
PFEB,Innovator S&P 500 Power Buffer ETF - February,2020-06-29
SHAG,WisdomTree Yield Enhanced U.S. Short-Term Aggregate Bond Fund,2020-06-29
VXX,iPath Series B S&P 500 VIX Short-Term Futures ETN,2020-06-29
ACES,ALPS Clean Energy ETF,2020-06-30
ADME,Aptus Drawdown Managed Equity ETF,2020-06-30
BBAX,JPMorgan BetaBuilders Developed Asia-ex Japan ETF,2020-06-30
BBEU,JPMorgan BetaBuilders Europe ETF,2020-06-30
BBJP,JPMorgan BetaBuilders Japan ETF,2020-06-30
FMAY,FT Cboe Vest U.S. Equity Buffer ETF - May,2020-06-30
HYD,VanEck Vectors High-Yield Municipal Index ETF,2020-06-30
ICVT,iShares Convertible Bond ETF,2020-06-30
PFEB,Innovator S&P 500 Power Buffer ETF - February,2020-06-30
SHAG,WisdomTree Yield Enhanced U.S. Short-Term Aggregate Bond Fund,2020-06-30
VXX,iPath Series B S&P 500 VIX Short-Term Futures ETN,2020-06-30
ACES,ALPS Clean Energy ETF,2020-07-01
BBAX,JPMorgan BetaBuilders Developed Asia-ex Japan ETF,2020-07-01
BBEU,JPMorgan BetaBuilders Europe ETF,2020-07-01
BBJP,JPMorgan BetaBuilders Japan ETF,2020-07-01
FMAY,FT Cboe Vest U.S. Equity Buffer ETF - May,2020-07-01
HYD,VanEck Vectors High-Yield Municipal Index ETF,2020-07-01
ICVT,iShares Convertible Bond ETF,2020-07-01
PFEB,Innovator S&P 500 Power Buffer ETF - February,2020-07-01
SHAG,WisdomTree Yield Enhanced U.S. Short-Term Aggregate Bond Fund,2020-07-01
VXX,iPath Series B S&P 500 VIX Short-Term Futures ETN,2020-07-01
ACES,ALPS Clean Energy ETF,2020-07-02
BBAX,JPMorgan BetaBuilders Developed Asia-ex Japan ETF,2020-07-02
BBEU,JPMorgan BetaBuilders Europe ETF,2020-07-02
BBJP,JPMorgan BetaBuilders Japan ETF,2020-07-02
HYD,VanEck Vectors High-Yield Municipal Index ETF,2020-07-02
ICVT,iShares Convertible Bond ETF,2020-07-02
IPFF,iShares International Preferred Stock ETF,2020-07-02
PFEB,Innovator S&P 500 Power Buffer ETF - February,2020-07-02
SHAG,WisdomTree Yield Enhanced U.S. Short-Term Aggregate Bond Fund,2020-07-02
VXX,iPath Series B S&P 500 VIX Short-Term Futures ETN,2020-07-02
BBAX,JPMorgan BetaBuilders Developed Asia-ex Japan ETF,2020-07-06
BBEU,JPMorgan BetaBuilders Europe ETF,2020-07-06
BBJP,JPMorgan BetaBuilders Japan ETF,2020-07-06
FNOV,FT Cboe Vest U.S. Equity Buffer ETF - November,2020-07-06
HYD,VanEck Vectors High-Yield Municipal Index ETF,2020-07-06
ICVT,iShares Convertible Bond ETF,2020-07-06
IPFF,iShares International Preferred Stock ETF,2020-07-06
SHAG,WisdomTree Yield Enhanced U.S. Short-Term Aggregate Bond Fund,2020-07-06
VXX,iPath Series B S&P 500 VIX Short-Term Futures ETN,2020-07-06
BBAX,JPMorgan BetaBuilders Developed Asia-ex Japan ETF,2020-07-07
BBEU,JPMorgan BetaBuilders Europe ETF,2020-07-07
BBJP,JPMorgan BetaBuilders Japan ETF,2020-07-07
DURA,VanEck Vectors Morningstar Durable Dividend ETF,2020-07-07
FNOV,FT Cboe Vest U.S. Equity Buffer ETF - November,2020-07-07
HYD,VanEck Vectors High-Yield Municipal Index ETF,2020-07-07
ICVT,iShares Convertible Bond ETF,2020-07-07
IPFF,iShares International Preferred Stock ETF,2020-07-07
SHAG,WisdomTree Yield Enhanced U.S. Short-Term Aggregate Bond Fund,2020-07-07
VXX,iPath Series B S&P 500 VIX Short-Term Futures ETN,2020-07-07
BBAX,JPMorgan BetaBuilders Developed Asia-ex Japan ETF,2020-07-08
BBEU,JPMorgan BetaBuilders Europe ETF,2020-07-08
BBJP,JPMorgan BetaBuilders Japan ETF,2020-07-08
DURA,VanEck Vectors Morningstar Durable Dividend ETF,2020-07-08
FNOV,FT Cboe Vest U.S. Equity Buffer ETF - November,2020-07-08
HYD,VanEck Vectors High-Yield Municipal Index ETF,2020-07-08
ICVT,iShares Convertible Bond ETF,2020-07-08
IPFF,iShares International Preferred Stock ETF,2020-07-08
VXX,iPath Series B S&P 500 VIX Short-Term Futures ETN,2020-07-08
BBAX,JPMorgan BetaBuilders Developed Asia-ex Japan ETF,2020-07-09
BBEU,JPMorgan BetaBuilders Europe ETF,2020-07-09
DURA,VanEck Vectors Morningstar Durable Dividend ETF,2020-07-09
FNOV,FT Cboe Vest U.S. Equity Buffer ETF - November,2020-07-09
HYD,VanEck Vectors High-Yield Municipal Index ETF,2020-07-09
IPFF,iShares International Preferred Stock ETF,2020-07-09
VXX,iPath Series B S&P 500 VIX Short-Term Futures ETN,2020-07-09
BBEU,JPMorgan BetaBuilders Europe ETF,2020-07-10
BBSA,JPMorgan BetaBuilders 1-5 Year U.S. Aggregate Bond ETF,2020-07-10
DJUN,FT Cboe Vest U.S. Equity Deep Buffer ETF - June,2020-07-10
DURA,VanEck Vectors Morningstar Durable Dividend ETF,2020-07-10
FNOV,FT Cboe Vest U.S. Equity Buffer ETF - November,2020-07-10
HYD,VanEck Vectors High-Yield Municipal Index ETF,2020-07-10
IPFF,iShares International Preferred Stock ETF,2020-07-10
VXX,iPath Series B S&P 500 VIX Short-Term Futures ETN,2020-07-10
ACIO,APTUS COLLARED INCOME OPPORTUNITY ETF,2020-07-13
BBEU,JPMorgan BetaBuilders Europe ETF,2020-07-13
BBSA,JPMorgan BetaBuilders 1-5 Year U.S. Aggregate Bond ETF,2020-07-13
DJUN,FT Cboe Vest U.S. Equity Deep Buffer ETF - June,2020-07-13
DURA,VanEck Vectors Morningstar Durable Dividend ETF,2020-07-13
FNOV,FT Cboe Vest U.S. Equity Buffer ETF - November,2020-07-13
IBMN,iShares iBonds Dec 2025 Term Muni Bond ETF,2020-07-13
IPFF,iShares International Preferred Stock ETF,2020-07-13
PBND,Invesco PureBeta US Aggregate Bond ETF,2020-07-13
VXX,iPath Series B S&P 500 VIX Short-Term Futures ETN,2020-07-13
ACIO,APTUS COLLARED INCOME OPPORTUNITY ETF,2020-07-14
BBSA,JPMorgan BetaBuilders 1-5 Year U.S. Aggregate Bond ETF,2020-07-14
DJUN,FT Cboe Vest U.S. Equity Deep Buffer ETF - June,2020-07-14
DURA,VanEck Vectors Morningstar Durable Dividend ETF,2020-07-14
FJUN,FT Cboe Vest U.S. Equity Buffer ETF - June,2020-07-14
IBMN,iShares iBonds Dec 2025 Term Muni Bond ETF,2020-07-14
PBND,Invesco PureBeta US Aggregate Bond ETF,2020-07-14
VXX,iPath Series B S&P 500 VIX Short-Term Futures ETN,2020-07-14
ACIO,APTUS COLLARED INCOME OPPORTUNITY ETF,2020-07-15
BBSA,JPMorgan BetaBuilders 1-5 Year U.S. Aggregate Bond ETF,2020-07-15
DJUN,FT Cboe Vest U.S. Equity Deep Buffer ETF - June,2020-07-15
DURA,VanEck Vectors Morningstar Durable Dividend ETF,2020-07-15
FBCG,Fidelity Blue Chip Growth ETF,2020-07-15
FJUN,FT Cboe Vest U.S. Equity Buffer ETF - June,2020-07-15
IBMN,iShares iBonds Dec 2025 Term Muni Bond ETF,2020-07-15
PBND,Invesco PureBeta US Aggregate Bond ETF,2020-07-15
VXX,iPath Series B S&P 500 VIX Short-Term Futures ETN,2020-07-15
ACIO,APTUS COLLARED INCOME OPPORTUNITY ETF,2020-07-16
BBSA,JPMorgan BetaBuilders 1-5 Year U.S. Aggregate Bond ETF,2020-07-16
DJUN,FT Cboe Vest U.S. Equity Deep Buffer ETF - June,2020-07-16
DURA,VanEck Vectors Morningstar Durable Dividend ETF,2020-07-16
FBCG,Fidelity Blue Chip Growth ETF,2020-07-16
FJUN,FT Cboe Vest U.S. Equity Buffer ETF - June,2020-07-16
IBMN,iShares iBonds Dec 2025 Term Muni Bond ETF,2020-07-16
PBND,Invesco PureBeta US Aggregate Bond ETF,2020-07-16
VXX,iPath Series B S&P 500 VIX Short-Term Futures ETN,2020-07-16
ACIO,APTUS COLLARED INCOME OPPORTUNITY ETF,2020-07-17
BBSA,JPMorgan BetaBuilders 1-5 Year U.S. Aggregate Bond ETF,2020-07-17
DJUN,FT Cboe Vest U.S. Equity Deep Buffer ETF - June,2020-07-17
FBCG,Fidelity Blue Chip Growth ETF,2020-07-17
FJUN,FT Cboe Vest U.S. Equity Buffer ETF - June,2020-07-17
IBMN,iShares iBonds Dec 2025 Term Muni Bond ETF,2020-07-17
PBND,Invesco PureBeta US Aggregate Bond ETF,2020-07-17
VXX,iPath Series B S&P 500 VIX Short-Term Futures ETN,2020-07-17
ACIO,APTUS COLLARED INCOME OPPORTUNITY ETF,2020-07-20
FBCG,Fidelity Blue Chip Growth ETF,2020-07-20
FJUN,FT Cboe Vest U.S. Equity Buffer ETF - June,2020-07-20
IBMN,iShares iBonds Dec 2025 Term Muni Bond ETF,2020-07-20
PBND,Invesco PureBeta US Aggregate Bond ETF,2020-07-20
VXX,iPath Series B S&P 500 VIX Short-Term Futures ETN,2020-07-20
FBCG,Fidelity Blue Chip Growth ETF,2020-07-21
FJUN,FT Cboe Vest U.S. Equity Buffer ETF - June,2020-07-21
IBMN,iShares iBonds Dec 2025 Term Muni Bond ETF,2020-07-21
PBND,Invesco PureBeta US Aggregate Bond ETF,2020-07-21
VXX,iPath Series B S&P 500 VIX Short-Term Futures ETN,2020-07-21
FBCG,Fidelity Blue Chip Growth ETF,2020-07-22
FJUN,FT Cboe Vest U.S. Equity Buffer ETF - June,2020-07-22
IBMN,iShares iBonds Dec 2025 Term Muni Bond ETF,2020-07-22
PBND,Invesco PureBeta US Aggregate Bond ETF,2020-07-22
VXX,iPath Series B S&P 500 VIX Short-Term Futures ETN,2020-07-22
FBCG,Fidelity Blue Chip Growth ETF,2020-07-23
IBMN,iShares iBonds Dec 2025 Term Muni Bond ETF,2020-07-23
VXX,iPath Series B S&P 500 VIX Short-Term Futures ETN,2020-07-23
FBCG,Fidelity Blue Chip Growth ETF,2020-07-24
FCTR,First Trust Lunt U.S. Factor Rotation ETF,2020-07-24
IBMN,iShares iBonds Dec 2025 Term Muni Bond ETF,2020-07-24
VXX,iPath Series B S&P 500 VIX Short-Term Futures ETN,2020-07-24
FBCG,Fidelity Blue Chip Growth ETF,2020-07-27
FCTR,First Trust Lunt U.S. Factor Rotation ETF,2020-07-27
IBMN,iShares iBonds Dec 2025 Term Muni Bond ETF,2020-07-27
VXX,iPath Series B S&P 500 VIX Short-Term Futures ETN,2020-07-27
FBCG,Fidelity Blue Chip Growth ETF,2020-07-28
FCTR,First Trust Lunt U.S. Factor Rotation ETF,2020-07-28
IBMN,iShares iBonds Dec 2025 Term Muni Bond ETF,2020-07-28
TOKE,Cambria Cannabis ETF,2020-07-28
VXX,iPath Series B S&P 500 VIX Short-Term Futures ETN,2020-07-28
FBCG,Fidelity Blue Chip Growth ETF,2020-07-29
FCTR,First Trust Lunt U.S. Factor Rotation ETF,2020-07-29
FJUL,FT Cboe Vest U.S. Equity Buffer ETF - July,2020-07-29
TOKE,Cambria Cannabis ETF,2020-07-29
VXX,iPath Series B S&P 500 VIX Short-Term Futures ETN,2020-07-29
FBCG,Fidelity Blue Chip Growth ETF,2020-07-30
FCTR,First Trust Lunt U.S. Factor Rotation ETF,2020-07-30
FJUL,FT Cboe Vest U.S. Equity Buffer ETF - July,2020-07-30
NUMG,Nuveen ESG Mid-Cap Growth ETF,2020-07-30
SHAG,WisdomTree Yield Enhanced U.S. Short-Term Aggregate Bond Fund,2020-07-30
TOKE,Cambria Cannabis ETF,2020-07-30
VXX,iPath Series B S&P 500 VIX Short-Term Futures ETN,2020-07-30
FBCG,Fidelity Blue Chip Growth ETF,2020-07-31
FCTR,First Trust Lunt U.S. Factor Rotation ETF,2020-07-31
FJUL,FT Cboe Vest U.S. Equity Buffer ETF - July,2020-07-31
NUMG,Nuveen ESG Mid-Cap Growth ETF,2020-07-31
SHAG,WisdomTree Yield Enhanced U.S. Short-Term Aggregate Bond Fund,2020-07-31
TOKE,Cambria Cannabis ETF,2020-07-31
VXX,iPath Series B S&P 500 VIX Short-Term Futures ETN,2020-07-31
BBSA,JPMorgan BetaBuilders 1-5 Year U.S. Aggregate Bond ETF,2020-08-03
DJUL,FT Cboe Vest U.S. Equity Deep Buffer ETF - July,2020-08-03
FBCG,Fidelity Blue Chip Growth ETF,2020-08-03
FCTR,First Trust Lunt U.S. Factor Rotation ETF,2020-08-03
FJUL,FT Cboe Vest U.S. Equity Buffer ETF - July,2020-08-03
NUMG,Nuveen ESG Mid-Cap Growth ETF,2020-08-03
SHAG,WisdomTree Yield Enhanced U.S. Short-Term Aggregate Bond Fund,2020-08-03
TOKE,Cambria Cannabis ETF,2020-08-03
BBSA,JPMorgan BetaBuilders 1-5 Year U.S. Aggregate Bond ETF,2020-08-04
DJUL,FT Cboe Vest U.S. Equity Deep Buffer ETF - July,2020-08-04
FBCG,Fidelity Blue Chip Growth ETF,2020-08-04
FJUL,FT Cboe Vest U.S. Equity Buffer ETF - July,2020-08-04
NUMG,Nuveen ESG Mid-Cap Growth ETF,2020-08-04
SHAG,WisdomTree Yield Enhanced U.S. Short-Term Aggregate Bond Fund,2020-08-04
TOKE,Cambria Cannabis ETF,2020-08-04
BBSA,JPMorgan BetaBuilders 1-5 Year U.S. Aggregate Bond ETF,2020-08-05
DJUL,FT Cboe Vest U.S. Equity Deep Buffer ETF - July,2020-08-05
FBCG,Fidelity Blue Chip Growth ETF,2020-08-05
FJUL,FT Cboe Vest U.S. Equity Buffer ETF - July,2020-08-05
NUMG,Nuveen ESG Mid-Cap Growth ETF,2020-08-05
SHAG,WisdomTree Yield Enhanced U.S. Short-Term Aggregate Bond Fund,2020-08-05
BBSA,JPMorgan BetaBuilders 1-5 Year U.S. Aggregate Bond ETF,2020-08-06
DJUL,FT Cboe Vest U.S. Equity Deep Buffer ETF - July,2020-08-06
FBCG,Fidelity Blue Chip Growth ETF,2020-08-06
FJUL,FT Cboe Vest U.S. Equity Buffer ETF - July,2020-08-06
NUMG,Nuveen ESG Mid-Cap Growth ETF,2020-08-06
SHAG,WisdomTree Yield Enhanced U.S. Short-Term Aggregate Bond Fund,2020-08-06
BBSA,JPMorgan BetaBuilders 1-5 Year U.S. Aggregate Bond ETF,2020-08-07
DJUL,FT Cboe Vest U.S. Equity Deep Buffer ETF - July,2020-08-07
FBCG,Fidelity Blue Chip Growth ETF,2020-08-07
FJUL,FT Cboe Vest U.S. Equity Buffer ETF - July,2020-08-07
NUMG,Nuveen ESG Mid-Cap Growth ETF,2020-08-07
SHAG,WisdomTree Yield Enhanced U.S. Short-Term Aggregate Bond Fund,2020-08-07
BBSA,JPMorgan BetaBuilders 1-5 Year U.S. Aggregate Bond ETF,2020-08-10
DJUL,FT Cboe Vest U.S. Equity Deep Buffer ETF - July,2020-08-10
FBCG,Fidelity Blue Chip Growth ETF,2020-08-10
FJUL,FT Cboe Vest U.S. Equity Buffer ETF - July,2020-08-10
NUMG,Nuveen ESG Mid-Cap Growth ETF,2020-08-10
SHAG,WisdomTree Yield Enhanced U.S. Short-Term Aggregate Bond Fund,2020-08-10
AUGZ,TrueShares Structured Outcome (August) ETF,2020-08-11
BAUG,Innovator S&P 500 Buffer ETF - August,2020-08-11
BBSA,JPMorgan BetaBuilders 1-5 Year U.S. Aggregate Bond ETF,2020-08-11
BFEB,Innovator S&P 500 Buffer ETF - February,2020-08-11
DJUL,FT Cboe Vest U.S. Equity Deep Buffer ETF - July,2020-08-11
FBCG,Fidelity Blue Chip Growth ETF,2020-08-11
FJUL,FT Cboe Vest U.S. Equity Buffer ETF - July,2020-08-11
NUMG,Nuveen ESG Mid-Cap Growth ETF,2020-08-11
PAUG,Innovator S&P 500 Power Buffer ETF - August,2020-08-11
SMMD,iShares Russell 2500 ETF,2020-08-11
AUGZ,TrueShares Structured Outcome (August) ETF,2020-08-12
BAUG,Innovator S&P 500 Buffer ETF - August,2020-08-12
BBSA,JPMorgan BetaBuilders 1-5 Year U.S. Aggregate Bond ETF,2020-08-12
BFEB,Innovator S&P 500 Buffer ETF - February,2020-08-12
DJUL,FT Cboe Vest U.S. Equity Deep Buffer ETF - July,2020-08-12
FBCG,Fidelity Blue Chip Growth ETF,2020-08-12
FJUL,FT Cboe Vest U.S. Equity Buffer ETF - July,2020-08-12
LKOR,FlexShares Credit-Scored US Long Corporate Bond Index Fund,2020-08-12
NUMG,Nuveen ESG Mid-Cap Growth ETF,2020-08-12
PAUG,Innovator S&P 500 Power Buffer ETF - August,2020-08-12
SMMD,iShares Russell 2500 ETF,2020-08-12
AUGZ,TrueShares Structured Outcome (August) ETF,2020-08-13
BAUG,Innovator S&P 500 Buffer ETF - August,2020-08-13
BBSA,JPMorgan BetaBuilders 1-5 Year U.S. Aggregate Bond ETF,2020-08-13
BFEB,Innovator S&P 500 Buffer ETF - February,2020-08-13
DJUL,FT Cboe Vest U.S. Equity Deep Buffer ETF - July,2020-08-13
FBCG,Fidelity Blue Chip Growth ETF,2020-08-13
FJUL,FT Cboe Vest U.S. Equity Buffer ETF - July,2020-08-13
LKOR,FlexShares Credit-Scored US Long Corporate Bond Index Fund,2020-08-13
NUMG,Nuveen ESG Mid-Cap Growth ETF,2020-08-13
PAUG,Innovator S&P 500 Power Buffer ETF - August,2020-08-13
SMMD,iShares Russell 2500 ETF,2020-08-13
AUGZ,TrueShares Structured Outcome (August) ETF,2020-08-14
BAUG,Innovator S&P 500 Buffer ETF - August,2020-08-14
BBSA,JPMorgan BetaBuilders 1-5 Year U.S. Aggregate Bond ETF,2020-08-14
BFEB,Innovator S&P 500 Buffer ETF - February,2020-08-14
DJUL,FT Cboe Vest U.S. Equity Deep Buffer ETF - July,2020-08-14
FBCG,Fidelity Blue Chip Growth ETF,2020-08-14
FJUL,FT Cboe Vest U.S. Equity Buffer ETF - July,2020-08-14
LKOR,FlexShares Credit-Scored US Long Corporate Bond Index Fund,2020-08-14
MRSK,Agility Shares Managed Risk ETF,2020-08-14
PAUG,Innovator S&P 500 Power Buffer ETF - August,2020-08-14
SMMD,iShares Russell 2500 ETF,2020-08-14
AUGZ,TrueShares Structured Outcome (August) ETF,2020-08-17
BAUG,Innovator S&P 500 Buffer ETF - August,2020-08-17
BBSA,JPMorgan BetaBuilders 1-5 Year U.S. Aggregate Bond ETF,2020-08-17
BFEB,Innovator S&P 500 Buffer ETF - February,2020-08-17
DJUL,FT Cboe Vest U.S. Equity Deep Buffer ETF - July,2020-08-17
EPRF,Innovator S&P Investment Grade Preferred ETF,2020-08-17
FBCG,Fidelity Blue Chip Growth ETF,2020-08-17
FJUL,FT Cboe Vest U.S. Equity Buffer ETF - July,2020-08-17
IEIH,iShares Evolved U.S. Innovative Healthcare ETF,2020-08-17
LKOR,FlexShares Credit-Scored US Long Corporate Bond Index Fund,2020-08-17
MRSK,Agility Shares Managed Risk ETF,2020-08-17
PAUG,Innovator S&P 500 Power Buffer ETF - August,2020-08-17
SMMD,iShares Russell 2500 ETF,2020-08-17
AUGZ,TrueShares Structured Outcome (August) ETF,2020-08-18
BAUG,Innovator S&P 500 Buffer ETF - August,2020-08-18
BBSA,JPMorgan BetaBuilders 1-5 Year U.S. Aggregate Bond ETF,2020-08-18
BFEB,Innovator S&P 500 Buffer ETF - February,2020-08-18
DJUL,FT Cboe Vest U.S. Equity Deep Buffer ETF - July,2020-08-18
EPRF,Innovator S&P Investment Grade Preferred ETF,2020-08-18
FBCG,Fidelity Blue Chip Growth ETF,2020-08-18
FJUL,FT Cboe Vest U.S. Equity Buffer ETF - July,2020-08-18
IEIH,iShares Evolved U.S. Innovative Healthcare ETF,2020-08-18
KJAN,Innovator Russell 2000 Power Buffer ETF - January,2020-08-18
LKOR,FlexShares Credit-Scored US Long Corporate Bond Index Fund,2020-08-18
MRSK,Agility Shares Managed Risk ETF,2020-08-18
PAUG,Innovator S&P 500 Power Buffer ETF - August,2020-08-18
SMMD,iShares Russell 2500 ETF,2020-08-18
AUGZ,TrueShares Structured Outcome (August) ETF,2020-08-19
BAUG,Innovator S&P 500 Buffer ETF - August,2020-08-19
BBSA,JPMorgan BetaBuilders 1-5 Year U.S. Aggregate Bond ETF,2020-08-19
BFEB,Innovator S&P 500 Buffer ETF - February,2020-08-19
DJUL,FT Cboe Vest U.S. Equity Deep Buffer ETF - July,2020-08-19
EPRF,Innovator S&P Investment Grade Preferred ETF,2020-08-19
FBCG,Fidelity Blue Chip Growth ETF,2020-08-19
FJUL,FT Cboe Vest U.S. Equity Buffer ETF - July,2020-08-19
IEIH,iShares Evolved U.S. Innovative Healthcare ETF,2020-08-19
KJAN,Innovator Russell 2000 Power Buffer ETF - January,2020-08-19
LKOR,FlexShares Credit-Scored US Long Corporate Bond Index Fund,2020-08-19
MRSK,Agility Shares Managed Risk ETF,2020-08-19
PAUG,Innovator S&P 500 Power Buffer ETF - August,2020-08-19
SMMD,iShares Russell 2500 ETF,2020-08-19
AUGZ,TrueShares Structured Outcome (August) ETF,2020-08-20
BAUG,Innovator S&P 500 Buffer ETF - August,2020-08-20
BFEB,Innovator S&P 500 Buffer ETF - February,2020-08-20
DJUL,FT Cboe Vest U.S. Equity Deep Buffer ETF - July,2020-08-20
EPRF,Innovator S&P Investment Grade Preferred ETF,2020-08-20
FBCG,Fidelity Blue Chip Growth ETF,2020-08-20
FJUL,FT Cboe Vest U.S. Equity Buffer ETF - July,2020-08-20
IEIH,iShares Evolved U.S. Innovative Healthcare ETF,2020-08-20
JPHY,JPMorgan High Yield Research Enhanced ETF,2020-08-20
KJAN,Innovator Russell 2000 Power Buffer ETF - January,2020-08-20
MRSK,Agility Shares Managed Risk ETF,2020-08-20
SMMD,iShares Russell 2500 ETF,2020-08-20
BAUG,Innovator S&P 500 Buffer ETF - August,2020-08-21
BFEB,Innovator S&P 500 Buffer ETF - February,2020-08-21
DJUL,FT Cboe Vest U.S. Equity Deep Buffer ETF - July,2020-08-21
EPRF,Innovator S&P Investment Grade Preferred ETF,2020-08-21
FBCG,Fidelity Blue Chip Growth ETF,2020-08-21
FJUL,FT Cboe Vest U.S. Equity Buffer ETF - July,2020-08-21
IEIH,iShares Evolved U.S. Innovative Healthcare ETF,2020-08-21
IGRO,iShares International Dividend Growth ETF,2020-08-21
JPHY,JPMorgan High Yield Research Enhanced ETF,2020-08-21
KJAN,Innovator Russell 2000 Power Buffer ETF - January,2020-08-21
MRSK,Agility Shares Managed Risk ETF,2020-08-21
SMMD,iShares Russell 2500 ETF,2020-08-21
BAUG,Innovator S&P 500 Buffer ETF - August,2020-08-24
BFEB,Innovator S&P 500 Buffer ETF - February,2020-08-24
DJUL,FT Cboe Vest U.S. Equity Deep Buffer ETF - July,2020-08-24
EPRF,Innovator S&P Investment Grade Preferred ETF,2020-08-24
FBCG,Fidelity Blue Chip Growth ETF,2020-08-24
FJUL,FT Cboe Vest U.S. Equity Buffer ETF - July,2020-08-24
IEIH,iShares Evolved U.S. Innovative Healthcare ETF,2020-08-24
IGRO,iShares International Dividend Growth ETF,2020-08-24
JPHY,JPMorgan High Yield Research Enhanced ETF,2020-08-24
KJAN,Innovator Russell 2000 Power Buffer ETF - January,2020-08-24
SMMD,iShares Russell 2500 ETF,2020-08-24
WLDR,Affinity World Leaders Equity ETF,2020-08-24
BAUG,Innovator S&P 500 Buffer ETF - August,2020-08-25
BFEB,Innovator S&P 500 Buffer ETF - February,2020-08-25
DJUL,FT Cboe Vest U.S. Equity Deep Buffer ETF - July,2020-08-25
EPRF,Innovator S&P Investment Grade Preferred ETF,2020-08-25
FBCG,Fidelity Blue Chip Growth ETF,2020-08-25
FJUL,FT Cboe Vest U.S. Equity Buffer ETF - July,2020-08-25
IEIH,iShares Evolved U.S. Innovative Healthcare ETF,2020-08-25
IGRO,iShares International Dividend Growth ETF,2020-08-25
JPHY,JPMorgan High Yield Research Enhanced ETF,2020-08-25
KJAN,Innovator Russell 2000 Power Buffer ETF - January,2020-08-25
SMMD,iShares Russell 2500 ETF,2020-08-25
WLDR,Affinity World Leaders Equity ETF,2020-08-25
BAUG,Innovator S&P 500 Buffer ETF - August,2020-08-26
BFEB,Innovator S&P 500 Buffer ETF - February,2020-08-26
EPRF,Innovator S&P Investment Grade Preferred ETF,2020-08-26
FBCG,Fidelity Blue Chip Growth ETF,2020-08-26
FJUL,FT Cboe Vest U.S. Equity Buffer ETF - July,2020-08-26
IEIH,iShares Evolved U.S. Innovative Healthcare ETF,2020-08-26
IGRO,iShares International Dividend Growth ETF,2020-08-26
JPHY,JPMorgan High Yield Research Enhanced ETF,2020-08-26
KJAN,Innovator Russell 2000 Power Buffer ETF - January,2020-08-26
SMMD,iShares Russell 2500 ETF,2020-08-26
WLDR,Affinity World Leaders Equity ETF,2020-08-26
BAUG,Innovator S&P 500 Buffer ETF - August,2020-08-27
BFEB,Innovator S&P 500 Buffer ETF - February,2020-08-27
EPRF,Innovator S&P Investment Grade Preferred ETF,2020-08-27
FBCG,Fidelity Blue Chip Growth ETF,2020-08-27
FDG,American Century Focused Dynamic Growth ETF,2020-08-27
FJUL,FT Cboe Vest U.S. Equity Buffer ETF - July,2020-08-27
IEIH,iShares Evolved U.S. Innovative Healthcare ETF,2020-08-27
IGRO,iShares International Dividend Growth ETF,2020-08-27
JPHY,JPMorgan High Yield Research Enhanced ETF,2020-08-27
KJAN,Innovator Russell 2000 Power Buffer ETF - January,2020-08-27
WLDR,Affinity World Leaders Equity ETF,2020-08-27
BAUG,Innovator S&P 500 Buffer ETF - August,2020-08-28
BFEB,Innovator S&P 500 Buffer ETF - February,2020-08-28
EPRF,Innovator S&P Investment Grade Preferred ETF,2020-08-28
FBCG,Fidelity Blue Chip Growth ETF,2020-08-28
FDG,American Century Focused Dynamic Growth ETF,2020-08-28
FJUL,FT Cboe Vest U.S. Equity Buffer ETF - July,2020-08-28
IGRO,iShares International Dividend Growth ETF,2020-08-28
JPHY,JPMorgan High Yield Research Enhanced ETF,2020-08-28
WLDR,Affinity World Leaders Equity ETF,2020-08-28
BAUG,Innovator S&P 500 Buffer ETF - August,2020-08-31
EPRF,Innovator S&P Investment Grade Preferred ETF,2020-08-31
FBCG,Fidelity Blue Chip Growth ETF,2020-08-31
FDG,American Century Focused Dynamic Growth ETF,2020-08-31
FJUL,FT Cboe Vest U.S. Equity Buffer ETF - July,2020-08-31
JPHY,JPMorgan High Yield Research Enhanced ETF,2020-08-31
WLDR,Affinity World Leaders Equity ETF,2020-08-31
BAUG,Innovator S&P 500 Buffer ETF - August,2020-09-01
EPRF,Innovator S&P Investment Grade Preferred ETF,2020-09-01
FBCG,Fidelity Blue Chip Growth ETF,2020-09-01
FDG,American Century Focused Dynamic Growth ETF,2020-09-01
FJUL,FT Cboe Vest U.S. Equity Buffer ETF - July,2020-09-01
IETC,iShares Evolved U.S. Technology ETF,2020-09-01
JPHY,JPMorgan High Yield Research Enhanced ETF,2020-09-01
BAUG,Innovator S&P 500 Buffer ETF - August,2020-09-02
BBSA,JPMorgan BetaBuilders 1-5 Year U.S. Aggregate Bond ETF,2020-09-02
EPRF,Innovator S&P Investment Grade Preferred ETF,2020-09-02
FBCG,Fidelity Blue Chip Growth ETF,2020-09-02
FDG,American Century Focused Dynamic Growth ETF,2020-09-02
FJUL,FT Cboe Vest U.S. Equity Buffer ETF - July,2020-09-02
IETC,iShares Evolved U.S. Technology ETF,2020-09-02
JPHY,JPMorgan High Yield Research Enhanced ETF,2020-09-02
BAUG,Innovator S&P 500 Buffer ETF - August,2020-09-03
BBSA,JPMorgan BetaBuilders 1-5 Year U.S. Aggregate Bond ETF,2020-09-03
EPRF,Innovator S&P Investment Grade Preferred ETF,2020-09-03
FBCG,Fidelity Blue Chip Growth ETF,2020-09-03
FDG,American Century Focused Dynamic Growth ETF,2020-09-03
IETC,iShares Evolved U.S. Technology ETF,2020-09-03
JPHY,JPMorgan High Yield Research Enhanced ETF,2020-09-03
BBSA,JPMorgan BetaBuilders 1-5 Year U.S. Aggregate Bond ETF,2020-09-04
BTYS,iPath Series B US Treasury 10-year Bear ETN,2020-09-04
EPRF,Innovator S&P Investment Grade Preferred ETF,2020-09-04
FBCG,Fidelity Blue Chip Growth ETF,2020-09-04
FDG,American Century Focused Dynamic Growth ETF,2020-09-04
IETC,iShares Evolved U.S. Technology ETF,2020-09-04
JPHY,JPMorgan High Yield Research Enhanced ETF,2020-09-04
BBSA,JPMorgan BetaBuilders 1-5 Year U.S. Aggregate Bond ETF,2020-09-08
BTYS,iPath Series B US Treasury 10-year Bear ETN,2020-09-08
EPRF,Innovator S&P Investment Grade Preferred ETF,2020-09-08
FBCG,Fidelity Blue Chip Growth ETF,2020-09-08
FDG,American Century Focused Dynamic Growth ETF,2020-09-08
IETC,iShares Evolved U.S. Technology ETF,2020-09-08
PRNT,The 3D Printing ETF,2020-09-08
BBSA,JPMorgan BetaBuilders 1-5 Year U.S. Aggregate Bond ETF,2020-09-09
BTYS,iPath Series B US Treasury 10-year Bear ETN,2020-09-09
EPRF,Innovator S&P Investment Grade Preferred ETF,2020-09-09
FBCG,Fidelity Blue Chip Growth ETF,2020-09-09
FDG,American Century Focused Dynamic Growth ETF,2020-09-09
IETC,iShares Evolved U.S. Technology ETF,2020-09-09
PRNT,The 3D Printing ETF,2020-09-09
VXX,iPath Series B S&P 500 VIX Short-Term Futures ETN,2020-09-09
BBSA,JPMorgan BetaBuilders 1-5 Year U.S. Aggregate Bond ETF,2020-09-10
BTYS,iPath Series B US Treasury 10-year Bear ETN,2020-09-10
EPRF,Innovator S&P Investment Grade Preferred ETF,2020-09-10
FBCG,Fidelity Blue Chip Growth ETF,2020-09-10
FDG,American Century Focused Dynamic Growth ETF,2020-09-10
PRNT,The 3D Printing ETF,2020-09-10
VXX,iPath Series B S&P 500 VIX Short-Term Futures ETN,2020-09-10
BBSA,JPMorgan BetaBuilders 1-5 Year U.S. Aggregate Bond ETF,2020-09-11
BTYS,iPath Series B US Treasury 10-year Bear ETN,2020-09-11
EPRF,Innovator S&P Investment Grade Preferred ETF,2020-09-11
FBCG,Fidelity Blue Chip Growth ETF,2020-09-11
FDG,American Century Focused Dynamic Growth ETF,2020-09-11
PRNT,The 3D Printing ETF,2020-09-11
SEPZ,TrueShares Structured Outcome (September) ETF,2020-09-11
USEP,Innovator S&P 500 Ultra Buffer ETF - September,2020-09-11
VXX,iPath Series B S&P 500 VIX Short-Term Futures ETN,2020-09-11
BBSA,JPMorgan BetaBuilders 1-5 Year U.S. Aggregate Bond ETF,2020-09-14
BTYS,iPath Series B US Treasury 10-year Bear ETN,2020-09-14
EPRF,Innovator S&P Investment Grade Preferred ETF,2020-09-14
FDG,American Century Focused Dynamic Growth ETF,2020-09-14
PRNT,The 3D Printing ETF,2020-09-14
SEPZ,TrueShares Structured Outcome (September) ETF,2020-09-14
USEP,Innovator S&P 500 Ultra Buffer ETF - September,2020-09-14
VXX,iPath Series B S&P 500 VIX Short-Term Futures ETN,2020-09-14
BBSA,JPMorgan BetaBuilders 1-5 Year U.S. Aggregate Bond ETF,2020-09-15
EPRF,Innovator S&P Investment Grade Preferred ETF,2020-09-15
FDG,American Century Focused Dynamic Growth ETF,2020-09-15
FMAY,FT Cboe Vest U.S. Equity Buffer ETF - May,2020-09-15
PRNT,The 3D Printing ETF,2020-09-15
SEPZ,TrueShares Structured Outcome (September) ETF,2020-09-15
USEP,Innovator S&P 500 Ultra Buffer ETF - September,2020-09-15
VXX,iPath Series B S&P 500 VIX Short-Term Futures ETN,2020-09-15
BBSA,JPMorgan BetaBuilders 1-5 Year U.S. Aggregate Bond ETF,2020-09-16
EPRF,Innovator S&P Investment Grade Preferred ETF,2020-09-16
FMAY,FT Cboe Vest U.S. Equity Buffer ETF - May,2020-09-16
FUNL,CornerCap Fundametrics Large-Cap ETF,2020-09-16
MRSK,Agility Shares Managed Risk ETF,2020-09-16
PRNT,The 3D Printing ETF,2020-09-16
SEPZ,TrueShares Structured Outcome (September) ETF,2020-09-16
USEP,Innovator S&P 500 Ultra Buffer ETF - September,2020-09-16
VXX,iPath Series B S&P 500 VIX Short-Term Futures ETN,2020-09-16
BBSA,JPMorgan BetaBuilders 1-5 Year U.S. Aggregate Bond ETF,2020-09-18
BUFR,FT Cboe Vest Fund of Buffer ETFs,2020-09-18
EPRF,Innovator S&P Investment Grade Preferred ETF,2020-09-18
FMAY,FT Cboe Vest U.S. Equity Buffer ETF - May,2020-09-18
FUNL,CornerCap Fundametrics Large-Cap ETF,2020-09-18
IBMO,iShares iBonds Dec 2026 Term Muni Bond ETF,2020-09-18
JPHY,JPMorgan High Yield Research Enhanced ETF,2020-09-18
MRSK,Agility Shares Managed Risk ETF,2020-09-18
PRNT,The 3D Printing ETF,2020-09-18
SEPZ,TrueShares Structured Outcome (September) ETF,2020-09-18
SMMD,iShares Russell 2500 ETF,2020-09-18
USEP,Innovator S&P 500 Ultra Buffer ETF - September,2020-09-18
VXX,iPath Series B S&P 500 VIX Short-Term Futures ETN,2020-09-18
BBSA,JPMorgan BetaBuilders 1-5 Year U.S. Aggregate Bond ETF,2020-09-21
BUFR,FT Cboe Vest Fund of Buffer ETFs,2020-09-21
EPRF,Innovator S&P Investment Grade Preferred ETF,2020-09-21
FMAY,FT Cboe Vest U.S. Equity Buffer ETF - May,2020-09-21
FUNL,CornerCap Fundametrics Large-Cap ETF,2020-09-21
IBMO,iShares iBonds Dec 2026 Term Muni Bond ETF,2020-09-21
IZRL,ARK Israel Innovative Technology ETF,2020-09-21
JPHY,JPMorgan High Yield Research Enhanced ETF,2020-09-21
MRSK,Agility Shares Managed Risk ETF,2020-09-21
PRNT,The 3D Printing ETF,2020-09-21
SMMD,iShares Russell 2500 ETF,2020-09-21
USEP,Innovator S&P 500 Ultra Buffer ETF - September,2020-09-21
BBSA,JPMorgan BetaBuilders 1-5 Year U.S. Aggregate Bond ETF,2020-09-22
BUFR,FT Cboe Vest Fund of Buffer ETFs,2020-09-22
EPRF,Innovator S&P Investment Grade Preferred ETF,2020-09-22
FMAY,FT Cboe Vest U.S. Equity Buffer ETF - May,2020-09-22
FUNL,CornerCap Fundametrics Large-Cap ETF,2020-09-22
IBMO,iShares iBonds Dec 2026 Term Muni Bond ETF,2020-09-22
IZRL,ARK Israel Innovative Technology ETF,2020-09-22
JPHY,JPMorgan High Yield Research Enhanced ETF,2020-09-22
MRSK,Agility Shares Managed Risk ETF,2020-09-22
PRNT,The 3D Printing ETF,2020-09-22
SMMD,iShares Russell 2500 ETF,2020-09-22
USEP,Innovator S&P 500 Ultra Buffer ETF - September,2020-09-22
BBSA,JPMorgan BetaBuilders 1-5 Year U.S. Aggregate Bond ETF,2020-09-23
BSEP,Innovator S&P 500 Buffer ETF - September,2020-09-23
BUFR,FT Cboe Vest Fund of Buffer ETFs,2020-09-23
EPRF,Innovator S&P Investment Grade Preferred ETF,2020-09-23
FLV,American Century Focused Large Cap Value ETF,2020-09-23
FMAY,FT Cboe Vest U.S. Equity Buffer ETF - May,2020-09-23
FUNL,CornerCap Fundametrics Large-Cap ETF,2020-09-23
IBMO,iShares iBonds Dec 2026 Term Muni Bond ETF,2020-09-23
IZRL,ARK Israel Innovative Technology ETF,2020-09-23
JPHY,JPMorgan High Yield Research Enhanced ETF,2020-09-23
MRSK,Agility Shares Managed Risk ETF,2020-09-23
PRNT,The 3D Printing ETF,2020-09-23
SMMD,iShares Russell 2500 ETF,2020-09-23
USEP,Innovator S&P 500 Ultra Buffer ETF - September,2020-09-23
BBSA,JPMorgan BetaBuilders 1-5 Year U.S. Aggregate Bond ETF,2020-09-24
BSEP,Innovator S&P 500 Buffer ETF - September,2020-09-24
BUFR,FT Cboe Vest Fund of Buffer ETFs,2020-09-24
EPRF,Innovator S&P Investment Grade Preferred ETF,2020-09-24
FLV,American Century Focused Large Cap Value ETF,2020-09-24
FMAY,FT Cboe Vest U.S. Equity Buffer ETF - May,2020-09-24
FUNL,CornerCap Fundametrics Large-Cap ETF,2020-09-24
IBMO,iShares iBonds Dec 2026 Term Muni Bond ETF,2020-09-24
IZRL,ARK Israel Innovative Technology ETF,2020-09-24
JPHY,JPMorgan High Yield Research Enhanced ETF,2020-09-24
MRSK,Agility Shares Managed Risk ETF,2020-09-24
PRNT,The 3D Printing ETF,2020-09-24
SMMD,iShares Russell 2500 ETF,2020-09-24
USEP,Innovator S&P 500 Ultra Buffer ETF - September,2020-09-24
BBSA,JPMorgan BetaBuilders 1-5 Year U.S. Aggregate Bond ETF,2020-09-25
BSEP,Innovator S&P 500 Buffer ETF - September,2020-09-25
BUFR,FT Cboe Vest Fund of Buffer ETFs,2020-09-25
FAUG,FT Cboe Vest U.S. Equity Buffer ETF - August,2020-09-25
FLV,American Century Focused Large Cap Value ETF,2020-09-25
FMAY,FT Cboe Vest U.S. Equity Buffer ETF - May,2020-09-25
FUNL,CornerCap Fundametrics Large-Cap ETF,2020-09-25
IBMO,iShares iBonds Dec 2026 Term Muni Bond ETF,2020-09-25
IZRL,ARK Israel Innovative Technology ETF,2020-09-25
JPHY,JPMorgan High Yield Research Enhanced ETF,2020-09-25
MRSK,Agility Shares Managed Risk ETF,2020-09-25
PRNT,The 3D Printing ETF,2020-09-25
SMMD,iShares Russell 2500 ETF,2020-09-25
USEP,Innovator S&P 500 Ultra Buffer ETF - September,2020-09-25
BBSA,JPMorgan BetaBuilders 1-5 Year U.S. Aggregate Bond ETF,2020-09-28
BSEP,Innovator S&P 500 Buffer ETF - September,2020-09-28
BUFR,FT Cboe Vest Fund of Buffer ETFs,2020-09-28
FAUG,FT Cboe Vest U.S. Equity Buffer ETF - August,2020-09-28
FLV,American Century Focused Large Cap Value ETF,2020-09-28
FMAY,FT Cboe Vest U.S. Equity Buffer ETF - May,2020-09-28
FUNL,CornerCap Fundametrics Large-Cap ETF,2020-09-28
IZRL,ARK Israel Innovative Technology ETF,2020-09-28
JPHY,JPMorgan High Yield Research Enhanced ETF,2020-09-28
PRNT,The 3D Printing ETF,2020-09-28
SMMD,iShares Russell 2500 ETF,2020-09-28
USEP,Innovator S&P 500 Ultra Buffer ETF - September,2020-09-28
BBSA,JPMorgan BetaBuilders 1-5 Year U.S. Aggregate Bond ETF,2020-09-29
BSEP,Innovator S&P 500 Buffer ETF - September,2020-09-29
BUFR,FT Cboe Vest Fund of Buffer ETFs,2020-09-29
FAUG,FT Cboe Vest U.S. Equity Buffer ETF - August,2020-09-29
FLV,American Century Focused Large Cap Value ETF,2020-09-29
FMAY,FT Cboe Vest U.S. Equity Buffer ETF - May,2020-09-29
FUNL,CornerCap Fundametrics Large-Cap ETF,2020-09-29
IZRL,ARK Israel Innovative Technology ETF,2020-09-29
JPHY,JPMorgan High Yield Research Enhanced ETF,2020-09-29
SMMD,iShares Russell 2500 ETF,2020-09-29
USEP,Innovator S&P 500 Ultra Buffer ETF - September,2020-09-29
BBSA,JPMorgan BetaBuilders 1-5 Year U.S. Aggregate Bond ETF,2020-09-30
BSEP,Innovator S&P 500 Buffer ETF - September,2020-09-30
BUFR,FT Cboe Vest Fund of Buffer ETFs,2020-09-30
FAUG,FT Cboe Vest U.S. Equity Buffer ETF - August,2020-09-30
FLV,American Century Focused Large Cap Value ETF,2020-09-30
FUNL,CornerCap Fundametrics Large-Cap ETF,2020-09-30
IZRL,ARK Israel Innovative Technology ETF,2020-09-30
JPHY,JPMorgan High Yield Research Enhanced ETF,2020-09-30
SMMD,iShares Russell 2500 ETF,2020-09-30
USEP,Innovator S&P 500 Ultra Buffer ETF - September,2020-09-30
BBSA,JPMorgan BetaBuilders 1-5 Year U.S. Aggregate Bond ETF,2020-10-01
BSEP,Innovator S&P 500 Buffer ETF - September,2020-10-01
BUFR,FT Cboe Vest Fund of Buffer ETFs,2020-10-01
DSEP,FT Cboe Vest U.S. Equity Deep Buffer ETF - September,2020-10-01
FAUG,FT Cboe Vest U.S. Equity Buffer ETF - August,2020-10-01
FLV,American Century Focused Large Cap Value ETF,2020-10-01
FUNL,CornerCap Fundametrics Large-Cap ETF,2020-10-01
JPHY,JPMorgan High Yield Research Enhanced ETF,2020-10-01
PAWZ,ProShares Pet Care ETF,2020-10-01
USEP,Innovator S&P 500 Ultra Buffer ETF - September,2020-10-01
BSEP,Innovator S&P 500 Buffer ETF - September,2020-10-02
BUFR,FT Cboe Vest Fund of Buffer ETFs,2020-10-02
DSEP,FT Cboe Vest U.S. Equity Deep Buffer ETF - September,2020-10-02
FAUG,FT Cboe Vest U.S. Equity Buffer ETF - August,2020-10-02
FLV,American Century Focused Large Cap Value ETF,2020-10-02
FUNL,CornerCap Fundametrics Large-Cap ETF,2020-10-02
JCPB,JPMorgan Core Plus Bond ETF,2020-10-02
JPHY,JPMorgan High Yield Research Enhanced ETF,2020-10-02
PAWZ,ProShares Pet Care ETF,2020-10-02
USEP,Innovator S&P 500 Ultra Buffer ETF - September,2020-10-02
VCEB,Vanguard ESG U.S. Corporate Bond ETF,2020-10-02
BSEP,Innovator S&P 500 Buffer ETF - September,2020-10-05
BUFR,FT Cboe Vest Fund of Buffer ETFs,2020-10-05
DSEP,FT Cboe Vest U.S. Equity Deep Buffer ETF - September,2020-10-05
FAUG,FT Cboe Vest U.S. Equity Buffer ETF - August,2020-10-05
FLV,American Century Focused Large Cap Value ETF,2020-10-05
FUNL,CornerCap Fundametrics Large-Cap ETF,2020-10-05
JCPB,JPMorgan Core Plus Bond ETF,2020-10-05
PAWZ,ProShares Pet Care ETF,2020-10-05
USEP,Innovator S&P 500 Ultra Buffer ETF - September,2020-10-05
VCEB,Vanguard ESG U.S. Corporate Bond ETF,2020-10-05
BSEP,Innovator S&P 500 Buffer ETF - September,2020-10-06
BUFR,FT Cboe Vest Fund of Buffer ETFs,2020-10-06
DSEP,FT Cboe Vest U.S. Equity Deep Buffer ETF - September,2020-10-06
FAUG,FT Cboe Vest U.S. Equity Buffer ETF - August,2020-10-06
FLV,American Century Focused Large Cap Value ETF,2020-10-06
FUNL,CornerCap Fundametrics Large-Cap ETF,2020-10-06
JCPB,JPMorgan Core Plus Bond ETF,2020-10-06
PAWZ,ProShares Pet Care ETF,2020-10-06
USEP,Innovator S&P 500 Ultra Buffer ETF - September,2020-10-06
VCEB,Vanguard ESG U.S. Corporate Bond ETF,2020-10-06
BSEP,Innovator S&P 500 Buffer ETF - September,2020-10-07
BUFR,FT Cboe Vest Fund of Buffer ETFs,2020-10-07
DSEP,FT Cboe Vest U.S. Equity Deep Buffer ETF - September,2020-10-07
EPRF,Innovator S&P Investment Grade Preferred ETF,2020-10-07
FAUG,FT Cboe Vest U.S. Equity Buffer ETF - August,2020-10-07
FLV,American Century Focused Large Cap Value ETF,2020-10-07
FUNL,CornerCap Fundametrics Large-Cap ETF,2020-10-07
JCPB,JPMorgan Core Plus Bond ETF,2020-10-07
PAWZ,ProShares Pet Care ETF,2020-10-07
USEP,Innovator S&P 500 Ultra Buffer ETF - September,2020-10-07
VCEB,Vanguard ESG U.S. Corporate Bond ETF,2020-10-07
BSEP,Innovator S&P 500 Buffer ETF - September,2020-10-08
BUFR,FT Cboe Vest Fund of Buffer ETFs,2020-10-08
DSEP,FT Cboe Vest U.S. Equity Deep Buffer ETF - September,2020-10-08
EPRF,Innovator S&P Investment Grade Preferred ETF,2020-10-08
FAUG,FT Cboe Vest U.S. Equity Buffer ETF - August,2020-10-08
FLV,American Century Focused Large Cap Value ETF,2020-10-08
FUNL,CornerCap Fundametrics Large-Cap ETF,2020-10-08
JCPB,JPMorgan Core Plus Bond ETF,2020-10-08
PAWZ,ProShares Pet Care ETF,2020-10-08
USEP,Innovator S&P 500 Ultra Buffer ETF - September,2020-10-08
VCEB,Vanguard ESG U.S. Corporate Bond ETF,2020-10-08
BSEP,Innovator S&P 500 Buffer ETF - September,2020-10-09
BUFR,FT Cboe Vest Fund of Buffer ETFs,2020-10-09
DSEP,FT Cboe Vest U.S. Equity Deep Buffer ETF - September,2020-10-09
EPRF,Innovator S&P Investment Grade Preferred ETF,2020-10-09
FAUG,FT Cboe Vest U.S. Equity Buffer ETF - August,2020-10-09
FBCG,Fidelity Blue Chip Growth ETF,2020-10-09
FLV,American Century Focused Large Cap Value ETF,2020-10-09
FUNL,CornerCap Fundametrics Large-Cap ETF,2020-10-09
JCPB,JPMorgan Core Plus Bond ETF,2020-10-09
PAWZ,ProShares Pet Care ETF,2020-10-09
USEP,Innovator S&P 500 Ultra Buffer ETF - September,2020-10-09
VCEB,Vanguard ESG U.S. Corporate Bond ETF,2020-10-09
BSEP,Innovator S&P 500 Buffer ETF - September,2020-10-13
BUFR,FT Cboe Vest Fund of Buffer ETFs,2020-10-13
DSEP,FT Cboe Vest U.S. Equity Deep Buffer ETF - September,2020-10-13
EPRF,Innovator S&P Investment Grade Preferred ETF,2020-10-13
FBCG,Fidelity Blue Chip Growth ETF,2020-10-13
FLV,American Century Focused Large Cap Value ETF,2020-10-13
FUNL,CornerCap Fundametrics Large-Cap ETF,2020-10-13
JCPB,JPMorgan Core Plus Bond ETF,2020-10-13
PAWZ,ProShares Pet Care ETF,2020-10-13
USEP,Innovator S&P 500 Ultra Buffer ETF - September,2020-10-13
BSEP,Innovator S&P 500 Buffer ETF - September,2020-10-14
BUFR,FT Cboe Vest Fund of Buffer ETFs,2020-10-14
DSEP,FT Cboe Vest U.S. Equity Deep Buffer ETF - September,2020-10-14
EPRF,Innovator S&P Investment Grade Preferred ETF,2020-10-14
FBCG,Fidelity Blue Chip Growth ETF,2020-10-14
FUNL,CornerCap Fundametrics Large-Cap ETF,2020-10-14
JCPB,JPMorgan Core Plus Bond ETF,2020-10-14
PAWZ,ProShares Pet Care ETF,2020-10-14
USEP,Innovator S&P 500 Ultra Buffer ETF - September,2020-10-14
BSEP,Innovator S&P 500 Buffer ETF - September,2020-10-15
BUFR,FT Cboe Vest Fund of Buffer ETFs,2020-10-15
DSEP,FT Cboe Vest U.S. Equity Deep Buffer ETF - September,2020-10-15
EPRF,Innovator S&P Investment Grade Preferred ETF,2020-10-15
FBCG,Fidelity Blue Chip Growth ETF,2020-10-15
FUNL,CornerCap Fundametrics Large-Cap ETF,2020-10-15
JCPB,JPMorgan Core Plus Bond ETF,2020-10-15
PAWZ,ProShares Pet Care ETF,2020-10-15
USEP,Innovator S&P 500 Ultra Buffer ETF - September,2020-10-15
BSEP,Innovator S&P 500 Buffer ETF - September,2020-10-16
BUFR,FT Cboe Vest Fund of Buffer ETFs,2020-10-16
FBCG,Fidelity Blue Chip Growth ETF,2020-10-16
FUNL,CornerCap Fundametrics Large-Cap ETF,2020-10-16
JCPB,JPMorgan Core Plus Bond ETF,2020-10-16
NUDM,Nuveen ESG International Developed Markets Equity ETF,2020-10-16
PAWZ,ProShares Pet Care ETF,2020-10-16
USEP,Innovator S&P 500 Ultra Buffer ETF - September,2020-10-16
BSEP,Innovator S&P 500 Buffer ETF - September,2020-10-19
BUFR,FT Cboe Vest Fund of Buffer ETFs,2020-10-19
FBCG,Fidelity Blue Chip Growth ETF,2020-10-19
FUNL,CornerCap Fundametrics Large-Cap ETF,2020-10-19
JCPB,JPMorgan Core Plus Bond ETF,2020-10-19
MSTB,LHA Market State Tactical Beta ETF,2020-10-19
NUDM,Nuveen ESG International Developed Markets Equity ETF,2020-10-19
PAWZ,ProShares Pet Care ETF,2020-10-19
USEP,Innovator S&P 500 Ultra Buffer ETF - September,2020-10-19
BSEP,Innovator S&P 500 Buffer ETF - September,2020-10-20
BUFR,FT Cboe Vest Fund of Buffer ETFs,2020-10-20
EMGF,iShares MSCI Emerging Markets Multifactor ETF,2020-10-20
FBCG,Fidelity Blue Chip Growth ETF,2020-10-20
FUNL,CornerCap Fundametrics Large-Cap ETF,2020-10-20
JCPB,JPMorgan Core Plus Bond ETF,2020-10-20
MSTB,LHA Market State Tactical Beta ETF,2020-10-20
NUDM,Nuveen ESG International Developed Markets Equity ETF,2020-10-20
PAWZ,ProShares Pet Care ETF,2020-10-20
USEP,Innovator S&P 500 Ultra Buffer ETF - September,2020-10-20
BSEP,Innovator S&P 500 Buffer ETF - September,2020-10-21
BUFR,FT Cboe Vest Fund of Buffer ETFs,2020-10-21
EMGF,iShares MSCI Emerging Markets Multifactor ETF,2020-10-21
FBCG,Fidelity Blue Chip Growth ETF,2020-10-21
FUNL,CornerCap Fundametrics Large-Cap ETF,2020-10-21
IQDG,WisdomTree International Quality Dividend Growth Fund,2020-10-21
JCPB,JPMorgan Core Plus Bond ETF,2020-10-21
MSTB,LHA Market State Tactical Beta ETF,2020-10-21
NUDM,Nuveen ESG International Developed Markets Equity ETF,2020-10-21
PAWZ,ProShares Pet Care ETF,2020-10-21
USEP,Innovator S&P 500 Ultra Buffer ETF - September,2020-10-21
BSEP,Innovator S&P 500 Buffer ETF - September,2020-10-22
BUFR,FT Cboe Vest Fund of Buffer ETFs,2020-10-22
EMGF,iShares MSCI Emerging Markets Multifactor ETF,2020-10-22
FBCG,Fidelity Blue Chip Growth ETF,2020-10-22
FUNL,CornerCap Fundametrics Large-Cap ETF,2020-10-22
IQDG,WisdomTree International Quality Dividend Growth Fund,2020-10-22
JCPB,JPMorgan Core Plus Bond ETF,2020-10-22
MSTB,LHA Market State Tactical Beta ETF,2020-10-22
NUDM,Nuveen ESG International Developed Markets Equity ETF,2020-10-22
PAWZ,ProShares Pet Care ETF,2020-10-22
USEP,Innovator S&P 500 Ultra Buffer ETF - September,2020-10-22
BSEP,Innovator S&P 500 Buffer ETF - September,2020-10-23
BUFR,FT Cboe Vest Fund of Buffer ETFs,2020-10-23
EMGF,iShares MSCI Emerging Markets Multifactor ETF,2020-10-23
FBCG,Fidelity Blue Chip Growth ETF,2020-10-23
FUNL,CornerCap Fundametrics Large-Cap ETF,2020-10-23
IQDG,WisdomTree International Quality Dividend Growth Fund,2020-10-23
MSTB,LHA Market State Tactical Beta ETF,2020-10-23
NUDM,Nuveen ESG International Developed Markets Equity ETF,2020-10-23
PAWZ,ProShares Pet Care ETF,2020-10-23
USEP,Innovator S&P 500 Ultra Buffer ETF - September,2020-10-23
BSEP,Innovator S&P 500 Buffer ETF - September,2020-10-26
BUFR,FT Cboe Vest Fund of Buffer ETFs,2020-10-26
EMGF,iShares MSCI Emerging Markets Multifactor ETF,2020-10-26
FUNL,CornerCap Fundametrics Large-Cap ETF,2020-10-26
IQDG,WisdomTree International Quality Dividend Growth Fund,2020-10-26
MSTB,LHA Market State Tactical Beta ETF,2020-10-26
NUDM,Nuveen ESG International Developed Markets Equity ETF,2020-10-26
PAWZ,ProShares Pet Care ETF,2020-10-26
USEP,Innovator S&P 500 Ultra Buffer ETF - September,2020-10-26
BSEP,Innovator S&P 500 Buffer ETF - September,2020-10-27
BUFR,FT Cboe Vest Fund of Buffer ETFs,2020-10-27
EMGF,iShares MSCI Emerging Markets Multifactor ETF,2020-10-27
FUNL,CornerCap Fundametrics Large-Cap ETF,2020-10-27
IQDG,WisdomTree International Quality Dividend Growth Fund,2020-10-27
MSTB,LHA Market State Tactical Beta ETF,2020-10-27
PAWZ,ProShares Pet Care ETF,2020-10-27
USEP,Innovator S&P 500 Ultra Buffer ETF - September,2020-10-27
BSEP,Innovator S&P 500 Buffer ETF - September,2020-10-28
BUFR,FT Cboe Vest Fund of Buffer ETFs,2020-10-28
EMGF,iShares MSCI Emerging Markets Multifactor ETF,2020-10-28
FUNL,CornerCap Fundametrics Large-Cap ETF,2020-10-28
IQDG,WisdomTree International Quality Dividend Growth Fund,2020-10-28
PAWZ,ProShares Pet Care ETF,2020-10-28
USEP,Innovator S&P 500 Ultra Buffer ETF - September,2020-10-28
BSEP,Innovator S&P 500 Buffer ETF - September,2020-10-29
BUFR,FT Cboe Vest Fund of Buffer ETFs,2020-10-29
IQDG,WisdomTree International Quality Dividend Growth Fund,2020-10-29
PAWZ,ProShares Pet Care ETF,2020-10-29
USEP,Innovator S&P 500 Ultra Buffer ETF - September,2020-10-29
BSEP,Innovator S&P 500 Buffer ETF - September,2020-10-30
RDFI,Rareview Dynamic Fixed Income ETF,2020-10-30
USEP,Innovator S&P 500 Ultra Buffer ETF - September,2020-10-30
BSEP,Innovator S&P 500 Buffer ETF - September,2020-11-02
RDFI,Rareview Dynamic Fixed Income ETF,2020-11-02
USEP,Innovator S&P 500 Ultra Buffer ETF - September,2020-11-02
BSEP,Innovator S&P 500 Buffer ETF - September,2020-11-03
RDFI,Rareview Dynamic Fixed Income ETF,2020-11-03
USEP,Innovator S&P 500 Ultra Buffer ETF - September,2020-11-03
BSEP,Innovator S&P 500 Buffer ETF - September,2020-11-04
DSOC,Innovator Double Stacker ETF - October,2020-11-04
DURA,VanEck Vectors Morningstar Durable Dividend ETF,2020-11-04
RDFI,Rareview Dynamic Fixed Income ETF,2020-11-04
USEP,Innovator S&P 500 Ultra Buffer ETF - September,2020-11-04
BSEP,Innovator S&P 500 Buffer ETF - September,2020-11-05
DSOC,Innovator Double Stacker ETF - October,2020-11-05
DURA,VanEck Vectors Morningstar Durable Dividend ETF,2020-11-05
FLV,American Century Focused Large Cap Value ETF,2020-11-05
PBDM,Invesco PureBeta FTSE Developed ex-North America ETF,2020-11-05
RDFI,Rareview Dynamic Fixed Income ETF,2020-11-05
USEP,Innovator S&P 500 Ultra Buffer ETF - September,2020-11-05
BSEP,Innovator S&P 500 Buffer ETF - September,2020-11-06
DSOC,Innovator Double Stacker ETF - October,2020-11-06
DURA,VanEck Vectors Morningstar Durable Dividend ETF,2020-11-06
FLV,American Century Focused Large Cap Value ETF,2020-11-06
PBDM,Invesco PureBeta FTSE Developed ex-North America ETF,2020-11-06
RDFI,Rareview Dynamic Fixed Income ETF,2020-11-06
USEP,Innovator S&P 500 Ultra Buffer ETF - September,2020-11-06
WFHY,WisdomTree U.S. High Yield Corporate Bond Fund,2020-11-06
BSEP,Innovator S&P 500 Buffer ETF - September,2020-11-09
DSOC,Innovator Double Stacker ETF - October,2020-11-09
DURA,VanEck Vectors Morningstar Durable Dividend ETF,2020-11-09
FLV,American Century Focused Large Cap Value ETF,2020-11-09
MSTB,LHA Market State Tactical Beta ETF,2020-11-09
PBDM,Invesco PureBeta FTSE Developed ex-North America ETF,2020-11-09
RDFI,Rareview Dynamic Fixed Income ETF,2020-11-09
USEP,Innovator S&P 500 Ultra Buffer ETF - September,2020-11-09
WFHY,WisdomTree U.S. High Yield Corporate Bond Fund,2020-11-09
BNOV,Innovator S&P 500 Buffer ETF - November,2020-11-10
BSEP,Innovator S&P 500 Buffer ETF - September,2020-11-10
DSOC,Innovator Double Stacker ETF - October,2020-11-10
DURA,VanEck Vectors Morningstar Durable Dividend ETF,2020-11-10
FLV,American Century Focused Large Cap Value ETF,2020-11-10
MSTB,LHA Market State Tactical Beta ETF,2020-11-10
PBDM,Invesco PureBeta FTSE Developed ex-North America ETF,2020-11-10
RDFI,Rareview Dynamic Fixed Income ETF,2020-11-10
USEP,Innovator S&P 500 Ultra Buffer ETF - September,2020-11-10
WFHY,WisdomTree U.S. High Yield Corporate Bond Fund,2020-11-10
BNOV,Innovator S&P 500 Buffer ETF - November,2020-11-12
BSEP,Innovator S&P 500 Buffer ETF - September,2020-11-12
DSOC,Innovator Double Stacker ETF - October,2020-11-12
DURA,VanEck Vectors Morningstar Durable Dividend ETF,2020-11-12
FLV,American Century Focused Large Cap Value ETF,2020-11-12
MSTB,LHA Market State Tactical Beta ETF,2020-11-12
PBDM,Invesco PureBeta FTSE Developed ex-North America ETF,2020-11-12
USEP,Innovator S&P 500 Ultra Buffer ETF - September,2020-11-12
WFHY,WisdomTree U.S. High Yield Corporate Bond Fund,2020-11-12
BNOV,Innovator S&P 500 Buffer ETF - November,2020-11-13
BSEP,Innovator S&P 500 Buffer ETF - September,2020-11-13
DSOC,Innovator Double Stacker ETF - October,2020-11-13
DURA,VanEck Vectors Morningstar Durable Dividend ETF,2020-11-13
FLV,American Century Focused Large Cap Value ETF,2020-11-13
MSTB,LHA Market State Tactical Beta ETF,2020-11-13
PBDM,Invesco PureBeta FTSE Developed ex-North America ETF,2020-11-13
USEP,Innovator S&P 500 Ultra Buffer ETF - September,2020-11-13
WFHY,WisdomTree U.S. High Yield Corporate Bond Fund,2020-11-13
BBSA,JPMorgan BetaBuilders 1-5 Year U.S. Aggregate Bond ETF,2020-09-17
EPRF,Innovator S&P Investment Grade Preferred ETF,2020-09-17
FMAY,FT Cboe Vest U.S. Equity Buffer ETF - May,2020-09-17
FUNL,CornerCap Fundametrics Large-Cap ETF,2020-09-17
MRSK,Agility Shares Managed Risk ETF,2020-09-17
PRNT,The 3D Printing ETF,2020-09-17
SEPZ,TrueShares Structured Outcome (September) ETF,2020-09-17
SMMD,iShares Russell 2500 ETF,2020-09-17
USEP,Innovator S&P 500 Ultra Buffer ETF - September,2020-09-17
VXX,iPath Series B S&P 500 VIX Short-Term Futures ETN,2020-09-17
BNOV,Innovator S&P 500 Buffer ETF - November,2020-11-16
BSEP,Innovator S&P 500 Buffer ETF - September,2020-11-16
DURA,VanEck Vectors Morningstar Durable Dividend ETF,2020-11-16
FLV,American Century Focused Large Cap Value ETF,2020-11-16
MSTB,LHA Market State Tactical Beta ETF,2020-11-16
PBDM,Invesco PureBeta FTSE Developed ex-North America ETF,2020-11-16
USEP,Innovator S&P 500 Ultra Buffer ETF - September,2020-11-16
WFHY,WisdomTree U.S. High Yield Corporate Bond Fund,2020-11-16
BNOV,Innovator S&P 500 Buffer ETF - November,2020-11-17
BSEP,Innovator S&P 500 Buffer ETF - September,2020-11-17
DURA,VanEck Vectors Morningstar Durable Dividend ETF,2020-11-17
FLV,American Century Focused Large Cap Value ETF,2020-11-17
MSTB,LHA Market State Tactical Beta ETF,2020-11-17
PBDM,Invesco PureBeta FTSE Developed ex-North America ETF,2020-11-17
USEP,Innovator S&P 500 Ultra Buffer ETF - September,2020-11-17
WFHY,WisdomTree U.S. High Yield Corporate Bond Fund,2020-11-17
BNOV,Innovator S&P 500 Buffer ETF - November,2020-11-18
BSEP,Innovator S&P 500 Buffer ETF - September,2020-11-18
CALF,Pacer US Small Cap Cash Cows 100 ETF,2020-11-18
DURA,VanEck Vectors Morningstar Durable Dividend ETF,2020-11-18
FLV,American Century Focused Large Cap Value ETF,2020-11-18
PBDM,Invesco PureBeta FTSE Developed ex-North America ETF,2020-11-18
TOKE,Cambria Cannabis ETF,2020-11-18
USEP,Innovator S&P 500 Ultra Buffer ETF - September,2020-11-18
WFHY,WisdomTree U.S. High Yield Corporate Bond Fund,2020-11-18
BNOV,Innovator S&P 500 Buffer ETF - November,2020-11-19
BSEP,Innovator S&P 500 Buffer ETF - September,2020-11-19
CALF,Pacer US Small Cap Cash Cows 100 ETF,2020-11-19
FLV,American Century Focused Large Cap Value ETF,2020-11-19
FMIL,Fidelity New Millennium ETF,2020-11-19
PBDM,Invesco PureBeta FTSE Developed ex-North America ETF,2020-11-19
TOKE,Cambria Cannabis ETF,2020-11-19
USEP,Innovator S&P 500 Ultra Buffer ETF - September,2020-11-19
WFHY,WisdomTree U.S. High Yield Corporate Bond Fund,2020-11-19
BSEP,Innovator S&P 500 Buffer ETF - September,2020-11-20
CALF,Pacer US Small Cap Cash Cows 100 ETF,2020-11-20
FLV,American Century Focused Large Cap Value ETF,2020-11-20
FMIL,Fidelity New Millennium ETF,2020-11-20
PBDM,Invesco PureBeta FTSE Developed ex-North America ETF,2020-11-20
TOKE,Cambria Cannabis ETF,2020-11-20
USEP,Innovator S&P 500 Ultra Buffer ETF - September,2020-11-20
WFHY,WisdomTree U.S. High Yield Corporate Bond Fund,2020-11-20
BSEP,Innovator S&P 500 Buffer ETF - September,2020-11-23
CALF,Pacer US Small Cap Cash Cows 100 ETF,2020-11-23
FMIL,Fidelity New Millennium ETF,2020-11-23
PBDM,Invesco PureBeta FTSE Developed ex-North America ETF,2020-11-23
TOKE,Cambria Cannabis ETF,2020-11-23
USEP,Innovator S&P 500 Ultra Buffer ETF - September,2020-11-23
WFHY,WisdomTree U.S. High Yield Corporate Bond Fund,2020-11-23
BSEP,Innovator S&P 500 Buffer ETF - September,2020-11-24
BUFF,Innovator Laddered Fund of S&P 500 Power Buffer ETFs,2020-11-24
CALF,Pacer US Small Cap Cash Cows 100 ETF,2020-11-24
FMIL,Fidelity New Millennium ETF,2020-11-24
PBDM,Invesco PureBeta FTSE Developed ex-North America ETF,2020-11-24
TOKE,Cambria Cannabis ETF,2020-11-24
USEP,Innovator S&P 500 Ultra Buffer ETF - September,2020-11-24
WFHY,WisdomTree U.S. High Yield Corporate Bond Fund,2020-11-24
BSEP,Innovator S&P 500 Buffer ETF - September,2020-11-25
BUFF,Innovator Laddered Fund of S&P 500 Power Buffer ETFs,2020-11-25
CALF,Pacer US Small Cap Cash Cows 100 ETF,2020-11-25
FMIL,Fidelity New Millennium ETF,2020-11-25
PBDM,Invesco PureBeta FTSE Developed ex-North America ETF,2020-11-25
QLC,FlexShares US Quality Large Cap Index Fund,2020-11-25
TOKE,Cambria Cannabis ETF,2020-11-25
WFHY,WisdomTree U.S. High Yield Corporate Bond Fund,2020-11-25
BSEP,Innovator S&P 500 Buffer ETF - September,2020-11-27
BUFF,Innovator Laddered Fund of S&P 500 Power Buffer ETFs,2020-11-27
BUFR,FT Cboe Vest Fund of Buffer ETFs,2020-11-27
CALF,Pacer US Small Cap Cash Cows 100 ETF,2020-11-27
FMIL,Fidelity New Millennium ETF,2020-11-27
FUNL,CornerCap Fundametrics Large-Cap ETF,2020-11-27
PBDM,Invesco PureBeta FTSE Developed ex-North America ETF,2020-11-27
QLC,FlexShares US Quality Large Cap Index Fund,2020-11-27
WFHY,WisdomTree U.S. High Yield Corporate Bond Fund,2020-11-27
BSEP,Innovator S&P 500 Buffer ETF - September,2020-11-30
BUFF,Innovator Laddered Fund of S&P 500 Power Buffer ETFs,2020-11-30
BUFR,FT Cboe Vest Fund of Buffer ETFs,2020-11-30
CALF,Pacer US Small Cap Cash Cows 100 ETF,2020-11-30
FMIL,Fidelity New Millennium ETF,2020-11-30
FUNL,CornerCap Fundametrics Large-Cap ETF,2020-11-30
PBDM,Invesco PureBeta FTSE Developed ex-North America ETF,2020-11-30
QLC,FlexShares US Quality Large Cap Index Fund,2020-11-30
WFHY,WisdomTree U.S. High Yield Corporate Bond Fund,2020-11-30
BBUS,JPMorgan BetaBuilders U.S. Equity ETF,2020-12-01
BSEP,Innovator S&P 500 Buffer ETF - September,2020-12-01
BUFF,Innovator Laddered Fund of S&P 500 Power Buffer ETFs,2020-12-01
BUFR,FT Cboe Vest Fund of Buffer ETFs,2020-12-01
CALF,Pacer US Small Cap Cash Cows 100 ETF,2020-12-01
FMIL,Fidelity New Millennium ETF,2020-12-01
FUNL,CornerCap Fundametrics Large-Cap ETF,2020-12-01
QLC,FlexShares US Quality Large Cap Index Fund,2020-12-01
WFHY,WisdomTree U.S. High Yield Corporate Bond Fund,2020-12-01
BBUS,JPMorgan BetaBuilders U.S. Equity ETF,2020-12-02
BSEP,Innovator S&P 500 Buffer ETF - September,2020-12-02
BUFF,Innovator Laddered Fund of S&P 500 Power Buffer ETFs,2020-12-02
BUFR,FT Cboe Vest Fund of Buffer ETFs,2020-12-02
CALF,Pacer US Small Cap Cash Cows 100 ETF,2020-12-02
FMIL,Fidelity New Millennium ETF,2020-12-02
FNOV,FT Cboe Vest U.S. Equity Buffer ETF - November,2020-12-02
FUNL,CornerCap Fundametrics Large-Cap ETF,2020-12-02
OSCV,Opus Small Cap Value  ETF,2020-12-02
PSMG,Invesco Growth Multi-Asset Allocation ETF,2020-12-02
QLC,FlexShares US Quality Large Cap Index Fund,2020-12-02
WFHY,WisdomTree U.S. High Yield Corporate Bond Fund,2020-12-02
BBUS,JPMorgan BetaBuilders U.S. Equity ETF,2020-12-04
BSEP,Innovator S&P 500 Buffer ETF - September,2020-12-04
BUFR,FT Cboe Vest Fund of Buffer ETFs,2020-12-04
FMIL,Fidelity New Millennium ETF,2020-12-04
FNOV,FT Cboe Vest U.S. Equity Buffer ETF - November,2020-12-04
FUNL,CornerCap Fundametrics Large-Cap ETF,2020-12-04
OSCV,Opus Small Cap Value  ETF,2020-12-04
PSMG,Invesco Growth Multi-Asset Allocation ETF,2020-12-04
TBJL,Innovator 20+ Year Treasury Bond 9 Buffer ETF - July,2020-12-04
WFHY,WisdomTree U.S. High Yield Corporate Bond Fund,2020-12-04
BBUS,JPMorgan BetaBuilders U.S. Equity ETF,2020-12-03
BSEP,Innovator S&P 500 Buffer ETF - September,2020-12-03
BUFR,FT Cboe Vest Fund of Buffer ETFs,2020-12-03
CALF,Pacer US Small Cap Cash Cows 100 ETF,2020-12-03
FMIL,Fidelity New Millennium ETF,2020-12-03
FNOV,FT Cboe Vest U.S. Equity Buffer ETF - November,2020-12-03
FUNL,CornerCap Fundametrics Large-Cap ETF,2020-12-03
OSCV,Opus Small Cap Value  ETF,2020-12-03
PSMG,Invesco Growth Multi-Asset Allocation ETF,2020-12-03
QLC,FlexShares US Quality Large Cap Index Fund,2020-12-03
TBJL,Innovator 20+ Year Treasury Bond 9 Buffer ETF - July,2020-12-03
WFHY,WisdomTree U.S. High Yield Corporate Bond Fund,2020-12-03
BBUS,JPMorgan BetaBuilders U.S. Equity ETF,2020-12-07
BSEP,Innovator S&P 500 Buffer ETF - September,2020-12-07
BUFR,FT Cboe Vest Fund of Buffer ETFs,2020-12-07
FMIL,Fidelity New Millennium ETF,2020-12-07
FNOV,FT Cboe Vest U.S. Equity Buffer ETF - November,2020-12-07
FUNL,CornerCap Fundametrics Large-Cap ETF,2020-12-07
OSCV,Opus Small Cap Value  ETF,2020-12-07
PSMG,Invesco Growth Multi-Asset Allocation ETF,2020-12-07
TBJL,Innovator 20+ Year Treasury Bond 9 Buffer ETF - July,2020-12-07
WFHY,WisdomTree U.S. High Yield Corporate Bond Fund,2020-12-07
BBUS,JPMorgan BetaBuilders U.S. Equity ETF,2020-12-08
BSEP,Innovator S&P 500 Buffer ETF - September,2020-12-08
BUFR,FT Cboe Vest Fund of Buffer ETFs,2020-12-08
FMIL,Fidelity New Millennium ETF,2020-12-08
FNOV,FT Cboe Vest U.S. Equity Buffer ETF - November,2020-12-08
FUNL,CornerCap Fundametrics Large-Cap ETF,2020-12-08
OSCV,Opus Small Cap Value  ETF,2020-12-08
PSMG,Invesco Growth Multi-Asset Allocation ETF,2020-12-08
TBJL,Innovator 20+ Year Treasury Bond 9 Buffer ETF - July,2020-12-08
WFHY,WisdomTree U.S. High Yield Corporate Bond Fund,2020-12-08
BDEC,Innovator S&P 500 Buffer ETF - December,2020-12-09
BSEP,Innovator S&P 500 Buffer ETF - September,2020-12-09
BUFR,FT Cboe Vest Fund of Buffer ETFs,2020-12-09
FMIL,Fidelity New Millennium ETF,2020-12-09
FNOV,FT Cboe Vest U.S. Equity Buffer ETF - November,2020-12-09
FUNL,CornerCap Fundametrics Large-Cap ETF,2020-12-09
OSCV,Opus Small Cap Value  ETF,2020-12-09
PSMG,Invesco Growth Multi-Asset Allocation ETF,2020-12-09
TBJL,Innovator 20+ Year Treasury Bond 9 Buffer ETF - July,2020-12-09
WFHY,WisdomTree U.S. High Yield Corporate Bond Fund,2020-12-09
BDEC,Innovator S&P 500 Buffer ETF - December,2020-12-10
BUFR,FT Cboe Vest Fund of Buffer ETFs,2020-12-10
FLV,American Century Focused Large Cap Value ETF,2020-12-10
FMIL,Fidelity New Millennium ETF,2020-12-10
FNOV,FT Cboe Vest U.S. Equity Buffer ETF - November,2020-12-10
OSCV,Opus Small Cap Value  ETF,2020-12-10
PSMG,Invesco Growth Multi-Asset Allocation ETF,2020-12-10
TBJL,Innovator 20+ Year Treasury Bond 9 Buffer ETF - July,2020-12-10
WFHY,WisdomTree U.S. High Yield Corporate Bond Fund,2020-12-10
BDEC,Innovator S&P 500 Buffer ETF - December,2020-12-11
BUFR,FT Cboe Vest Fund of Buffer ETFs,2020-12-11
FLV,American Century Focused Large Cap Value ETF,2020-12-11
FMIL,Fidelity New Millennium ETF,2020-12-11
FNOV,FT Cboe Vest U.S. Equity Buffer ETF - November,2020-12-11
OSCV,Opus Small Cap Value  ETF,2020-12-11
PSMG,Invesco Growth Multi-Asset Allocation ETF,2020-12-11
TBJL,Innovator 20+ Year Treasury Bond 9 Buffer ETF - July,2020-12-11
WFHY,WisdomTree U.S. High Yield Corporate Bond Fund,2020-12-11
BDEC,Innovator S&P 500 Buffer ETF - December,2020-12-14
BUFR,FT Cboe Vest Fund of Buffer ETFs,2020-12-14
FBCV,Fidelity Blue Chip Value ETF,2020-12-14
FLV,American Century Focused Large Cap Value ETF,2020-12-14
FMIL,Fidelity New Millennium ETF,2020-12-14
MSTB,LHA Market State Tactical Beta ETF,2020-12-14
OSCV,Opus Small Cap Value  ETF,2020-12-14
PSMG,Invesco Growth Multi-Asset Allocation ETF,2020-12-14
TBJL,Innovator 20+ Year Treasury Bond 9 Buffer ETF - July,2020-12-14
WFHY,WisdomTree U.S. High Yield Corporate Bond Fund,2020-12-14
BDEC,Innovator S&P 500 Buffer ETF - December,2020-12-15
BUFR,FT Cboe Vest Fund of Buffer ETFs,2020-12-15
FBCV,Fidelity Blue Chip Value ETF,2020-12-15
FLV,American Century Focused Large Cap Value ETF,2020-12-15
FMIL,Fidelity New Millennium ETF,2020-12-15
MSTB,LHA Market State Tactical Beta ETF,2020-12-15
OSCV,Opus Small Cap Value  ETF,2020-12-15
PSMG,Invesco Growth Multi-Asset Allocation ETF,2020-12-15
TBJL,Innovator 20+ Year Treasury Bond 9 Buffer ETF - July,2020-12-15
BDEC,Innovator S&P 500 Buffer ETF - December,2020-12-16
BUFR,FT Cboe Vest Fund of Buffer ETFs,2020-12-16
FBCV,Fidelity Blue Chip Value ETF,2020-12-16
FLV,American Century Focused Large Cap Value ETF,2020-12-16
FMIL,Fidelity New Millennium ETF,2020-12-16
MSTB,LHA Market State Tactical Beta ETF,2020-12-16
OSCV,Opus Small Cap Value  ETF,2020-12-16
PSMG,Invesco Growth Multi-Asset Allocation ETF,2020-12-16
TBJL,Innovator 20+ Year Treasury Bond 9 Buffer ETF - July,2020-12-16
BDEC,Innovator S&P 500 Buffer ETF - December,2020-12-17
BUFR,FT Cboe Vest Fund of Buffer ETFs,2020-12-17
FBCV,Fidelity Blue Chip Value ETF,2020-12-17
FLV,American Century Focused Large Cap Value ETF,2020-12-17
FMIL,Fidelity New Millennium ETF,2020-12-17
MSTB,LHA Market State Tactical Beta ETF,2020-12-17
OSCV,Opus Small Cap Value  ETF,2020-12-17
PSMG,Invesco Growth Multi-Asset Allocation ETF,2020-12-17
TBJL,Innovator 20+ Year Treasury Bond 9 Buffer ETF - July,2020-12-17
BDEC,Innovator S&P 500 Buffer ETF - December,2020-12-18
BUFR,FT Cboe Vest Fund of Buffer ETFs,2020-12-18
DFNV,TrimTabs Donoghue Forlines Risk Managed Innovation ETF,2020-12-18
FBCV,Fidelity Blue Chip Value ETF,2020-12-18
FLV,American Century Focused Large Cap Value ETF,2020-12-18
FMIL,Fidelity New Millennium ETF,2020-12-18
MSTB,LHA Market State Tactical Beta ETF,2020-12-18
OSCV,Opus Small Cap Value  ETF,2020-12-18
PSMG,Invesco Growth Multi-Asset Allocation ETF,2020-12-18
TBJL,Innovator 20+ Year Treasury Bond 9 Buffer ETF - July,2020-12-18
BDEC,Innovator S&P 500 Buffer ETF - December,2020-12-21
BUFR,FT Cboe Vest Fund of Buffer ETFs,2020-12-21
DFNV,TrimTabs Donoghue Forlines Risk Managed Innovation ETF,2020-12-21
FBCV,Fidelity Blue Chip Value ETF,2020-12-21
FLV,American Century Focused Large Cap Value ETF,2020-12-21
FMIL,Fidelity New Millennium ETF,2020-12-21
MSTB,LHA Market State Tactical Beta ETF,2020-12-21
OSCV,Opus Small Cap Value  ETF,2020-12-21
PSMG,Invesco Growth Multi-Asset Allocation ETF,2020-12-21
TBJL,Innovator 20+ Year Treasury Bond 9 Buffer ETF - July,2020-12-21
BDEC,Innovator S&P 500 Buffer ETF - December,2020-12-22
BUFR,FT Cboe Vest Fund of Buffer ETFs,2020-12-22
DFNV,TrimTabs Donoghue Forlines Risk Managed Innovation ETF,2020-12-22
FBCV,Fidelity Blue Chip Value ETF,2020-12-22
FLV,American Century Focused Large Cap Value ETF,2020-12-22
FMIL,Fidelity New Millennium ETF,2020-12-22
IZRL,ARK Israel Innovative Technology ETF,2020-12-22
MSTB,LHA Market State Tactical Beta ETF,2020-12-22
OSCV,Opus Small Cap Value  ETF,2020-12-22
PSMG,Invesco Growth Multi-Asset Allocation ETF,2020-12-22
TBJL,Innovator 20+ Year Treasury Bond 9 Buffer ETF - July,2020-12-22
BDEC,Innovator S&P 500 Buffer ETF - December,2020-12-23
BUFR,FT Cboe Vest Fund of Buffer ETFs,2020-12-23
DFNV,TrimTabs Donoghue Forlines Risk Managed Innovation ETF,2020-12-23
FBCV,Fidelity Blue Chip Value ETF,2020-12-23
FLV,American Century Focused Large Cap Value ETF,2020-12-23
FMIL,Fidelity New Millennium ETF,2020-12-23
IZRL,ARK Israel Innovative Technology ETF,2020-12-23
JPIB,JPMorgan International Bond Opportunities ETF,2020-12-23
MSTB,LHA Market State Tactical Beta ETF,2020-12-23
OSCV,Opus Small Cap Value  ETF,2020-12-23
PSMG,Invesco Growth Multi-Asset Allocation ETF,2020-12-23
TBJL,Innovator 20+ Year Treasury Bond 9 Buffer ETF - July,2020-12-23
BDEC,Innovator S&P 500 Buffer ETF - December,2020-12-24
BUFR,FT Cboe Vest Fund of Buffer ETFs,2020-12-24
DFNV,TrimTabs Donoghue Forlines Risk Managed Innovation ETF,2020-12-24
FBCV,Fidelity Blue Chip Value ETF,2020-12-24
FLV,American Century Focused Large Cap Value ETF,2020-12-24
FMIL,Fidelity New Millennium ETF,2020-12-24
IZRL,ARK Israel Innovative Technology ETF,2020-12-24
JPIB,JPMorgan International Bond Opportunities ETF,2020-12-24
MSTB,LHA Market State Tactical Beta ETF,2020-12-24
OSCV,Opus Small Cap Value  ETF,2020-12-24
PSMG,Invesco Growth Multi-Asset Allocation ETF,2020-12-24
TBJL,Innovator 20+ Year Treasury Bond 9 Buffer ETF - July,2020-12-24
BDEC,Innovator S&P 500 Buffer ETF - December,2020-12-28
BUFR,FT Cboe Vest Fund of Buffer ETFs,2020-12-28
DFNV,TrimTabs Donoghue Forlines Risk Managed Innovation ETF,2020-12-28
FBCV,Fidelity Blue Chip Value ETF,2020-12-28
FLV,American Century Focused Large Cap Value ETF,2020-12-28
FMIL,Fidelity New Millennium ETF,2020-12-28
IZRL,ARK Israel Innovative Technology ETF,2020-12-28
JPIB,JPMorgan International Bond Opportunities ETF,2020-12-28
MSTB,LHA Market State Tactical Beta ETF,2020-12-28
OSCV,Opus Small Cap Value  ETF,2020-12-28
PAWZ,ProShares Pet Care ETF,2020-12-28
PSMG,Invesco Growth Multi-Asset Allocation ETF,2020-12-28
TBJL,Innovator 20+ Year Treasury Bond 9 Buffer ETF - July,2020-12-28
BDEC,Innovator S&P 500 Buffer ETF - December,2020-12-29
BUFR,FT Cboe Vest Fund of Buffer ETFs,2020-12-29
FBCV,Fidelity Blue Chip Value ETF,2020-12-29
FLV,American Century Focused Large Cap Value ETF,2020-12-29
FMIL,Fidelity New Millennium ETF,2020-12-29
IZRL,ARK Israel Innovative Technology ETF,2020-12-29
JPIB,JPMorgan International Bond Opportunities ETF,2020-12-29
MSTB,LHA Market State Tactical Beta ETF,2020-12-29
OSCV,Opus Small Cap Value  ETF,2020-12-29
PAWZ,ProShares Pet Care ETF,2020-12-29
PSMG,Invesco Growth Multi-Asset Allocation ETF,2020-12-29
TBJL,Innovator 20+ Year Treasury Bond 9 Buffer ETF - July,2020-12-29
BDEC,Innovator S&P 500 Buffer ETF - December,2020-12-30
BUFR,FT Cboe Vest Fund of Buffer ETFs,2020-12-30
FBCV,Fidelity Blue Chip Value ETF,2020-12-30
FLV,American Century Focused Large Cap Value ETF,2020-12-30
FMIL,Fidelity New Millennium ETF,2020-12-30
IZRL,ARK Israel Innovative Technology ETF,2020-12-30
JPIB,JPMorgan International Bond Opportunities ETF,2020-12-30
MSTB,LHA Market State Tactical Beta ETF,2020-12-30
PAWZ,ProShares Pet Care ETF,2020-12-30
TBJL,Innovator 20+ Year Treasury Bond 9 Buffer ETF - July,2020-12-30
BDEC,Innovator S&P 500 Buffer ETF - December,2020-12-31
FBCV,Fidelity Blue Chip Value ETF,2020-12-31
FNOV,FT Cboe Vest U.S. Equity Buffer ETF - November,2020-12-31
IZRL,ARK Israel Innovative Technology ETF,2020-12-31
JPIB,JPMorgan International Bond Opportunities ETF,2020-12-31
MSTB,LHA Market State Tactical Beta ETF,2020-12-31
PAWZ,ProShares Pet Care ETF,2020-12-31
TBJL,Innovator 20+ Year Treasury Bond 9 Buffer ETF - July,2020-12-31
FBCV,Fidelity Blue Chip Value ETF,2021-01-04
FNOV,FT Cboe Vest U.S. Equity Buffer ETF - November,2021-01-04
MSTB,LHA Market State Tactical Beta ETF,2021-01-04
PAWZ,ProShares Pet Care ETF,2021-01-04
TBJL,Innovator 20+ Year Treasury Bond 9 Buffer ETF - July,2021-01-04
FBCV,Fidelity Blue Chip Value ETF,2021-01-05
FNOV,FT Cboe Vest U.S. Equity Buffer ETF - November,2021-01-05
MSTB,LHA Market State Tactical Beta ETF,2021-01-05
PAWZ,ProShares Pet Care ETF,2021-01-05
TBJL,Innovator 20+ Year Treasury Bond 9 Buffer ETF - July,2021-01-05
FBCV,Fidelity Blue Chip Value ETF,2021-01-06
FNOV,FT Cboe Vest U.S. Equity Buffer ETF - November,2021-01-06
MSTB,LHA Market State Tactical Beta ETF,2021-01-06
TBJL,Innovator 20+ Year Treasury Bond 9 Buffer ETF - July,2021-01-06
FBCV,Fidelity Blue Chip Value ETF,2021-01-07
FNOV,FT Cboe Vest U.S. Equity Buffer ETF - November,2021-01-07
MSTB,LHA Market State Tactical Beta ETF,2021-01-07
TBJL,Innovator 20+ Year Treasury Bond 9 Buffer ETF - July,2021-01-07
FBCV,Fidelity Blue Chip Value ETF,2021-01-08
FNOV,FT Cboe Vest U.S. Equity Buffer ETF - November,2021-01-08
MSTB,LHA Market State Tactical Beta ETF,2021-01-08
QDEC,FT Cboe Vest Growth-100 Buffer ETF - December,2021-01-08
TBJL,Innovator 20+ Year Treasury Bond 9 Buffer ETF - July,2021-01-08
FBCV,Fidelity Blue Chip Value ETF,2021-01-11
FNOV,FT Cboe Vest U.S. Equity Buffer ETF - November,2021-01-11
MSTB,LHA Market State Tactical Beta ETF,2021-01-11
QDEC,FT Cboe Vest Growth-100 Buffer ETF - December,2021-01-11
TBJL,Innovator 20+ Year Treasury Bond 9 Buffer ETF - July,2021-01-11
TSOC,Innovator Triple Stacker ETF - October,2021-01-11
FBCV,Fidelity Blue Chip Value ETF,2021-01-12
KJAN,Innovator Russell 2000 Power Buffer ETF - January,2021-01-12
MSTB,LHA Market State Tactical Beta ETF,2021-01-12
NUEM,Nuveen ESG Emerging Markets Equity ETF,2021-01-12
OMFS,Invesco Russell 2000 Dynamic Multifactor ETF,2021-01-12
QDEC,FT Cboe Vest Growth-100 Buffer ETF - December,2021-01-12
TBJL,Innovator 20+ Year Treasury Bond 9 Buffer ETF - July,2021-01-12
TSOC,Innovator Triple Stacker ETF - October,2021-01-12
DUDE,Merlyn.AI SectorSurfer Momentum ETF,2021-01-13
FBCV,Fidelity Blue Chip Value ETF,2021-01-13
FLQM,Franklin LibertyQ U.S. Mid Cap Equity ETF,2021-01-13
KJAN,Innovator Russell 2000 Power Buffer ETF - January,2021-01-13
MSTB,LHA Market State Tactical Beta ETF,2021-01-13
NUEM,Nuveen ESG Emerging Markets Equity ETF,2021-01-13
OMFS,Invesco Russell 2000 Dynamic Multifactor ETF,2021-01-13
QDEC,FT Cboe Vest Growth-100 Buffer ETF - December,2021-01-13
TBJL,Innovator 20+ Year Treasury Bond 9 Buffer ETF - July,2021-01-13
TSOC,Innovator Triple Stacker ETF - October,2021-01-13
BUFR,FT Cboe Vest Fund of Buffer ETFs,2021-01-14
CBTG,Cabot Growth ETF,2021-01-14
DUDE,Merlyn.AI SectorSurfer Momentum ETF,2021-01-14
FBCV,Fidelity Blue Chip Value ETF,2021-01-14
FLQM,Franklin LibertyQ U.S. Mid Cap Equity ETF,2021-01-14
KJAN,Innovator Russell 2000 Power Buffer ETF - January,2021-01-14
NUEM,Nuveen ESG Emerging Markets Equity ETF,2021-01-14
OMFS,Invesco Russell 2000 Dynamic Multifactor ETF,2021-01-14
QDEC,FT Cboe Vest Growth-100 Buffer ETF - December,2021-01-14
TBJL,Innovator 20+ Year Treasury Bond 9 Buffer ETF - July,2021-01-14
TSOC,Innovator Triple Stacker ETF - October,2021-01-14
BUFR,FT Cboe Vest Fund of Buffer ETFs,2021-01-15
CBTG,Cabot Growth ETF,2021-01-15
DUDE,Merlyn.AI SectorSurfer Momentum ETF,2021-01-15
EUCG,Euclid Capital Growth ETF,2021-01-15
FBCV,Fidelity Blue Chip Value ETF,2021-01-15
FLQM,Franklin LibertyQ U.S. Mid Cap Equity ETF,2021-01-15
KJAN,Innovator Russell 2000 Power Buffer ETF - January,2021-01-15
NUEM,Nuveen ESG Emerging Markets Equity ETF,2021-01-15
OMFS,Invesco Russell 2000 Dynamic Multifactor ETF,2021-01-15
PBSM,Invesco PureBeta MSCI USA Small Cap ETF,2021-01-15
QDEC,FT Cboe Vest Growth-100 Buffer ETF - December,2021-01-15
SLVP,iShares MSCI Global Silver and Metals Miners ETF,2021-01-15
TBJL,Innovator 20+ Year Treasury Bond 9 Buffer ETF - July,2021-01-15
TSOC,Innovator Triple Stacker ETF - October,2021-01-15
BUFR,FT Cboe Vest Fund of Buffer ETFs,2021-01-19
CBTG,Cabot Growth ETF,2021-01-19
DUDE,Merlyn.AI SectorSurfer Momentum ETF,2021-01-19
EUCG,Euclid Capital Growth ETF,2021-01-19
FBCV,Fidelity Blue Chip Value ETF,2021-01-19
FLQM,Franklin LibertyQ U.S. Mid Cap Equity ETF,2021-01-19
KJAN,Innovator Russell 2000 Power Buffer ETF - January,2021-01-19
NUEM,Nuveen ESG Emerging Markets Equity ETF,2021-01-19
OMFS,Invesco Russell 2000 Dynamic Multifactor ETF,2021-01-19
PBSM,Invesco PureBeta MSCI USA Small Cap ETF,2021-01-19
QDEC,FT Cboe Vest Growth-100 Buffer ETF - December,2021-01-19
SLVP,iShares MSCI Global Silver and Metals Miners ETF,2021-01-19
TBJL,Innovator 20+ Year Treasury Bond 9 Buffer ETF - July,2021-01-19
TSOC,Innovator Triple Stacker ETF - October,2021-01-19
BUFR,FT Cboe Vest Fund of Buffer ETFs,2021-01-20
CBTG,Cabot Growth ETF,2021-01-20
DUDE,Merlyn.AI SectorSurfer Momentum ETF,2021-01-20
EUCG,Euclid Capital Growth ETF,2021-01-20
FBCV,Fidelity Blue Chip Value ETF,2021-01-20
FLQM,Franklin LibertyQ U.S. Mid Cap Equity ETF,2021-01-20
KJAN,Innovator Russell 2000 Power Buffer ETF - January,2021-01-20
NUEM,Nuveen ESG Emerging Markets Equity ETF,2021-01-20
OMFS,Invesco Russell 2000 Dynamic Multifactor ETF,2021-01-20
PBSM,Invesco PureBeta MSCI USA Small Cap ETF,2021-01-20
QDEC,FT Cboe Vest Growth-100 Buffer ETF - December,2021-01-20
SLVP,iShares MSCI Global Silver and Metals Miners ETF,2021-01-20
TBJL,Innovator 20+ Year Treasury Bond 9 Buffer ETF - July,2021-01-20
BUFR,FT Cboe Vest Fund of Buffer ETFs,2021-01-21
CBTG,Cabot Growth ETF,2021-01-21
DUDE,Merlyn.AI SectorSurfer Momentum ETF,2021-01-21
EUCG,Euclid Capital Growth ETF,2021-01-21
FBCV,Fidelity Blue Chip Value ETF,2021-01-21
FLQM,Franklin LibertyQ U.S. Mid Cap Equity ETF,2021-01-21
KJAN,Innovator Russell 2000 Power Buffer ETF - January,2021-01-21
MSTB,LHA Market State Tactical Beta ETF,2021-01-21
NUEM,Nuveen ESG Emerging Markets Equity ETF,2021-01-21
OMFS,Invesco Russell 2000 Dynamic Multifactor ETF,2021-01-21
PBSM,Invesco PureBeta MSCI USA Small Cap ETF,2021-01-21
QDEC,FT Cboe Vest Growth-100 Buffer ETF - December,2021-01-21
SLVP,iShares MSCI Global Silver and Metals Miners ETF,2021-01-21
TBJL,Innovator 20+ Year Treasury Bond 9 Buffer ETF - July,2021-01-21
BOB,Merlyn.AI Best-of-Breed Core Momentum ETF,2021-01-22
BUFR,FT Cboe Vest Fund of Buffer ETFs,2021-01-22
CBTG,Cabot Growth ETF,2021-01-22
DUDE,Merlyn.AI SectorSurfer Momentum ETF,2021-01-22
EUCG,Euclid Capital Growth ETF,2021-01-22
FBCV,Fidelity Blue Chip Value ETF,2021-01-22
FLQM,Franklin LibertyQ U.S. Mid Cap Equity ETF,2021-01-22
KJAN,Innovator Russell 2000 Power Buffer ETF - January,2021-01-22
MSTB,LHA Market State Tactical Beta ETF,2021-01-22
OMFS,Invesco Russell 2000 Dynamic Multifactor ETF,2021-01-22
PBSM,Invesco PureBeta MSCI USA Small Cap ETF,2021-01-22
QDEC,FT Cboe Vest Growth-100 Buffer ETF - December,2021-01-22
SLVP,iShares MSCI Global Silver and Metals Miners ETF,2021-01-22
TBJL,Innovator 20+ Year Treasury Bond 9 Buffer ETF - July,2021-01-22
BOB,Merlyn.AI Best-of-Breed Core Momentum ETF,2021-01-25
BUFR,FT Cboe Vest Fund of Buffer ETFs,2021-01-25
CBTG,Cabot Growth ETF,2021-01-25
DUDE,Merlyn.AI SectorSurfer Momentum ETF,2021-01-25
EUCG,Euclid Capital Growth ETF,2021-01-25
FBCV,Fidelity Blue Chip Value ETF,2021-01-25
FLQM,Franklin LibertyQ U.S. Mid Cap Equity ETF,2021-01-25
IQDG,WisdomTree International Quality Dividend Growth Fund,2021-01-25
KJAN,Innovator Russell 2000 Power Buffer ETF - January,2021-01-25
MSTB,LHA Market State Tactical Beta ETF,2021-01-25
PBSM,Invesco PureBeta MSCI USA Small Cap ETF,2021-01-25
QDEC,FT Cboe Vest Growth-100 Buffer ETF - December,2021-01-25
SLVP,iShares MSCI Global Silver and Metals Miners ETF,2021-01-25
TBJL,Innovator 20+ Year Treasury Bond 9 Buffer ETF - July,2021-01-25
BOB,Merlyn.AI Best-of-Breed Core Momentum ETF,2021-01-26
BUFR,FT Cboe Vest Fund of Buffer ETFs,2021-01-26
CBTG,Cabot Growth ETF,2021-01-26
DUDE,Merlyn.AI SectorSurfer Momentum ETF,2021-01-26
EUCG,Euclid Capital Growth ETF,2021-01-26
FBCV,Fidelity Blue Chip Value ETF,2021-01-26
FLQM,Franklin LibertyQ U.S. Mid Cap Equity ETF,2021-01-26
IQDG,WisdomTree International Quality Dividend Growth Fund,2021-01-26
KJAN,Innovator Russell 2000 Power Buffer ETF - January,2021-01-26
MSTB,LHA Market State Tactical Beta ETF,2021-01-26
PBSM,Invesco PureBeta MSCI USA Small Cap ETF,2021-01-26
PSMC,Invesco Conservative Multi-Asset Allocation ETF,2021-01-26
QDEC,FT Cboe Vest Growth-100 Buffer ETF - December,2021-01-26
BOB,Merlyn.AI Best-of-Breed Core Momentum ETF,2021-01-27
BUFR,FT Cboe Vest Fund of Buffer ETFs,2021-01-27
CBTG,Cabot Growth ETF,2021-01-27
DUDE,Merlyn.AI SectorSurfer Momentum ETF,2021-01-27
EUCG,Euclid Capital Growth ETF,2021-01-27
FLQM,Franklin LibertyQ U.S. Mid Cap Equity ETF,2021-01-27
IQDG,WisdomTree International Quality Dividend Growth Fund,2021-01-27
KJAN,Innovator Russell 2000 Power Buffer ETF - January,2021-01-27
MSTB,LHA Market State Tactical Beta ETF,2021-01-27
PBSM,Invesco PureBeta MSCI USA Small Cap ETF,2021-01-27
PSMC,Invesco Conservative Multi-Asset Allocation ETF,2021-01-27
QDEC,FT Cboe Vest Growth-100 Buffer ETF - December,2021-01-27
BOB,Merlyn.AI Best-of-Breed Core Momentum ETF,2021-01-28
BUFR,FT Cboe Vest Fund of Buffer ETFs,2021-01-28
CBTG,Cabot Growth ETF,2021-01-28
DUDE,Merlyn.AI SectorSurfer Momentum ETF,2021-01-28
EUCG,Euclid Capital Growth ETF,2021-01-28
FLV,American Century Focused Large Cap Value ETF,2021-01-28
IQDG,WisdomTree International Quality Dividend Growth Fund,2021-01-28
KJAN,Innovator Russell 2000 Power Buffer ETF - January,2021-01-28
MSTB,LHA Market State Tactical Beta ETF,2021-01-28
NULG,Nuveen ESG Large-Cap Growth ETF,2021-01-28
PSMC,Invesco Conservative Multi-Asset Allocation ETF,2021-01-28
QDEC,FT Cboe Vest Growth-100 Buffer ETF - December,2021-01-28
BOB,Merlyn.AI Best-of-Breed Core Momentum ETF,2021-01-29
BUFR,FT Cboe Vest Fund of Buffer ETFs,2021-01-29
CBTG,Cabot Growth ETF,2021-01-29
EUCG,Euclid Capital Growth ETF,2021-01-29
FLV,American Century Focused Large Cap Value ETF,2021-01-29
IQDG,WisdomTree International Quality Dividend Growth Fund,2021-01-29
MSTB,LHA Market State Tactical Beta ETF,2021-01-29
NULG,Nuveen ESG Large-Cap Growth ETF,2021-01-29
PSMC,Invesco Conservative Multi-Asset Allocation ETF,2021-01-29
QDEC,FT Cboe Vest Growth-100 Buffer ETF - December,2021-01-29
BOB,Merlyn.AI Best-of-Breed Core Momentum ETF,2021-02-01
BUFR,FT Cboe Vest Fund of Buffer ETFs,2021-02-01
CBTG,Cabot Growth ETF,2021-02-01
EUCG,Euclid Capital Growth ETF,2021-02-01
FLV,American Century Focused Large Cap Value ETF,2021-02-01
IQDG,WisdomTree International Quality Dividend Growth Fund,2021-02-01
MSTB,LHA Market State Tactical Beta ETF,2021-02-01
NUEM,Nuveen ESG Emerging Markets Equity ETF,2021-02-01
NULG,Nuveen ESG Large-Cap Growth ETF,2021-02-01
PSMC,Invesco Conservative Multi-Asset Allocation ETF,2021-02-01
QDEC,FT Cboe Vest Growth-100 Buffer ETF - December,2021-02-01
BUFR,FT Cboe Vest Fund of Buffer ETFs,2021-02-02
CBTG,Cabot Growth ETF,2021-02-02
EUCG,Euclid Capital Growth ETF,2021-02-02
FLV,American Century Focused Large Cap Value ETF,2021-02-02
IQDG,WisdomTree International Quality Dividend Growth Fund,2021-02-02
MSTB,LHA Market State Tactical Beta ETF,2021-02-02
NUEM,Nuveen ESG Emerging Markets Equity ETF,2021-02-02
NULG,Nuveen ESG Large-Cap Growth ETF,2021-02-02
PSMC,Invesco Conservative Multi-Asset Allocation ETF,2021-02-02
QDEC,FT Cboe Vest Growth-100 Buffer ETF - December,2021-02-02
BUFR,FT Cboe Vest Fund of Buffer ETFs,2021-02-03
CBTG,Cabot Growth ETF,2021-02-03
EUCG,Euclid Capital Growth ETF,2021-02-03
FLV,American Century Focused Large Cap Value ETF,2021-02-03
IQDG,WisdomTree International Quality Dividend Growth Fund,2021-02-03
NUEM,Nuveen ESG Emerging Markets Equity ETF,2021-02-03
NULG,Nuveen ESG Large-Cap Growth ETF,2021-02-03
QDEC,FT Cboe Vest Growth-100 Buffer ETF - December,2021-02-03
BUFR,FT Cboe Vest Fund of Buffer ETFs,2021-02-04
CBTG,Cabot Growth ETF,2021-02-04
EUCG,Euclid Capital Growth ETF,2021-02-04
FLV,American Century Focused Large Cap Value ETF,2021-02-04
NUEM,Nuveen ESG Emerging Markets Equity ETF,2021-02-04
NULG,Nuveen ESG Large-Cap Growth ETF,2021-02-04
QDEC,FT Cboe Vest Growth-100 Buffer ETF - December,2021-02-04
CBTG,Cabot Growth ETF,2021-02-05
EUCG,Euclid Capital Growth ETF,2021-02-05
FLV,American Century Focused Large Cap Value ETF,2021-02-05
NUEM,Nuveen ESG Emerging Markets Equity ETF,2021-02-05
QDEC,FT Cboe Vest Growth-100 Buffer ETF - December,2021-02-05
CBTG,Cabot Growth ETF,2021-02-08
EUCG,Euclid Capital Growth ETF,2021-02-08
NUEM,Nuveen ESG Emerging Markets Equity ETF,2021-02-08
QDEC,FT Cboe Vest Growth-100 Buffer ETF - December,2021-02-08
CBTG,Cabot Growth ETF,2021-02-09
DUDE,Merlyn.AI SectorSurfer Momentum ETF,2021-02-09
EUCG,Euclid Capital Growth ETF,2021-02-09
FEBZ,TrueShares Structured Outcome (February) ETF,2021-02-09
HYDB,iShares High Yield Bond Factor ETF,2021-02-09
PSMB,Invesco Balanced Multi-Asset Allocation ETF,2021-02-09
PSMM,Invesco Moderately Conservative Multi-Asset Allocation ETF,2021-02-09
QDEC,FT Cboe Vest Growth-100 Buffer ETF - December,2021-02-09
CBTG,Cabot Growth ETF,2021-02-10
DUDE,Merlyn.AI SectorSurfer Momentum ETF,2021-02-10
EUCG,Euclid Capital Growth ETF,2021-02-10
FEBZ,TrueShares Structured Outcome (February) ETF,2021-02-10
HYDB,iShares High Yield Bond Factor ETF,2021-02-10
PSMB,Invesco Balanced Multi-Asset Allocation ETF,2021-02-10
PSMM,Invesco Moderately Conservative Multi-Asset Allocation ETF,2021-02-10
QDEC,FT Cboe Vest Growth-100 Buffer ETF - December,2021-02-10
CBTG,Cabot Growth ETF,2021-02-11
DUDE,Merlyn.AI SectorSurfer Momentum ETF,2021-02-11
EUCG,Euclid Capital Growth ETF,2021-02-11
FEBZ,TrueShares Structured Outcome (February) ETF,2021-02-11
HYDB,iShares High Yield Bond Factor ETF,2021-02-11
PBSM,Invesco PureBeta MSCI USA Small Cap ETF,2021-02-11
PSMB,Invesco Balanced Multi-Asset Allocation ETF,2021-02-11
PSMM,Invesco Moderately Conservative Multi-Asset Allocation ETF,2021-02-11
QDEC,FT Cboe Vest Growth-100 Buffer ETF - December,2021-02-11
CBTG,Cabot Growth ETF,2021-02-12
DUDE,Merlyn.AI SectorSurfer Momentum ETF,2021-02-12
FEBZ,TrueShares Structured Outcome (February) ETF,2021-02-12
HYDB,iShares High Yield Bond Factor ETF,2021-02-12
OMFS,Invesco Russell 2000 Dynamic Multifactor ETF,2021-02-12
PBSM,Invesco PureBeta MSCI USA Small Cap ETF,2021-02-12
PSMB,Invesco Balanced Multi-Asset Allocation ETF,2021-02-12
PSMM,Invesco Moderately Conservative Multi-Asset Allocation ETF,2021-02-12
QDEC,FT Cboe Vest Growth-100 Buffer ETF - December,2021-02-12
CBTG,Cabot Growth ETF,2021-02-16
DUDE,Merlyn.AI SectorSurfer Momentum ETF,2021-02-16
FEBZ,TrueShares Structured Outcome (February) ETF,2021-02-16
FSMO,Fidelity Small-Mid Cap Opportunities ETF,2021-02-16
HYDB,iShares High Yield Bond Factor ETF,2021-02-16
OMFS,Invesco Russell 2000 Dynamic Multifactor ETF,2021-02-16
PBSM,Invesco PureBeta MSCI USA Small Cap ETF,2021-02-16
PSMB,Invesco Balanced Multi-Asset Allocation ETF,2021-02-16
PSMM,Invesco Moderately Conservative Multi-Asset Allocation ETF,2021-02-16
QDEC,FT Cboe Vest Growth-100 Buffer ETF - December,2021-02-16
TOKE,Cambria Cannabis ETF,2021-02-16
CBTG,Cabot Growth ETF,2021-02-17
DUDE,Merlyn.AI SectorSurfer Momentum ETF,2021-02-17
FEBZ,TrueShares Structured Outcome (February) ETF,2021-02-17
FSMO,Fidelity Small-Mid Cap Opportunities ETF,2021-02-17
HYDB,iShares High Yield Bond Factor ETF,2021-02-17
OMFS,Invesco Russell 2000 Dynamic Multifactor ETF,2021-02-17
PBSM,Invesco PureBeta MSCI USA Small Cap ETF,2021-02-17
PSMB,Invesco Balanced Multi-Asset Allocation ETF,2021-02-17
PSMM,Invesco Moderately Conservative Multi-Asset Allocation ETF,2021-02-17
QDEC,FT Cboe Vest Growth-100 Buffer ETF - December,2021-02-17
TOKE,Cambria Cannabis ETF,2021-02-17
CBTG,Cabot Growth ETF,2021-02-18
FAUG,FT Cboe Vest U.S. Equity Buffer ETF - August,2021-02-18
FEBZ,TrueShares Structured Outcome (February) ETF,2021-02-18
FSMO,Fidelity Small-Mid Cap Opportunities ETF,2021-02-18
HYDB,iShares High Yield Bond Factor ETF,2021-02-18
NUEM,Nuveen ESG Emerging Markets Equity ETF,2021-02-18
OMFS,Invesco Russell 2000 Dynamic Multifactor ETF,2021-02-18
PBSM,Invesco PureBeta MSCI USA Small Cap ETF,2021-02-18
PSMB,Invesco Balanced Multi-Asset Allocation ETF,2021-02-18
QDEC,FT Cboe Vest Growth-100 Buffer ETF - December,2021-02-18
TOKE,Cambria Cannabis ETF,2021-02-18
CBTG,Cabot Growth ETF,2021-02-19
FAUG,FT Cboe Vest U.S. Equity Buffer ETF - August,2021-02-19
FEBZ,TrueShares Structured Outcome (February) ETF,2021-02-19
FSMO,Fidelity Small-Mid Cap Opportunities ETF,2021-02-19
HYDB,iShares High Yield Bond Factor ETF,2021-02-19
NUEM,Nuveen ESG Emerging Markets Equity ETF,2021-02-19
OMFS,Invesco Russell 2000 Dynamic Multifactor ETF,2021-02-19
OSCV,Opus Small Cap Value  ETF,2021-02-19
PBSM,Invesco PureBeta MSCI USA Small Cap ETF,2021-02-19
PSMB,Invesco Balanced Multi-Asset Allocation ETF,2021-02-19
QDEC,FT Cboe Vest Growth-100 Buffer ETF - December,2021-02-19
TOKE,Cambria Cannabis ETF,2021-02-19
CBTG,Cabot Growth ETF,2021-02-22
FAUG,FT Cboe Vest U.S. Equity Buffer ETF - August,2021-02-22
FEBZ,TrueShares Structured Outcome (February) ETF,2021-02-22
FSMO,Fidelity Small-Mid Cap Opportunities ETF,2021-02-22
HYDB,iShares High Yield Bond Factor ETF,2021-02-22
NUEM,Nuveen ESG Emerging Markets Equity ETF,2021-02-22
OMFS,Invesco Russell 2000 Dynamic Multifactor ETF,2021-02-22
OSCV,Opus Small Cap Value  ETF,2021-02-22
PSMB,Invesco Balanced Multi-Asset Allocation ETF,2021-02-22
QDEC,FT Cboe Vest Growth-100 Buffer ETF - December,2021-02-22
TOKE,Cambria Cannabis ETF,2021-02-22
CBTG,Cabot Growth ETF,2021-02-23
DJAN,FT Cboe Vest U.S. Equity Deep Buffer ETF - January,2021-02-23
FAUG,FT Cboe Vest U.S. Equity Buffer ETF - August,2021-02-23
FSMO,Fidelity Small-Mid Cap Opportunities ETF,2021-02-23
HYDB,iShares High Yield Bond Factor ETF,2021-02-23
NUEM,Nuveen ESG Emerging Markets Equity ETF,2021-02-23
OMFS,Invesco Russell 2000 Dynamic Multifactor ETF,2021-02-23
OSCV,Opus Small Cap Value  ETF,2021-02-23
QDEC,FT Cboe Vest Growth-100 Buffer ETF - December,2021-02-23
TOKE,Cambria Cannabis ETF,2021-02-23
DJAN,FT Cboe Vest U.S. Equity Deep Buffer ETF - January,2021-02-24
FAUG,FT Cboe Vest U.S. Equity Buffer ETF - August,2021-02-24
HYDB,iShares High Yield Bond Factor ETF,2021-02-24
NUEM,Nuveen ESG Emerging Markets Equity ETF,2021-02-24
OMFS,Invesco Russell 2000 Dynamic Multifactor ETF,2021-02-24
OSCV,Opus Small Cap Value  ETF,2021-02-24
QDEC,FT Cboe Vest Growth-100 Buffer ETF - December,2021-02-24
TOKE,Cambria Cannabis ETF,2021-02-24
DJAN,FT Cboe Vest U.S. Equity Deep Buffer ETF - January,2021-02-25
FAUG,FT Cboe Vest U.S. Equity Buffer ETF - August,2021-02-25
HYDB,iShares High Yield Bond Factor ETF,2021-02-25
NUEM,Nuveen ESG Emerging Markets Equity ETF,2021-02-25
OSCV,Opus Small Cap Value  ETF,2021-02-25
QDEC,FT Cboe Vest Growth-100 Buffer ETF - December,2021-02-25
TOKE,Cambria Cannabis ETF,2021-02-25
DJAN,FT Cboe Vest U.S. Equity Deep Buffer ETF - January,2021-02-26
HYDB,iShares High Yield Bond Factor ETF,2021-02-26
OSCV,Opus Small Cap Value  ETF,2021-02-26
QDEC,FT Cboe Vest Growth-100 Buffer ETF - December,2021-02-26
TOKE,Cambria Cannabis ETF,2021-02-26
DJAN,FT Cboe Vest U.S. Equity Deep Buffer ETF - January,2021-03-01
HYDB,iShares High Yield Bond Factor ETF,2021-03-01
OSCV,Opus Small Cap Value  ETF,2021-03-01
QDEC,FT Cboe Vest Growth-100 Buffer ETF - December,2021-03-01
TOKE,Cambria Cannabis ETF,2021-03-01
DJAN,FT Cboe Vest U.S. Equity Deep Buffer ETF - January,2021-03-02
HYDB,iShares High Yield Bond Factor ETF,2021-03-02
JMUB,JPMorgan Municipal ETF,2021-03-02
OSCV,Opus Small Cap Value  ETF,2021-03-02
QDEC,FT Cboe Vest Growth-100 Buffer ETF - December,2021-03-02
SHYD,VanEck Vectors Short High Yield Muni ETF,2021-03-02
TOKE,Cambria Cannabis ETF,2021-03-02
DJAN,FT Cboe Vest U.S. Equity Deep Buffer ETF - January,2021-03-03
HYDB,iShares High Yield Bond Factor ETF,2021-03-03
JMUB,JPMorgan Municipal ETF,2021-03-03
OSCV,Opus Small Cap Value  ETF,2021-03-03
QDEC,FT Cboe Vest Growth-100 Buffer ETF - December,2021-03-03
SHYD,VanEck Vectors Short High Yield Muni ETF,2021-03-03
TOKE,Cambria Cannabis ETF,2021-03-03
DJAN,FT Cboe Vest U.S. Equity Deep Buffer ETF - January,2021-03-04
HYDB,iShares High Yield Bond Factor ETF,2021-03-04
JMUB,JPMorgan Municipal ETF,2021-03-04
QDEC,FT Cboe Vest Growth-100 Buffer ETF - December,2021-03-04
SHYD,VanEck Vectors Short High Yield Muni ETF,2021-03-04
SVAL,iShares US Small Cap Value Factor ETF,2021-03-04
TOKE,Cambria Cannabis ETF,2021-03-04
BUFF,Innovator Laddered Fund of S&P 500 Power Buffer ETFs,2021-03-05
BUFR,FT Cboe Vest Fund of Buffer ETFs,2021-03-05
DJAN,FT Cboe Vest U.S. Equity Deep Buffer ETF - January,2021-03-05
JMUB,JPMorgan Municipal ETF,2021-03-05
QMOM,Alpha Architect U.S. Quantitative Momentum ETF,2021-03-05
SHYD,VanEck Vectors Short High Yield Muni ETF,2021-03-05
SVAL,iShares US Small Cap Value Factor ETF,2021-03-05
TMAT,Main Thematic Innovation ETF,2021-03-05
TOKE,Cambria Cannabis ETF,2021-03-05
BUFF,Innovator Laddered Fund of S&P 500 Power Buffer ETFs,2021-03-08
BUFR,FT Cboe Vest Fund of Buffer ETFs,2021-03-08
DJAN,FT Cboe Vest U.S. Equity Deep Buffer ETF - January,2021-03-08
JMUB,JPMorgan Municipal ETF,2021-03-08
QMOM,Alpha Architect U.S. Quantitative Momentum ETF,2021-03-08
SHYD,VanEck Vectors Short High Yield Muni ETF,2021-03-08
SVAL,iShares US Small Cap Value Factor ETF,2021-03-08
TMAT,Main Thematic Innovation ETF,2021-03-08
TOKE,Cambria Cannabis ETF,2021-03-08
BBUS,JPMorgan BetaBuilders U.S. Equity ETF,2021-03-09
BMAR,Innovator S&P 500 Buffer ETF - March,2021-03-09
BUFF,Innovator Laddered Fund of S&P 500 Power Buffer ETFs,2021-03-09
BUFR,FT Cboe Vest Fund of Buffer ETFs,2021-03-09
DJAN,FT Cboe Vest U.S. Equity Deep Buffer ETF - January,2021-03-09
JMUB,JPMorgan Municipal ETF,2021-03-09
QMOM,Alpha Architect U.S. Quantitative Momentum ETF,2021-03-09
SHYD,VanEck Vectors Short High Yield Muni ETF,2021-03-09
SVAL,iShares US Small Cap Value Factor ETF,2021-03-09
TMAT,Main Thematic Innovation ETF,2021-03-09
BBUS,JPMorgan BetaBuilders U.S. Equity ETF,2021-03-10
BMAR,Innovator S&P 500 Buffer ETF - March,2021-03-10
BUFF,Innovator Laddered Fund of S&P 500 Power Buffer ETFs,2021-03-10
BUFR,FT Cboe Vest Fund of Buffer ETFs,2021-03-10
DBJA,Innovator Double Stacker 9 Buffer ETF - January,2021-03-10
DJAN,FT Cboe Vest U.S. Equity Deep Buffer ETF - January,2021-03-10
QMOM,Alpha Architect U.S. Quantitative Momentum ETF,2021-03-10
SVAL,iShares US Small Cap Value Factor ETF,2021-03-10
TMAT,Main Thematic Innovation ETF,2021-03-10
BBUS,JPMorgan BetaBuilders U.S. Equity ETF,2021-03-11
BMAR,Innovator S&P 500 Buffer ETF - March,2021-03-11
BUFF,Innovator Laddered Fund of S&P 500 Power Buffer ETFs,2021-03-11
BUFR,FT Cboe Vest Fund of Buffer ETFs,2021-03-11
DBJA,Innovator Double Stacker 9 Buffer ETF - January,2021-03-11
DJAN,FT Cboe Vest U.S. Equity Deep Buffer ETF - January,2021-03-11
FCTR,First Trust Lunt U.S. Factor Rotation ETF,2021-03-11
QMOM,Alpha Architect U.S. Quantitative Momentum ETF,2021-03-11
SVAL,iShares US Small Cap Value Factor ETF,2021-03-11
TMAT,Main Thematic Innovation ETF,2021-03-11
BBUS,JPMorgan BetaBuilders U.S. Equity ETF,2021-03-12
BMAR,Innovator S&P 500 Buffer ETF - March,2021-03-12
BUFF,Innovator Laddered Fund of S&P 500 Power Buffer ETFs,2021-03-12
BUFR,FT Cboe Vest Fund of Buffer ETFs,2021-03-12
DBJA,Innovator Double Stacker 9 Buffer ETF - January,2021-03-12
DJAN,FT Cboe Vest U.S. Equity Deep Buffer ETF - January,2021-03-12
FBCV,Fidelity Blue Chip Value ETF,2021-03-12
FCTR,First Trust Lunt U.S. Factor Rotation ETF,2021-03-12
QMOM,Alpha Architect U.S. Quantitative Momentum ETF,2021-03-12
SVAL,iShares US Small Cap Value Factor ETF,2021-03-12
TMAT,Main Thematic Innovation ETF,2021-03-12
XJH,iShares ESG Screened S&P Mid-Cap ETF,2021-03-12
BBUS,JPMorgan BetaBuilders U.S. Equity ETF,2021-03-15
BMAR,Innovator S&P 500 Buffer ETF - March,2021-03-15
BUFR,FT Cboe Vest Fund of Buffer ETFs,2021-03-15
DBJA,Innovator Double Stacker 9 Buffer ETF - January,2021-03-15
DJAN,FT Cboe Vest U.S. Equity Deep Buffer ETF - January,2021-03-15
FBCV,Fidelity Blue Chip Value ETF,2021-03-15
FCTR,First Trust Lunt U.S. Factor Rotation ETF,2021-03-15
QMOM,Alpha Architect U.S. Quantitative Momentum ETF,2021-03-15
SVAL,iShares US Small Cap Value Factor ETF,2021-03-15
TMAT,Main Thematic Innovation ETF,2021-03-15
XJH,iShares ESG Screened S&P Mid-Cap ETF,2021-03-15
BBUS,JPMorgan BetaBuilders U.S. Equity ETF,2021-03-16
BMAR,Innovator S&P 500 Buffer ETF - March,2021-03-16
BUFR,FT Cboe Vest Fund of Buffer ETFs,2021-03-16
DBJA,Innovator Double Stacker 9 Buffer ETF - January,2021-03-16
DJAN,FT Cboe Vest U.S. Equity Deep Buffer ETF - January,2021-03-16
FBCV,Fidelity Blue Chip Value ETF,2021-03-16
FCTR,First Trust Lunt U.S. Factor Rotation ETF,2021-03-16
SVAL,iShares US Small Cap Value Factor ETF,2021-03-16
TMAT,Main Thematic Innovation ETF,2021-03-16
XJH,iShares ESG Screened S&P Mid-Cap ETF,2021-03-16
BBUS,JPMorgan BetaBuilders U.S. Equity ETF,2021-03-17
BMAR,Innovator S&P 500 Buffer ETF - March,2021-03-17
BUFR,FT Cboe Vest Fund of Buffer ETFs,2021-03-17
DBJA,Innovator Double Stacker 9 Buffer ETF - January,2021-03-17
FBCV,Fidelity Blue Chip Value ETF,2021-03-17
FCTR,First Trust Lunt U.S. Factor Rotation ETF,2021-03-17
RTAI,Rareview Tax Advantaged Income ETF,2021-03-17
SVAL,iShares US Small Cap Value Factor ETF,2021-03-17
TMAT,Main Thematic Innovation ETF,2021-03-17
XJH,iShares ESG Screened S&P Mid-Cap ETF,2021-03-17
BMAR,Innovator S&P 500 Buffer ETF - March,2021-03-18
BUFR,FT Cboe Vest Fund of Buffer ETFs,2021-03-18
FBCV,Fidelity Blue Chip Value ETF,2021-03-18
FCTR,First Trust Lunt U.S. Factor Rotation ETF,2021-03-18
OMFS,Invesco Russell 2000 Dynamic Multifactor ETF,2021-03-18
RTAI,Rareview Tax Advantaged Income ETF,2021-03-18
SVAL,iShares US Small Cap Value Factor ETF,2021-03-18
TMAT,Main Thematic Innovation ETF,2021-03-18
XJH,iShares ESG Screened S&P Mid-Cap ETF,2021-03-18
BMAR,Innovator S&P 500 Buffer ETF - March,2021-03-19
BUFR,FT Cboe Vest Fund of Buffer ETFs,2021-03-19
FBCV,Fidelity Blue Chip Value ETF,2021-03-19
FCTR,First Trust Lunt U.S. Factor Rotation ETF,2021-03-19
OMFS,Invesco Russell 2000 Dynamic Multifactor ETF,2021-03-19
RTAI,Rareview Tax Advantaged Income ETF,2021-03-19
SVAL,iShares US Small Cap Value Factor ETF,2021-03-19
TMAT,Main Thematic Innovation ETF,2021-03-19
XJH,iShares ESG Screened S&P Mid-Cap ETF,2021-03-19
BMAR,Innovator S&P 500 Buffer ETF - March,2021-03-22
BUFR,FT Cboe Vest Fund of Buffer ETFs,2021-03-22
FBCV,Fidelity Blue Chip Value ETF,2021-03-22
FCTR,First Trust Lunt U.S. Factor Rotation ETF,2021-03-22
OMFS,Invesco Russell 2000 Dynamic Multifactor ETF,2021-03-22
RTAI,Rareview Tax Advantaged Income ETF,2021-03-22
SVAL,iShares US Small Cap Value Factor ETF,2021-03-22
TMAT,Main Thematic Innovation ETF,2021-03-22
XJH,iShares ESG Screened S&P Mid-Cap ETF,2021-03-22
BMAR,Innovator S&P 500 Buffer ETF - March,2021-03-23
BUFD,FT Cboe Vest Fund of Deep Buffer ETFs,2021-03-23
BUFR,FT Cboe Vest Fund of Buffer ETFs,2021-03-23
FBCV,Fidelity Blue Chip Value ETF,2021-03-23
FCTR,First Trust Lunt U.S. Factor Rotation ETF,2021-03-23
OMFS,Invesco Russell 2000 Dynamic Multifactor ETF,2021-03-23
RTAI,Rareview Tax Advantaged Income ETF,2021-03-23
TMAT,Main Thematic Innovation ETF,2021-03-23
XJH,iShares ESG Screened S&P Mid-Cap ETF,2021-03-23
BMAR,Innovator S&P 500 Buffer ETF - March,2021-03-24
BUFD,FT Cboe Vest Fund of Deep Buffer ETFs,2021-03-24
BUFR,FT Cboe Vest Fund of Buffer ETFs,2021-03-24
FBCV,Fidelity Blue Chip Value ETF,2021-03-24
FCTR,First Trust Lunt U.S. Factor Rotation ETF,2021-03-24
OMFS,Invesco Russell 2000 Dynamic Multifactor ETF,2021-03-24
RTAI,Rareview Tax Advantaged Income ETF,2021-03-24
TMAT,Main Thematic Innovation ETF,2021-03-24
BMAR,Innovator S&P 500 Buffer ETF - March,2021-03-25
BUFD,FT Cboe Vest Fund of Deep Buffer ETFs,2021-03-25
BUFR,FT Cboe Vest Fund of Buffer ETFs,2021-03-25
FBCV,Fidelity Blue Chip Value ETF,2021-03-25
OMFS,Invesco Russell 2000 Dynamic Multifactor ETF,2021-03-25
BMAR,Innovator S&P 500 Buffer ETF - March,2021-03-26
BUFD,FT Cboe Vest Fund of Deep Buffer ETFs,2021-03-26
BUFR,FT Cboe Vest Fund of Buffer ETFs,2021-03-26
FBCV,Fidelity Blue Chip Value ETF,2021-03-26
OMFS,Invesco Russell 2000 Dynamic Multifactor ETF,2021-03-26
BMAR,Innovator S&P 500 Buffer ETF - March,2021-03-29
BUFD,FT Cboe Vest Fund of Deep Buffer ETFs,2021-03-29
BUFR,FT Cboe Vest Fund of Buffer ETFs,2021-03-29
FBCV,Fidelity Blue Chip Value ETF,2021-03-29
FDEV,Fidelity International Multifactor ETF,2021-03-29
OMFS,Invesco Russell 2000 Dynamic Multifactor ETF,2021-03-29
BMAR,Innovator S&P 500 Buffer ETF - March,2021-03-30
BUFD,FT Cboe Vest Fund of Deep Buffer ETFs,2021-03-30
BUFR,FT Cboe Vest Fund of Buffer ETFs,2021-03-30
FBCV,Fidelity Blue Chip Value ETF,2021-03-30
FDEV,Fidelity International Multifactor ETF,2021-03-30
OMFS,Invesco Russell 2000 Dynamic Multifactor ETF,2021-03-30
BMAR,Innovator S&P 500 Buffer ETF - March,2021-03-31
BUFD,FT Cboe Vest Fund of Deep Buffer ETFs,2021-03-31
BUFR,FT Cboe Vest Fund of Buffer ETFs,2021-03-31
FDEV,Fidelity International Multifactor ETF,2021-03-31
OMFS,Invesco Russell 2000 Dynamic Multifactor ETF,2021-03-31
BMAR,Innovator S&P 500 Buffer ETF - March,2021-04-01
BUFD,FT Cboe Vest Fund of Deep Buffer ETFs,2021-04-01
BUFR,FT Cboe Vest Fund of Buffer ETFs,2021-04-01
FDEV,Fidelity International Multifactor ETF,2021-04-01
OMFS,Invesco Russell 2000 Dynamic Multifactor ETF,2021-04-01
BUFD,FT Cboe Vest Fund of Deep Buffer ETFs,2021-04-05
BUFR,FT Cboe Vest Fund of Buffer ETFs,2021-04-05
FDEV,Fidelity International Multifactor ETF,2021-04-05
PBEE,Invesco PureBeta FTSE Emerging Markets ETF,2021-04-05
BUFD,FT Cboe Vest Fund of Deep Buffer ETFs,2021-04-06
BUFR,FT Cboe Vest Fund of Buffer ETFs,2021-04-06
CALF,Pacer US Small Cap Cash Cows 100 ETF,2021-04-06
FDEV,Fidelity International Multifactor ETF,2021-04-06
PBEE,Invesco PureBeta FTSE Emerging Markets ETF,2021-04-06
PSMC,Invesco Conservative Multi-Asset Allocation ETF,2021-04-06
BUFD,FT Cboe Vest Fund of Deep Buffer ETFs,2021-04-07
BUFR,FT Cboe Vest Fund of Buffer ETFs,2021-04-07
CALF,Pacer US Small Cap Cash Cows 100 ETF,2021-04-07
FDEV,Fidelity International Multifactor ETF,2021-04-07
PBEE,Invesco PureBeta FTSE Emerging Markets ETF,2021-04-07
PBSM,Invesco PureBeta MSCI USA Small Cap ETF,2021-04-07
PSMB,Invesco Balanced Multi-Asset Allocation ETF,2021-04-07
PSMC,Invesco Conservative Multi-Asset Allocation ETF,2021-04-07
BUFD,FT Cboe Vest Fund of Deep Buffer ETFs,2021-04-08
BUFR,FT Cboe Vest Fund of Buffer ETFs,2021-04-08
CALF,Pacer US Small Cap Cash Cows 100 ETF,2021-04-08
FDEV,Fidelity International Multifactor ETF,2021-04-08
PBEE,Invesco PureBeta FTSE Emerging Markets ETF,2021-04-08
PBSM,Invesco PureBeta MSCI USA Small Cap ETF,2021-04-08
PSMB,Invesco Balanced Multi-Asset Allocation ETF,2021-04-08
PSMC,Invesco Conservative Multi-Asset Allocation ETF,2021-04-08
BUFD,FT Cboe Vest Fund of Deep Buffer ETFs,2021-04-09
BUFR,FT Cboe Vest Fund of Buffer ETFs,2021-04-09
CALF,Pacer US Small Cap Cash Cows 100 ETF,2021-04-09
FDEV,Fidelity International Multifactor ETF,2021-04-09
PBEE,Invesco PureBeta FTSE Emerging Markets ETF,2021-04-09
PBSM,Invesco PureBeta MSCI USA Small Cap ETF,2021-04-09
PSMB,Invesco Balanced Multi-Asset Allocation ETF,2021-04-09
PSMC,Invesco Conservative Multi-Asset Allocation ETF,2021-04-09
UAPR,Innovator S&P 500 Ultra Buffer ETF - April,2021-04-09
BUFD,FT Cboe Vest Fund of Deep Buffer ETFs,2021-04-12
BUFR,FT Cboe Vest Fund of Buffer ETFs,2021-04-12
CALF,Pacer US Small Cap Cash Cows 100 ETF,2021-04-12
FDEV,Fidelity International Multifactor ETF,2021-04-12
NUMV,Nuveen ESG Mid-Cap Value ETF,2021-04-12
PBEE,Invesco PureBeta FTSE Emerging Markets ETF,2021-04-12
PBSM,Invesco PureBeta MSCI USA Small Cap ETF,2021-04-12
PSMB,Invesco Balanced Multi-Asset Allocation ETF,2021-04-12
PSMC,Invesco Conservative Multi-Asset Allocation ETF,2021-04-12
UAPR,Innovator S&P 500 Ultra Buffer ETF - April,2021-04-12
BUFD,FT Cboe Vest Fund of Deep Buffer ETFs,2021-04-13
BUFR,FT Cboe Vest Fund of Buffer ETFs,2021-04-13
CALF,Pacer US Small Cap Cash Cows 100 ETF,2021-04-13
NUMV,Nuveen ESG Mid-Cap Value ETF,2021-04-13
PBEE,Invesco PureBeta FTSE Emerging Markets ETF,2021-04-13
PBSM,Invesco PureBeta MSCI USA Small Cap ETF,2021-04-13
PSMB,Invesco Balanced Multi-Asset Allocation ETF,2021-04-13
PSMC,Invesco Conservative Multi-Asset Allocation ETF,2021-04-13
QTAP,Innovator Growth Accelerated Plus ETF - April,2021-04-13
UAPR,Innovator S&P 500 Ultra Buffer ETF - April,2021-04-13
BUFD,FT Cboe Vest Fund of Deep Buffer ETFs,2021-04-14
BUFR,FT Cboe Vest Fund of Buffer ETFs,2021-04-14
NULG,Nuveen ESG Large-Cap Growth ETF,2021-04-14
NUMV,Nuveen ESG Mid-Cap Value ETF,2021-04-14
PBEE,Invesco PureBeta FTSE Emerging Markets ETF,2021-04-14
PBSM,Invesco PureBeta MSCI USA Small Cap ETF,2021-04-14
PSMB,Invesco Balanced Multi-Asset Allocation ETF,2021-04-14
QTAP,Innovator Growth Accelerated Plus ETF - April,2021-04-14
UAPR,Innovator S&P 500 Ultra Buffer ETF - April,2021-04-14
BUFD,FT Cboe Vest Fund of Deep Buffer ETFs,2021-04-15
BUFR,FT Cboe Vest Fund of Buffer ETFs,2021-04-15
NULG,Nuveen ESG Large-Cap Growth ETF,2021-04-15
NUMV,Nuveen ESG Mid-Cap Value ETF,2021-04-15
PBSM,Invesco PureBeta MSCI USA Small Cap ETF,2021-04-15
PSMB,Invesco Balanced Multi-Asset Allocation ETF,2021-04-15
QTAP,Innovator Growth Accelerated Plus ETF - April,2021-04-15
UAPR,Innovator S&P 500 Ultra Buffer ETF - April,2021-04-15
VUSB,Vanguard Ultra-Short Bond ETF,2021-04-15
BUFR,FT Cboe Vest Fund of Buffer ETFs,2021-04-16
NULG,Nuveen ESG Large-Cap Growth ETF,2021-04-16
NUMV,Nuveen ESG Mid-Cap Value ETF,2021-04-16
PBSM,Invesco PureBeta MSCI USA Small Cap ETF,2021-04-16
PSMB,Invesco Balanced Multi-Asset Allocation ETF,2021-04-16
QTAP,Innovator Growth Accelerated Plus ETF - April,2021-04-16
UAPR,Innovator S&P 500 Ultra Buffer ETF - April,2021-04-16
VUSB,Vanguard Ultra-Short Bond ETF,2021-04-16
BUFR,FT Cboe Vest Fund of Buffer ETFs,2021-04-19
FDG,American Century Focused Dynamic Growth ETF,2021-04-19
NULG,Nuveen ESG Large-Cap Growth ETF,2021-04-19
NUMV,Nuveen ESG Mid-Cap Value ETF,2021-04-19
PBSM,Invesco PureBeta MSCI USA Small Cap ETF,2021-04-19
PSMB,Invesco Balanced Multi-Asset Allocation ETF,2021-04-19
QTAP,Innovator Growth Accelerated Plus ETF - April,2021-04-19
UAPR,Innovator S&P 500 Ultra Buffer ETF - April,2021-04-19
VUSB,Vanguard Ultra-Short Bond ETF,2021-04-19
BUFR,FT Cboe Vest Fund of Buffer ETFs,2021-04-20
FDG,American Century Focused Dynamic Growth ETF,2021-04-20
NULG,Nuveen ESG Large-Cap Growth ETF,2021-04-20
PBSM,Invesco PureBeta MSCI USA Small Cap ETF,2021-04-20
PSMB,Invesco Balanced Multi-Asset Allocation ETF,2021-04-20
QTAP,Innovator Growth Accelerated Plus ETF - April,2021-04-20
UAPR,Innovator S&P 500 Ultra Buffer ETF - April,2021-04-20
VUSB,Vanguard Ultra-Short Bond ETF,2021-04-20
BUFR,FT Cboe Vest Fund of Buffer ETFs,2021-04-21
FDG,American Century Focused Dynamic Growth ETF,2021-04-21
GCOW,Pacer Global Cash Cows Dividend ETF,2021-04-21
NULG,Nuveen ESG Large-Cap Growth ETF,2021-04-21
PBSM,Invesco PureBeta MSCI USA Small Cap ETF,2021-04-21
QTAP,Innovator Growth Accelerated Plus ETF - April,2021-04-21
UAPR,Innovator S&P 500 Ultra Buffer ETF - April,2021-04-21
VUSB,Vanguard Ultra-Short Bond ETF,2021-04-21
BUFR,FT Cboe Vest Fund of Buffer ETFs,2021-04-22
FDG,American Century Focused Dynamic Growth ETF,2021-04-22
GCOW,Pacer Global Cash Cows Dividend ETF,2021-04-22
NULG,Nuveen ESG Large-Cap Growth ETF,2021-04-22
PBSM,Invesco PureBeta MSCI USA Small Cap ETF,2021-04-22
QTAP,Innovator Growth Accelerated Plus ETF - April,2021-04-22
UAPR,Innovator S&P 500 Ultra Buffer ETF - April,2021-04-22
VUSB,Vanguard Ultra-Short Bond ETF,2021-04-22
BUFR,FT Cboe Vest Fund of Buffer ETFs,2021-04-23
FDG,American Century Focused Dynamic Growth ETF,2021-04-23
GCOW,Pacer Global Cash Cows Dividend ETF,2021-04-23
NULG,Nuveen ESG Large-Cap Growth ETF,2021-04-23
PBSM,Invesco PureBeta MSCI USA Small Cap ETF,2021-04-23
QTAP,Innovator Growth Accelerated Plus ETF - April,2021-04-23
UAPR,Innovator S&P 500 Ultra Buffer ETF - April,2021-04-23
VUSB,Vanguard Ultra-Short Bond ETF,2021-04-23
BUFR,FT Cboe Vest Fund of Buffer ETFs,2021-04-26
FDG,American Century Focused Dynamic Growth ETF,2021-04-26
FLQM,Franklin LibertyQ U.S. Mid Cap Equity ETF,2021-04-26
GCOW,Pacer Global Cash Cows Dividend ETF,2021-04-26
IQDG,WisdomTree International Quality Dividend Growth Fund,2021-04-26
PBSM,Invesco PureBeta MSCI USA Small Cap ETF,2021-04-26
QTAP,Innovator Growth Accelerated Plus ETF - April,2021-04-26
UAPR,Innovator S&P 500 Ultra Buffer ETF - April,2021-04-26
VUSB,Vanguard Ultra-Short Bond ETF,2021-04-26
BUFR,FT Cboe Vest Fund of Buffer ETFs,2021-04-27
EGIS,2ndVote Society Defended ETF,2021-04-27
FDG,American Century Focused Dynamic Growth ETF,2021-04-27
FLQM,Franklin LibertyQ U.S. Mid Cap Equity ETF,2021-04-27
FLV,American Century Focused Large Cap Value ETF,2021-04-27
GCOW,Pacer Global Cash Cows Dividend ETF,2021-04-27
IQDG,WisdomTree International Quality Dividend Growth Fund,2021-04-27
PBSM,Invesco PureBeta MSCI USA Small Cap ETF,2021-04-27
QTAP,Innovator Growth Accelerated Plus ETF - April,2021-04-27
UAPR,Innovator S&P 500 Ultra Buffer ETF - April,2021-04-27
VUSB,Vanguard Ultra-Short Bond ETF,2021-04-27
BUFR,FT Cboe Vest Fund of Buffer ETFs,2021-04-28
EGIS,2ndVote Society Defended ETF,2021-04-28
FDG,American Century Focused Dynamic Growth ETF,2021-04-28
FLQM,Franklin LibertyQ U.S. Mid Cap Equity ETF,2021-04-28
FLV,American Century Focused Large Cap Value ETF,2021-04-28
GCOW,Pacer Global Cash Cows Dividend ETF,2021-04-28
IQDG,WisdomTree International Quality Dividend Growth Fund,2021-04-28
PBSM,Invesco PureBeta MSCI USA Small Cap ETF,2021-04-28
QTAP,Innovator Growth Accelerated Plus ETF - April,2021-04-28
VUSB,Vanguard Ultra-Short Bond ETF,2021-04-28
BUFR,FT Cboe Vest Fund of Buffer ETFs,2021-04-29
EGIS,2ndVote Society Defended ETF,2021-04-29
FDG,American Century Focused Dynamic Growth ETF,2021-04-29
FLQM,Franklin LibertyQ U.S. Mid Cap Equity ETF,2021-04-29
FLV,American Century Focused Large Cap Value ETF,2021-04-29
IGLD,FT Cboe Vest Gold Strategy Target Income ETF,2021-04-29
IQDG,WisdomTree International Quality Dividend Growth Fund,2021-04-29
PBSM,Invesco PureBeta MSCI USA Small Cap ETF,2021-04-29
QTAP,Innovator Growth Accelerated Plus ETF - April,2021-04-29
VUSB,Vanguard Ultra-Short Bond ETF,2021-04-29
BBSA,JPMorgan BetaBuilders 1-5 Year U.S. Aggregate Bond ETF,2021-04-30
BUFR,FT Cboe Vest Fund of Buffer ETFs,2021-04-30
EGIS,2ndVote Society Defended ETF,2021-04-30
FDG,American Century Focused Dynamic Growth ETF,2021-04-30
FLQM,Franklin LibertyQ U.S. Mid Cap Equity ETF,2021-04-30
FLV,American Century Focused Large Cap Value ETF,2021-04-30
IGLD,FT Cboe Vest Gold Strategy Target Income ETF,2021-04-30
IQDG,WisdomTree International Quality Dividend Growth Fund,2021-04-30
PBSM,Invesco PureBeta MSCI USA Small Cap ETF,2021-04-30
QTAP,Innovator Growth Accelerated Plus ETF - April,2021-04-30
VUSB,Vanguard Ultra-Short Bond ETF,2021-04-30
BBSA,JPMorgan BetaBuilders 1-5 Year U.S. Aggregate Bond ETF,2021-05-03
BUFR,FT Cboe Vest Fund of Buffer ETFs,2021-05-03
EGIS,2ndVote Society Defended ETF,2021-05-03
FDG,American Century Focused Dynamic Growth ETF,2021-05-03
FLQM,Franklin LibertyQ U.S. Mid Cap Equity ETF,2021-05-03
FLV,American Century Focused Large Cap Value ETF,2021-05-03
IGLD,FT Cboe Vest Gold Strategy Target Income ETF,2021-05-03
IQDG,WisdomTree International Quality Dividend Growth Fund,2021-05-03
PBSM,Invesco PureBeta MSCI USA Small Cap ETF,2021-05-03
QTAP,Innovator Growth Accelerated Plus ETF - April,2021-05-03
VUSB,Vanguard Ultra-Short Bond ETF,2021-05-03
BBSA,JPMorgan BetaBuilders 1-5 Year U.S. Aggregate Bond ETF,2021-05-04
BUFR,FT Cboe Vest Fund of Buffer ETFs,2021-05-04
EGIS,2ndVote Society Defended ETF,2021-05-04
FDG,American Century Focused Dynamic Growth ETF,2021-05-04
FLV,American Century Focused Large Cap Value ETF,2021-05-04
IGLD,FT Cboe Vest Gold Strategy Target Income ETF,2021-05-04
PBSM,Invesco PureBeta MSCI USA Small Cap ETF,2021-05-04
QTAP,Innovator Growth Accelerated Plus ETF - April,2021-05-04
VUSB,Vanguard Ultra-Short Bond ETF,2021-05-04
YMAR,FT Cboe Vest International Equity Buffer ETF - March,2021-05-04
BBSA,JPMorgan BetaBuilders 1-5 Year U.S. Aggregate Bond ETF,2021-05-05
BUFR,FT Cboe Vest Fund of Buffer ETFs,2021-05-05
EGIS,2ndVote Society Defended ETF,2021-05-05
FDG,American Century Focused Dynamic Growth ETF,2021-05-05
IGLD,FT Cboe Vest Gold Strategy Target Income ETF,2021-05-05
PBSM,Invesco PureBeta MSCI USA Small Cap ETF,2021-05-05
QTAP,Innovator Growth Accelerated Plus ETF - April,2021-05-05
VUSB,Vanguard Ultra-Short Bond ETF,2021-05-05
YMAR,FT Cboe Vest International Equity Buffer ETF - March,2021-05-05
BBSA,JPMorgan BetaBuilders 1-5 Year U.S. Aggregate Bond ETF,2021-05-06
BUFR,FT Cboe Vest Fund of Buffer ETFs,2021-05-06
EGIS,2ndVote Society Defended ETF,2021-05-06
FDG,American Century Focused Dynamic Growth ETF,2021-05-06
IGLD,FT Cboe Vest Gold Strategy Target Income ETF,2021-05-06
PBSM,Invesco PureBeta MSCI USA Small Cap ETF,2021-05-06
QTAP,Innovator Growth Accelerated Plus ETF - April,2021-05-06
VUSB,Vanguard Ultra-Short Bond ETF,2021-05-06
YMAR,FT Cboe Vest International Equity Buffer ETF - March,2021-05-06
BBSA,JPMorgan BetaBuilders 1-5 Year U.S. Aggregate Bond ETF,2021-05-07
BUFR,FT Cboe Vest Fund of Buffer ETFs,2021-05-07
FDG,American Century Focused Dynamic Growth ETF,2021-05-07
IGLD,FT Cboe Vest Gold Strategy Target Income ETF,2021-05-07
PBSM,Invesco PureBeta MSCI USA Small Cap ETF,2021-05-07
QMAR,FT Cboe Vest Growth-100 Buffer ETF - March,2021-05-07
QTAP,Innovator Growth Accelerated Plus ETF - April,2021-05-07
VUSB,Vanguard Ultra-Short Bond ETF,2021-05-07
YMAR,FT Cboe Vest International Equity Buffer ETF - March,2021-05-07
BUFR,FT Cboe Vest Fund of Buffer ETFs,2021-05-10
FDG,American Century Focused Dynamic Growth ETF,2021-05-10
IGLD,FT Cboe Vest Gold Strategy Target Income ETF,2021-05-10
PBSM,Invesco PureBeta MSCI USA Small Cap ETF,2021-05-10
PSMB,Invesco Balanced Multi-Asset Allocation ETF,2021-05-10
PSMG,Invesco Growth Multi-Asset Allocation ETF,2021-05-10
QMAR,FT Cboe Vest Growth-100 Buffer ETF - March,2021-05-10
QTAP,Innovator Growth Accelerated Plus ETF - April,2021-05-10
VUSB,Vanguard Ultra-Short Bond ETF,2021-05-10
YMAR,FT Cboe Vest International Equity Buffer ETF - March,2021-05-10
BUFR,FT Cboe Vest Fund of Buffer ETFs,2021-05-11
FDG,American Century Focused Dynamic Growth ETF,2021-05-11
PBSM,Invesco PureBeta MSCI USA Small Cap ETF,2021-05-11
PSMB,Invesco Balanced Multi-Asset Allocation ETF,2021-05-11
PSMG,Invesco Growth Multi-Asset Allocation ETF,2021-05-11
QMAR,FT Cboe Vest Growth-100 Buffer ETF - March,2021-05-11
VUSB,Vanguard Ultra-Short Bond ETF,2021-05-11
YMAR,FT Cboe Vest International Equity Buffer ETF - March,2021-05-11
BUFR,FT Cboe Vest Fund of Buffer ETFs,2021-05-12
FDG,American Century Focused Dynamic Growth ETF,2021-05-12
KAPR,Innovator Russell 2000 Power Buffer ETF -April,2021-05-12
PSMB,Invesco Balanced Multi-Asset Allocation ETF,2021-05-12
PSMG,Invesco Growth Multi-Asset Allocation ETF,2021-05-12
QMAR,FT Cboe Vest Growth-100 Buffer ETF - March,2021-05-12
VUSB,Vanguard Ultra-Short Bond ETF,2021-05-12
YMAR,FT Cboe Vest International Equity Buffer ETF - March,2021-05-12
BUFR,FT Cboe Vest Fund of Buffer ETFs,2021-05-13
DAPR,FT Cboe Vest U.S. Equity Deep Buffer ETF - April,2021-05-13
FDG,American Century Focused Dynamic Growth ETF,2021-05-13
KAPR,Innovator Russell 2000 Power Buffer ETF -April,2021-05-13
PSMB,Invesco Balanced Multi-Asset Allocation ETF,2021-05-13
PSMG,Invesco Growth Multi-Asset Allocation ETF,2021-05-13
QMAR,FT Cboe Vest Growth-100 Buffer ETF - March,2021-05-13
BUFR,FT Cboe Vest Fund of Buffer ETFs,2021-05-14
DAPR,FT Cboe Vest U.S. Equity Deep Buffer ETF - April,2021-05-14
FDG,American Century Focused Dynamic Growth ETF,2021-05-14
KAPR,Innovator Russell 2000 Power Buffer ETF -April,2021-05-14
PSMB,Invesco Balanced Multi-Asset Allocation ETF,2021-05-14
PSMG,Invesco Growth Multi-Asset Allocation ETF,2021-05-14
QMAR,FT Cboe Vest Growth-100 Buffer ETF - March,2021-05-14
BUFR,FT Cboe Vest Fund of Buffer ETFs,2021-05-17
DAPR,FT Cboe Vest U.S. Equity Deep Buffer ETF - April,2021-05-17
KAPR,Innovator Russell 2000 Power Buffer ETF -April,2021-05-17
PSMB,Invesco Balanced Multi-Asset Allocation ETF,2021-05-17
PSMG,Invesco Growth Multi-Asset Allocation ETF,2021-05-17
BUFR,FT Cboe Vest Fund of Buffer ETFs,2021-05-18
DAPR,FT Cboe Vest U.S. Equity Deep Buffer ETF - April,2021-05-18
KAPR,Innovator Russell 2000 Power Buffer ETF -April,2021-05-18
PSMB,Invesco Balanced Multi-Asset Allocation ETF,2021-05-18
BUFR,FT Cboe Vest Fund of Buffer ETFs,2021-05-19
DAPR,FT Cboe Vest U.S. Equity Deep Buffer ETF - April,2021-05-19
FRDM,Freedom 100 Emerging Markets ETF,2021-05-19
KAPR,Innovator Russell 2000 Power Buffer ETF -April,2021-05-19
BUFR,FT Cboe Vest Fund of Buffer ETFs,2021-05-20
DAPR,FT Cboe Vest U.S. Equity Deep Buffer ETF - April,2021-05-20
FRDM,Freedom 100 Emerging Markets ETF,2021-05-20
BUFR,FT Cboe Vest Fund of Buffer ETFs,2021-05-21
DAPR,FT Cboe Vest U.S. Equity Deep Buffer ETF - April,2021-05-21
FRDM,Freedom 100 Emerging Markets ETF,2021-05-21
BUFR,FT Cboe Vest Fund of Buffer ETFs,2021-05-24
DAPR,FT Cboe Vest U.S. Equity Deep Buffer ETF - April,2021-05-24
FRDM,Freedom 100 Emerging Markets ETF,2021-05-24
BUFR,FT Cboe Vest Fund of Buffer ETFs,2021-05-25
DAPR,FT Cboe Vest U.S. Equity Deep Buffer ETF - April,2021-05-25
FRDM,Freedom 100 Emerging Markets ETF,2021-05-25
BUFR,FT Cboe Vest Fund of Buffer ETFs,2021-05-26
DAPR,FT Cboe Vest U.S. Equity Deep Buffer ETF - April,2021-05-26
FRDM,Freedom 100 Emerging Markets ETF,2021-05-26
BUFR,FT Cboe Vest Fund of Buffer ETFs,2021-05-27
DAPR,FT Cboe Vest U.S. Equity Deep Buffer ETF - April,2021-05-27
FRDM,Freedom 100 Emerging Markets ETF,2021-05-27
IGLD,FT Cboe Vest Gold Strategy Target Income ETF,2021-05-27
PSMB,Invesco Balanced Multi-Asset Allocation ETF,2021-05-27
DAPR,FT Cboe Vest U.S. Equity Deep Buffer ETF - April,2021-05-28
FRDM,Freedom 100 Emerging Markets ETF,2021-05-28
IGLD,FT Cboe Vest Gold Strategy Target Income ETF,2021-05-28
PSMB,Invesco Balanced Multi-Asset Allocation ETF,2021-05-28
DAPR,FT Cboe Vest U.S. Equity Deep Buffer ETF - April,2021-06-01
FRDM,Freedom 100 Emerging Markets ETF,2021-06-01
IGLD,FT Cboe Vest Gold Strategy Target Income ETF,2021-06-01
IQDG,WisdomTree International Quality Dividend Growth Fund,2021-06-01
PSMB,Invesco Balanced Multi-Asset Allocation ETF,2021-06-01
DAPR,FT Cboe Vest U.S. Equity Deep Buffer ETF - April,2021-06-02
FRDM,Freedom 100 Emerging Markets ETF,2021-06-02
IGLD,FT Cboe Vest Gold Strategy Target Income ETF,2021-06-02
IQDG,WisdomTree International Quality Dividend Growth Fund,2021-06-02
PSMB,Invesco Balanced Multi-Asset Allocation ETF,2021-06-02
DAPR,FT Cboe Vest U.S. Equity Deep Buffer ETF - April,2021-06-03
IBMP,iShares iBonds Dec 2027 Term Muni Bond ETF,2021-06-03
IGLD,FT Cboe Vest Gold Strategy Target Income ETF,2021-06-03
IQDG,WisdomTree International Quality Dividend Growth Fund,2021-06-03
PSMB,Invesco Balanced Multi-Asset Allocation ETF,2021-06-03
DAPR,FT Cboe Vest U.S. Equity Deep Buffer ETF - April,2021-06-04
IBMP,iShares iBonds Dec 2027 Term Muni Bond ETF,2021-06-04
IGLD,FT Cboe Vest Gold Strategy Target Income ETF,2021-06-04
IPFF,iShares International Preferred Stock ETF,2021-06-04
IQDG,WisdomTree International Quality Dividend Growth Fund,2021-06-04
PSMB,Invesco Balanced Multi-Asset Allocation ETF,2021-06-04
DAPR,FT Cboe Vest U.S. Equity Deep Buffer ETF - April,2021-06-07
IBMP,iShares iBonds Dec 2027 Term Muni Bond ETF,2021-06-07
IGLD,FT Cboe Vest Gold Strategy Target Income ETF,2021-06-07
IPFF,iShares International Preferred Stock ETF,2021-06-07
IQDG,WisdomTree International Quality Dividend Growth Fund,2021-06-07
DAPR,FT Cboe Vest U.S. Equity Deep Buffer ETF - April,2021-06-08
IBMP,iShares iBonds Dec 2027 Term Muni Bond ETF,2021-06-08
IGLD,FT Cboe Vest Gold Strategy Target Income ETF,2021-06-08
IPFF,iShares International Preferred Stock ETF,2021-06-08
IQDG,WisdomTree International Quality Dividend Growth Fund,2021-06-08
DAPR,FT Cboe Vest U.S. Equity Deep Buffer ETF - April,2021-06-09
IBMP,iShares iBonds Dec 2027 Term Muni Bond ETF,2021-06-09
IPFF,iShares International Preferred Stock ETF,2021-06-09
IQDG,WisdomTree International Quality Dividend Growth Fund,2021-06-09
JUNZ,TrueShares Structured Outcome (June) ETF,2021-06-09
PSMM,Invesco Moderately Conservative Multi-Asset Allocation ETF,2021-06-09
IBMP,iShares iBonds Dec 2027 Term Muni Bond ETF,2021-06-10
IPFF,iShares International Preferred Stock ETF,2021-06-10
JUNZ,TrueShares Structured Outcome (June) ETF,2021-06-10
PSMM,Invesco Moderately Conservative Multi-Asset Allocation ETF,2021-06-10
UVXY,ProShares Ultra VIX Short-Term Futures ETF,2021-06-10
IPFF,iShares International Preferred Stock ETF,2021-06-11
JUNZ,TrueShares Structured Outcome (June) ETF,2021-06-11
PSMB,Invesco Balanced Multi-Asset Allocation ETF,2021-06-11
PSMM,Invesco Moderately Conservative Multi-Asset Allocation ETF,2021-06-11
UVXY,ProShares Ultra VIX Short-Term Futures ETF,2021-06-11
IPFF,iShares International Preferred Stock ETF,2021-06-14
JUNZ,TrueShares Structured Outcome (June) ETF,2021-06-14
PSMB,Invesco Balanced Multi-Asset Allocation ETF,2021-06-14
PSMM,Invesco Moderately Conservative Multi-Asset Allocation ETF,2021-06-14
UVXY,ProShares Ultra VIX Short-Term Futures ETF,2021-06-14
BUFD,FT Cboe Vest Fund of Deep Buffer ETFs,2021-06-15
JUNZ,TrueShares Structured Outcome (June) ETF,2021-06-15
PSMB,Invesco Balanced Multi-Asset Allocation ETF,2021-06-15
PSMM,Invesco Moderately Conservative Multi-Asset Allocation ETF,2021-06-15
UVXY,ProShares Ultra VIX Short-Term Futures ETF,2021-06-15
BUFD,FT Cboe Vest Fund of Deep Buffer ETFs,2021-06-16
FMAY,FT Cboe Vest U.S. Equity Buffer ETF - May,2021-06-16
HYIN,WisdomTree Alternative Income Fund,2021-06-16
JUNZ,TrueShares Structured Outcome (June) ETF,2021-06-16
PSMB,Invesco Balanced Multi-Asset Allocation ETF,2021-06-16
PSMM,Invesco Moderately Conservative Multi-Asset Allocation ETF,2021-06-16
UVXY,ProShares Ultra VIX Short-Term Futures ETF,2021-06-16
BUFD,FT Cboe Vest Fund of Deep Buffer ETFs,2021-06-17
FMAY,FT Cboe Vest U.S. Equity Buffer ETF - May,2021-06-17
HYIN,WisdomTree Alternative Income Fund,2021-06-17
JUNZ,TrueShares Structured Outcome (June) ETF,2021-06-17
PSMB,Invesco Balanced Multi-Asset Allocation ETF,2021-06-17
UVXY,ProShares Ultra VIX Short-Term Futures ETF,2021-06-17
BUFD,FT Cboe Vest Fund of Deep Buffer ETFs,2021-06-18
FMAY,FT Cboe Vest U.S. Equity Buffer ETF - May,2021-06-18
HYIN,WisdomTree Alternative Income Fund,2021-06-18
JUNZ,TrueShares Structured Outcome (June) ETF,2021-06-18
PSMB,Invesco Balanced Multi-Asset Allocation ETF,2021-06-18
UVXY,ProShares Ultra VIX Short-Term Futures ETF,2021-06-18
BUFD,FT Cboe Vest Fund of Deep Buffer ETFs,2021-06-21
FMAY,FT Cboe Vest U.S. Equity Buffer ETF - May,2021-06-21
HYIN,WisdomTree Alternative Income Fund,2021-06-21
JUNZ,TrueShares Structured Outcome (June) ETF,2021-06-21
MPRO,Monarch ProCap ETF,2021-06-21
UVXY,ProShares Ultra VIX Short-Term Futures ETF,2021-06-21
BUFD,FT Cboe Vest Fund of Deep Buffer ETFs,2021-06-22
FMAY,FT Cboe Vest U.S. Equity Buffer ETF - May,2021-06-22
HYIN,WisdomTree Alternative Income Fund,2021-06-22
MPRO,Monarch ProCap ETF,2021-06-22
UVXY,ProShares Ultra VIX Short-Term Futures ETF,2021-06-22
BUFD,FT Cboe Vest Fund of Deep Buffer ETFs,2021-06-23
FMAY,FT Cboe Vest U.S. Equity Buffer ETF - May,2021-06-23
HYIN,WisdomTree Alternative Income Fund,2021-06-23
MPRO,Monarch ProCap ETF,2021-06-23
PBSM,Invesco PureBeta MSCI USA Small Cap ETF,2021-06-23
BUFD,FT Cboe Vest Fund of Deep Buffer ETFs,2021-06-24
MPRO,Monarch ProCap ETF,2021-06-24
PBSM,Invesco PureBeta MSCI USA Small Cap ETF,2021-06-24
BUFD,FT Cboe Vest Fund of Deep Buffer ETFs,2021-06-25
MPRO,Monarch ProCap ETF,2021-06-25
OSCV,Opus Small Cap Value  ETF,2021-06-25
PBSM,Invesco PureBeta MSCI USA Small Cap ETF,2021-06-25
BUFD,FT Cboe Vest Fund of Deep Buffer ETFs,2021-06-28
MPRO,Monarch ProCap ETF,2021-06-28
OSCV,Opus Small Cap Value  ETF,2021-06-28
PBSM,Invesco PureBeta MSCI USA Small Cap ETF,2021-06-28
BUFD,FT Cboe Vest Fund of Deep Buffer ETFs,2021-06-29
MPRO,Monarch ProCap ETF,2021-06-29
OSCV,Opus Small Cap Value  ETF,2021-06-29
PBSM,Invesco PureBeta MSCI USA Small Cap ETF,2021-06-29
BUFD,FT Cboe Vest Fund of Deep Buffer ETFs,2021-06-30
MPRO,Monarch ProCap ETF,2021-06-30
OSCV,Opus Small Cap Value  ETF,2021-06-30
PBSM,Invesco PureBeta MSCI USA Small Cap ETF,2021-06-30
PSMG,Invesco Growth Multi-Asset Allocation ETF,2021-06-30
BUFD,FT Cboe Vest Fund of Deep Buffer ETFs,2021-07-01
MPRO,Monarch ProCap ETF,2021-07-01
OSCV,Opus Small Cap Value  ETF,2021-07-01
PBSM,Invesco PureBeta MSCI USA Small Cap ETF,2021-07-01
PSMG,Invesco Growth Multi-Asset Allocation ETF,2021-07-01
VOTE,Engine No. 1 Transform 500 ETF,2021-07-01
BUFD,FT Cboe Vest Fund of Deep Buffer ETFs,2021-07-02
MPRO,Monarch ProCap ETF,2021-07-02
OSCV,Opus Small Cap Value  ETF,2021-07-02
PBSM,Invesco PureBeta MSCI USA Small Cap ETF,2021-07-02
PSMG,Invesco Growth Multi-Asset Allocation ETF,2021-07-02
VOTE,Engine No. 1 Transform 500 ETF,2021-07-02
BUFD,FT Cboe Vest Fund of Deep Buffer ETFs,2021-07-06
MPRO,Monarch ProCap ETF,2021-07-06
OSCV,Opus Small Cap Value  ETF,2021-07-06
PSMG,Invesco Growth Multi-Asset Allocation ETF,2021-07-06
VOTE,Engine No. 1 Transform 500 ETF,2021-07-06
BUFD,FT Cboe Vest Fund of Deep Buffer ETFs,2021-07-07
MPRO,Monarch ProCap ETF,2021-07-07
OSCV,Opus Small Cap Value  ETF,2021-07-07
PSMG,Invesco Growth Multi-Asset Allocation ETF,2021-07-07
VOTE,Engine No. 1 Transform 500 ETF,2021-07-07
BUFD,FT Cboe Vest Fund of Deep Buffer ETFs,2021-07-08
MDEV,First Trust Indxx Medical Devices ETF,2021-07-08
OSCV,Opus Small Cap Value  ETF,2021-07-08
PSMG,Invesco Growth Multi-Asset Allocation ETF,2021-07-08
VOTE,Engine No. 1 Transform 500 ETF,2021-07-08
BUFD,FT Cboe Vest Fund of Deep Buffer ETFs,2021-07-09
MDEV,First Trust Indxx Medical Devices ETF,2021-07-09
OSCV,Opus Small Cap Value  ETF,2021-07-09
PSMG,Invesco Growth Multi-Asset Allocation ETF,2021-07-09
VOTE,Engine No. 1 Transform 500 ETF,2021-07-09
BUFD,FT Cboe Vest Fund of Deep Buffer ETFs,2021-07-12
MDEV,First Trust Indxx Medical Devices ETF,2021-07-12
OSCV,Opus Small Cap Value  ETF,2021-07-12
PSMG,Invesco Growth Multi-Asset Allocation ETF,2021-07-12
VOTE,Engine No. 1 Transform 500 ETF,2021-07-12
BUFD,FT Cboe Vest Fund of Deep Buffer ETFs,2021-07-13
MDEV,First Trust Indxx Medical Devices ETF,2021-07-13
OSCV,Opus Small Cap Value  ETF,2021-07-13
PSMG,Invesco Growth Multi-Asset Allocation ETF,2021-07-13
VOTE,Engine No. 1 Transform 500 ETF,2021-07-13
WLDR,Affinity World Leaders Equity ETF,2021-07-13
BUFD,FT Cboe Vest Fund of Deep Buffer ETFs,2021-07-14
MDEV,First Trust Indxx Medical Devices ETF,2021-07-14
NURE,Nuveen Short-Term REIT ETF,2021-07-14
OSCV,Opus Small Cap Value  ETF,2021-07-14
PSMG,Invesco Growth Multi-Asset Allocation ETF,2021-07-14
VOTE,Engine No. 1 Transform 500 ETF,2021-07-14
WLDR,Affinity World Leaders Equity ETF,2021-07-14
BUFD,FT Cboe Vest Fund of Deep Buffer ETFs,2021-07-15
MDEV,First Trust Indxx Medical Devices ETF,2021-07-15
NURE,Nuveen Short-Term REIT ETF,2021-07-15
OSCV,Opus Small Cap Value  ETF,2021-07-15
PSMG,Invesco Growth Multi-Asset Allocation ETF,2021-07-15
VOTE,Engine No. 1 Transform 500 ETF,2021-07-15
WLDR,Affinity World Leaders Equity ETF,2021-07-15
BUFD,FT Cboe Vest Fund of Deep Buffer ETFs,2021-07-16
NURE,Nuveen Short-Term REIT ETF,2021-07-16
OMFS,Invesco Russell 2000 Dynamic Multifactor ETF,2021-07-16
OSCV,Opus Small Cap Value  ETF,2021-07-16
PSMG,Invesco Growth Multi-Asset Allocation ETF,2021-07-16
VOTE,Engine No. 1 Transform 500 ETF,2021-07-16
WLDR,Affinity World Leaders Equity ETF,2021-07-16
BUFD,FT Cboe Vest Fund of Deep Buffer ETFs,2021-07-19
NURE,Nuveen Short-Term REIT ETF,2021-07-19
OMFS,Invesco Russell 2000 Dynamic Multifactor ETF,2021-07-19
OSCV,Opus Small Cap Value  ETF,2021-07-19
PSMG,Invesco Growth Multi-Asset Allocation ETF,2021-07-19
VOTE,Engine No. 1 Transform 500 ETF,2021-07-19
WLDR,Affinity World Leaders Equity ETF,2021-07-19
BUFD,FT Cboe Vest Fund of Deep Buffer ETFs,2021-07-20
NURE,Nuveen Short-Term REIT ETF,2021-07-20
OMFS,Invesco Russell 2000 Dynamic Multifactor ETF,2021-07-20
PSMG,Invesco Growth Multi-Asset Allocation ETF,2021-07-20
VOTE,Engine No. 1 Transform 500 ETF,2021-07-20
WLDR,Affinity World Leaders Equity ETF,2021-07-20
BUFD,FT Cboe Vest Fund of Deep Buffer ETFs,2021-07-21
NURE,Nuveen Short-Term REIT ETF,2021-07-21
OMFS,Invesco Russell 2000 Dynamic Multifactor ETF,2021-07-21
VOTE,Engine No. 1 Transform 500 ETF,2021-07-21
WLDR,Affinity World Leaders Equity ETF,2021-07-21
BUFD,FT Cboe Vest Fund of Deep Buffer ETFs,2021-07-22
NURE,Nuveen Short-Term REIT ETF,2021-07-22
OMFS,Invesco Russell 2000 Dynamic Multifactor ETF,2021-07-22
VOTE,Engine No. 1 Transform 500 ETF,2021-07-22
WLDR,Affinity World Leaders Equity ETF,2021-07-22
NURE,Nuveen Short-Term REIT ETF,2021-07-23
OMFS,Invesco Russell 2000 Dynamic Multifactor ETF,2021-07-23
PSMB,Invesco Balanced Multi-Asset Allocation ETF,2021-07-23
VOTE,Engine No. 1 Transform 500 ETF,2021-07-23
VXX,iPath Series B S&P 500 VIX Short-Term Futures ETN,2021-07-23
WLDR,Affinity World Leaders Equity ETF,2021-07-23
NURE,Nuveen Short-Term REIT ETF,2021-07-26
PSMB,Invesco Balanced Multi-Asset Allocation ETF,2021-07-26
VOTE,Engine No. 1 Transform 500 ETF,2021-07-26
VXX,iPath Series B S&P 500 VIX Short-Term Futures ETN,2021-07-26
WLDR,Affinity World Leaders Equity ETF,2021-07-26
NURE,Nuveen Short-Term REIT ETF,2021-07-27
PSMB,Invesco Balanced Multi-Asset Allocation ETF,2021-07-27
VOTE,Engine No. 1 Transform 500 ETF,2021-07-27
VXX,iPath Series B S&P 500 VIX Short-Term Futures ETN,2021-07-27
WLDR,Affinity World Leaders Equity ETF,2021-07-27
XBJL,Innovator U.S. Equity Accelerated 9 Buffer ETF - July,2021-07-27
NURE,Nuveen Short-Term REIT ETF,2021-07-28
PSMB,Invesco Balanced Multi-Asset Allocation ETF,2021-07-28
PSMM,Invesco Moderately Conservative Multi-Asset Allocation ETF,2021-07-28
QCON,American Century Quality Convertible Securities ETF,2021-07-28
VOTE,Engine No. 1 Transform 500 ETF,2021-07-28
VXX,iPath Series B S&P 500 VIX Short-Term Futures ETN,2021-07-28
WLDR,Affinity World Leaders Equity ETF,2021-07-28
XBJL,Innovator U.S. Equity Accelerated 9 Buffer ETF - July,2021-07-28
NURE,Nuveen Short-Term REIT ETF,2021-07-29
PSMB,Invesco Balanced Multi-Asset Allocation ETF,2021-07-29
PSMM,Invesco Moderately Conservative Multi-Asset Allocation ETF,2021-07-29
QCON,American Century Quality Convertible Securities ETF,2021-07-29
VOTE,Engine No. 1 Transform 500 ETF,2021-07-29
VXX,iPath Series B S&P 500 VIX Short-Term Futures ETN,2021-07-29
WLDR,Affinity World Leaders Equity ETF,2021-07-29
XBJL,Innovator U.S. Equity Accelerated 9 Buffer ETF - July,2021-07-29
NURE,Nuveen Short-Term REIT ETF,2021-07-30
PSMB,Invesco Balanced Multi-Asset Allocation ETF,2021-07-30
PSMM,Invesco Moderately Conservative Multi-Asset Allocation ETF,2021-07-30
QCON,American Century Quality Convertible Securities ETF,2021-07-30
UJUL,Innovator S&P 500 Ultra Buffer ETF - July,2021-07-30
VXX,iPath Series B S&P 500 VIX Short-Term Futures ETN,2021-07-30
XBJL,Innovator U.S. Equity Accelerated 9 Buffer ETF - July,2021-07-30
NURE,Nuveen Short-Term REIT ETF,2021-08-02
PSMB,Invesco Balanced Multi-Asset Allocation ETF,2021-08-02
PSMM,Invesco Moderately Conservative Multi-Asset Allocation ETF,2021-08-02
QCON,American Century Quality Convertible Securities ETF,2021-08-02
UJUL,Innovator S&P 500 Ultra Buffer ETF - July,2021-08-02
VXX,iPath Series B S&P 500 VIX Short-Term Futures ETN,2021-08-02
XBJL,Innovator U.S. Equity Accelerated 9 Buffer ETF - July,2021-08-02
PSMB,Invesco Balanced Multi-Asset Allocation ETF,2021-08-03
PSMM,Invesco Moderately Conservative Multi-Asset Allocation ETF,2021-08-03
QCON,American Century Quality Convertible Securities ETF,2021-08-03
UJUL,Innovator S&P 500 Ultra Buffer ETF - July,2021-08-03
VXX,iPath Series B S&P 500 VIX Short-Term Futures ETN,2021-08-03
XBJL,Innovator U.S. Equity Accelerated 9 Buffer ETF - July,2021-08-03
PSMB,Invesco Balanced Multi-Asset Allocation ETF,2021-08-04
PSMM,Invesco Moderately Conservative Multi-Asset Allocation ETF,2021-08-04
QCON,American Century Quality Convertible Securities ETF,2021-08-04
UJUL,Innovator S&P 500 Ultra Buffer ETF - July,2021-08-04
VXX,iPath Series B S&P 500 VIX Short-Term Futures ETN,2021-08-04
IGV,iShares Expanded Tech-Software Sector ETF,2021-08-05
PSMB,Invesco Balanced Multi-Asset Allocation ETF,2021-08-05
UJUL,Innovator S&P 500 Ultra Buffer ETF - July,2021-08-05
UVXY,ProShares Ultra VIX Short-Term Futures ETF,2021-08-05
VXX,iPath Series B S&P 500 VIX Short-Term Futures ETN,2021-08-05
IGV,iShares Expanded Tech-Software Sector ETF,2021-08-06
STSB,iShares Factors US Small Blend Style ETF,2021-08-06
UJUL,Innovator S&P 500 Ultra Buffer ETF - July,2021-08-06
UVXY,ProShares Ultra VIX Short-Term Futures ETF,2021-08-06
VXX,iPath Series B S&P 500 VIX Short-Term Futures ETN,2021-08-06
IGV,iShares Expanded Tech-Software Sector ETF,2021-08-09
STSB,iShares Factors US Small Blend Style ETF,2021-08-09
UVXY,ProShares Ultra VIX Short-Term Futures ETF,2021-08-09
VXX,iPath Series B S&P 500 VIX Short-Term Futures ETN,2021-08-09
IGV,iShares Expanded Tech-Software Sector ETF,2021-08-10
STSB,iShares Factors US Small Blend Style ETF,2021-08-10
UVXY,ProShares Ultra VIX Short-Term Futures ETF,2021-08-10
VXX,iPath Series B S&P 500 VIX Short-Term Futures ETN,2021-08-10
IGV,iShares Expanded Tech-Software Sector ETF,2021-08-11
STSB,iShares Factors US Small Blend Style ETF,2021-08-11
UVXY,ProShares Ultra VIX Short-Term Futures ETF,2021-08-11
VXX,iPath Series B S&P 500 VIX Short-Term Futures ETN,2021-08-11
IGV,iShares Expanded Tech-Software Sector ETF,2021-08-12
IMLP,iPath S&P MLP ETN,2021-08-12
STSB,iShares Factors US Small Blend Style ETF,2021-08-12
UVXY,ProShares Ultra VIX Short-Term Futures ETF,2021-08-12
VXX,iPath Series B S&P 500 VIX Short-Term Futures ETN,2021-08-12
IMLP,iPath S&P MLP ETN,2021-08-13
STSB,iShares Factors US Small Blend Style ETF,2021-08-13
UVXY,ProShares Ultra VIX Short-Term Futures ETF,2021-08-13
VXX,iPath Series B S&P 500 VIX Short-Term Futures ETN,2021-08-13
IMLP,iPath S&P MLP ETN,2021-08-16
STSB,iShares Factors US Small Blend Style ETF,2021-08-16
UVXY,ProShares Ultra VIX Short-Term Futures ETF,2021-08-16
VXX,iPath Series B S&P 500 VIX Short-Term Futures ETN,2021-08-16
IMLP,iPath S&P MLP ETN,2021-08-17
PBEE,Invesco PureBeta FTSE Emerging Markets ETF,2021-08-17
STSB,iShares Factors US Small Blend Style ETF,2021-08-17
UVXY,ProShares Ultra VIX Short-Term Futures ETF,2021-08-17
VXX,iPath Series B S&P 500 VIX Short-Term Futures ETN,2021-08-17
IMLP,iPath S&P MLP ETN,2021-08-18
JMUB,JPMorgan Municipal ETF,2021-08-18
PBEE,Invesco PureBeta FTSE Emerging Markets ETF,2021-08-18
STSB,iShares Factors US Small Blend Style ETF,2021-08-18
UVXY,ProShares Ultra VIX Short-Term Futures ETF,2021-08-18
IMLP,iPath S&P MLP ETN,2021-08-19
JMUB,JPMorgan Municipal ETF,2021-08-19
PBEE,Invesco PureBeta FTSE Emerging Markets ETF,2021-08-19
STSB,iShares Factors US Small Blend Style ETF,2021-08-19
UVXY,ProShares Ultra VIX Short-Term Futures ETF,2021-08-19
JMUB,JPMorgan Municipal ETF,2021-08-20
PBEE,Invesco PureBeta FTSE Emerging Markets ETF,2021-08-20
STSB,iShares Factors US Small Blend Style ETF,2021-08-20
UVXY,ProShares Ultra VIX Short-Term Futures ETF,2021-08-20
JMUB,JPMorgan Municipal ETF,2021-08-23
PBEE,Invesco PureBeta FTSE Emerging Markets ETF,2021-08-23
STSB,ISHARES TR FACTORS US SMALL,2021-08-23
UVXY,ProShares Ultra VIX Short-Term Futures ETF,2021-08-23
JMUB,JPMorgan Municipal ETF,2021-08-24
PBEE,Invesco PureBeta FTSE Emerging Markets ETF,2021-08-24
STSB,ISHARES TR FACTORS US SMALL,2021-08-24
UVXY,ProShares Ultra VIX Short-Term Futures ETF,2021-08-24
JMUB,JPMorgan Municipal ETF,2021-08-25
PBEE,Invesco PureBeta FTSE Emerging Markets ETF,2021-08-25
UVXY,ProShares Ultra VIX Short-Term Futures ETF,2021-08-25
BAUG,Innovator U.S. Equity Buffer ETF - August,2021-08-26
JMUB,JPMorgan Municipal ETF,2021-08-26
UVXY,ProShares Ultra VIX Short-Term Futures ETF,2021-08-26
BAUG,Innovator U.S. Equity Buffer ETF - August,2021-08-27
JMUB,JPMorgan Municipal ETF,2021-08-27
UVXY,ProShares Ultra VIX Short-Term Futures ETF,2021-08-27
BAUG,Innovator U.S. Equity Buffer ETF - August,2021-08-30
UVXY,ProShares Ultra VIX Short-Term Futures ETF,2021-08-30
BAUG,Innovator U.S. Equity Buffer ETF - August,2021-08-31
PSMC,Invesco Conservative Multi-Asset Allocation ETF,2021-08-31
BAUG,Innovator U.S. Equity Buffer ETF - August,2021-09-01
FRDM,Freedom 100 Emerging Markets ETF,2021-09-01
PSMC,Invesco Conservative Multi-Asset Allocation ETF,2021-09-01
BAUG,Innovator U.S. Equity Buffer ETF - August,2021-09-02
FRDM,Freedom 100 Emerging Markets ETF,2021-09-02
PSMC,Invesco Conservative Multi-Asset Allocation ETF,2021-09-02
BAUG,Innovator U.S. Equity Buffer ETF - August,2021-09-03
DJUN,FT Cboe Vest U.S. Equity Deep Buffer ETF - June,2021-09-03
FRDM,Freedom 100 Emerging Markets ETF,2021-09-03
PSMC,Invesco Conservative Multi-Asset Allocation ETF,2021-09-03
BAUG,Innovator U.S. Equity Buffer ETF - August,2021-09-07
DJUN,FT Cboe Vest U.S. Equity Deep Buffer ETF - June,2021-09-07
FRDM,Freedom 100 Emerging Markets ETF,2021-09-07
PSMC,Invesco Conservative Multi-Asset Allocation ETF,2021-09-07
BAUG,Innovator U.S. Equity Buffer ETF - August,2021-09-08
DJUN,FT Cboe Vest U.S. Equity Deep Buffer ETF - June,2021-09-08
FRDM,Freedom 100 Emerging Markets ETF,2021-09-08
PSMC,Invesco Conservative Multi-Asset Allocation ETF,2021-09-08
BAUG,Innovator U.S. Equity Buffer ETF - August,2021-09-09
DJUN,FT Cboe Vest U.S. Equity Deep Buffer ETF - June,2021-09-09
FRDM,Freedom 100 Emerging Markets ETF,2021-09-09
BAUG,Innovator U.S. Equity Buffer ETF - August,2021-09-10
DJUN,FT Cboe Vest U.S. Equity Deep Buffer ETF - June,2021-09-10
FRDM,Freedom 100 Emerging Markets ETF,2021-09-10
BAUG,Innovator U.S. Equity Buffer ETF - August,2021-09-13
BSEP,Innovator U.S. Equity Buffer ETF - September,2021-09-13
DJUN,FT Cboe Vest U.S. Equity Deep Buffer ETF - June,2021-09-13
BAUG,Innovator U.S. Equity Buffer ETF - August,2021-09-14
BSEP,Innovator U.S. Equity Buffer ETF - September,2021-09-14
FGRO,Fidelity Growth Opportunities ETF,2021-09-14
USEP,Innovator U.S. Equity Ultra Buffer ETF - September,2021-09-14
BAUG,Innovator U.S. Equity Buffer ETF - August,2021-09-15
BSEP,Innovator U.S. Equity Buffer ETF - September,2021-09-15
FGRO,Fidelity Growth Opportunities ETF,2021-09-15
FLQM,Franklin LibertyQ U.S. Mid Cap Equity ETF,2021-09-15
OMFS,Invesco Russell 2000 Dynamic Multifactor ETF,2021-09-15
USEP,Innovator U.S. Equity Ultra Buffer ETF - September,2021-09-15
BAUG,Innovator U.S. Equity Buffer ETF - August,2021-09-16
BSEP,Innovator U.S. Equity Buffer ETF - September,2021-09-16
FGRO,Fidelity Growth Opportunities ETF,2021-09-16
FLQM,Franklin LibertyQ U.S. Mid Cap Equity ETF,2021-09-16
OMFS,Invesco Russell 2000 Dynamic Multifactor ETF,2021-09-16
TBJL,Innovator 20+ Year Treasury Bond 9 Buffer ETF - July,2021-09-16
USEP,Innovator U.S. Equity Ultra Buffer ETF - September,2021-09-16
BAUG,Innovator U.S. Equity Buffer ETF - August,2021-09-17
BSEP,Innovator U.S. Equity Buffer ETF - September,2021-09-17
FGRO,Fidelity Growth Opportunities ETF,2021-09-17
FLQM,Franklin LibertyQ U.S. Mid Cap Equity ETF,2021-09-17
FRDM,Freedom 100 Emerging Markets ETF,2021-09-17
OMFS,Invesco Russell 2000 Dynamic Multifactor ETF,2021-09-17
TBJL,Innovator 20+ Year Treasury Bond 9 Buffer ETF - July,2021-09-17
USEP,Innovator U.S. Equity Ultra Buffer ETF - September,2021-09-17
BAUG,Innovator U.S. Equity Buffer ETF - August,2021-09-20
BSEP,Innovator U.S. Equity Buffer ETF - September,2021-09-20
FGRO,Fidelity Growth Opportunities ETF,2021-09-20
FLQM,Franklin LibertyQ U.S. Mid Cap Equity ETF,2021-09-20
FRDM,Freedom 100 Emerging Markets ETF,2021-09-20
OMFS,Invesco Russell 2000 Dynamic Multifactor ETF,2021-09-20
TBJL,Innovator 20+ Year Treasury Bond 9 Buffer ETF - July,2021-09-20
USEP,Innovator U.S. Equity Ultra Buffer ETF - September,2021-09-20
BAUG,Innovator U.S. Equity Buffer ETF - August,2021-09-21
BSEP,Innovator U.S. Equity Buffer ETF - September,2021-09-21
FGRO,Fidelity Growth Opportunities ETF,2021-09-21
FLQM,Franklin LibertyQ U.S. Mid Cap Equity ETF,2021-09-21
FRDM,Freedom 100 Emerging Markets ETF,2021-09-21
OMFS,Invesco Russell 2000 Dynamic Multifactor ETF,2021-09-21
OSCV,Opus Small Cap Value  ETF,2021-09-21
TBJL,Innovator 20+ Year Treasury Bond 9 Buffer ETF - July,2021-09-21
USEP,Innovator U.S. Equity Ultra Buffer ETF - September,2021-09-21
BSEP,Innovator U.S. Equity Buffer ETF - September,2021-09-22
FGRO,Fidelity Growth Opportunities ETF,2021-09-22
FLQM,Franklin LibertyQ U.S. Mid Cap Equity ETF,2021-09-22
FRDM,Freedom 100 Emerging Markets ETF,2021-09-22
OMFS,Invesco Russell 2000 Dynamic Multifactor ETF,2021-09-22
OSCV,Opus Small Cap Value  ETF,2021-09-22
TBJL,Innovator 20+ Year Treasury Bond 9 Buffer ETF - July,2021-09-22
USEP,Innovator U.S. Equity Ultra Buffer ETF - September,2021-09-22
BSEP,Innovator U.S. Equity Buffer ETF - September,2021-09-23
FGRO,Fidelity Growth Opportunities ETF,2021-09-23
FRDM,Freedom 100 Emerging Markets ETF,2021-09-23
OMFS,Invesco Russell 2000 Dynamic Multifactor ETF,2021-09-23
OSCV,Opus Small Cap Value  ETF,2021-09-23
TBJL,Innovator 20+ Year Treasury Bond 9 Buffer ETF - July,2021-09-23
USEP,Innovator U.S. Equity Ultra Buffer ETF - September,2021-09-23
BSEP,Innovator U.S. Equity Buffer ETF - September,2021-09-24
FGRO,Fidelity Growth Opportunities ETF,2021-09-24
FRDM,Freedom 100 Emerging Markets ETF,2021-09-24
OMFS,Invesco Russell 2000 Dynamic Multifactor ETF,2021-09-24
OSCV,Opus Small Cap Value  ETF,2021-09-24
USEP,Innovator U.S. Equity Ultra Buffer ETF - September,2021-09-24
VXX,iPath Series B S&P 500 VIX Short-Term Futures ETN,2021-09-24
BSEP,Innovator U.S. Equity Buffer ETF - September,2021-09-27
FGRO,Fidelity Growth Opportunities ETF,2021-09-27
IEHS,iShares Evolved U.S. Healthcare Staples ETF,2021-09-27
OMFS,Invesco Russell 2000 Dynamic Multifactor ETF,2021-09-27
OSCV,Opus Small Cap Value  ETF,2021-09-27
USEP,Innovator U.S. Equity Ultra Buffer ETF - September,2021-09-27
VXX,iPath Series B S&P 500 VIX Short-Term Futures ETN,2021-09-27
FGRO,Fidelity Growth Opportunities ETF,2021-09-28
IEHS,iShares Evolved U.S. Healthcare Staples ETF,2021-09-28
OMFS,Invesco Russell 2000 Dynamic Multifactor ETF,2021-09-28
OSCV,Opus Small Cap Value  ETF,2021-09-28
USEP,Innovator U.S. Equity Ultra Buffer ETF - September,2021-09-28
VXX,iPath Series B S&P 500 VIX Short-Term Futures ETN,2021-09-28
FGRO,Fidelity Growth Opportunities ETF,2021-09-29
IEHS,iShares Evolved U.S. Healthcare Staples ETF,2021-09-29
OMFS,Invesco Russell 2000 Dynamic Multifactor ETF,2021-09-29
USEP,Innovator U.S. Equity Ultra Buffer ETF - September,2021-09-29
UVXY,ProShares Ultra VIX Short-Term Futures ETF,2021-09-29
VXX,iPath Series B S&P 500 VIX Short-Term Futures ETN,2021-09-29
FGRO,Fidelity Growth Opportunities ETF,2021-09-30
IEHS,iShares Evolved U.S. Healthcare Staples ETF,2021-09-30
OMFS,Invesco Russell 2000 Dynamic Multifactor ETF,2021-09-30
QSPT,FT Cboe Vest Nasdaq-100 Buffer ETF - September,2021-09-30
USEP,Innovator U.S. Equity Ultra Buffer ETF - September,2021-09-30
UVXY,ProShares Ultra VIX Short-Term Futures ETF,2021-09-30
VXX,iPath Series B S&P 500 VIX Short-Term Futures ETN,2021-09-30
FGRO,Fidelity Growth Opportunities ETF,2021-10-01
IEHS,iShares Evolved U.S. Healthcare Staples ETF,2021-10-01
LUXE,Emles Luxury Goods ETF,2021-10-01
QSPT,FT Cboe Vest Nasdaq-100 Buffer ETF - September,2021-10-01
UVXY,ProShares Ultra VIX Short-Term Futures ETF,2021-10-01
VXX,iPath Series B S&P 500 VIX Short-Term Futures ETN,2021-10-01
FGRO,Fidelity Growth Opportunities ETF,2021-10-04
IEHS,iShares Evolved U.S. Healthcare Staples ETF,2021-10-04
LUXE,Emles Luxury Goods ETF,2021-10-04
QSPT,FT Cboe Vest Nasdaq-100 Buffer ETF - September,2021-10-04
UVXY,ProShares Ultra VIX Short-Term Futures ETF,2021-10-04
VXX,iPath Series B S&P 500 VIX Short-Term Futures ETN,2021-10-04
FGRO,Fidelity Growth Opportunities ETF,2021-10-05
IEHS,iShares Evolved U.S. Healthcare Staples ETF,2021-10-05
LUXE,Emles Luxury Goods ETF,2021-10-05
QSPT,FT Cboe Vest Nasdaq-100 Buffer ETF - September,2021-10-05
UVXY,ProShares Ultra VIX Short-Term Futures ETF,2021-10-05
VXX,iPath Series B S&P 500 VIX Short-Term Futures ETN,2021-10-05
XTAP,Innovator U.S. Equity Accelerated Plus ETF - April,2021-10-05
FGRO,Fidelity Growth Opportunities ETF,2021-10-06
IEHS,iShares Evolved U.S. Healthcare Staples ETF,2021-10-06
LUXE,Emles Luxury Goods ETF,2021-10-06
QSPT,FT Cboe Vest Nasdaq-100 Buffer ETF - September,2021-10-06
UVXY,ProShares Ultra VIX Short-Term Futures ETF,2021-10-06
VXX,iPath Series B S&P 500 VIX Short-Term Futures ETN,2021-10-06
XTAP,Innovator U.S. Equity Accelerated Plus ETF - April,2021-10-06
FGRO,Fidelity Growth Opportunities ETF,2021-10-07
IEHS,iShares Evolved U.S. Healthcare Staples ETF,2021-10-07
LUXE,Emles Luxury Goods ETF,2021-10-07
QSPT,FT Cboe Vest Nasdaq-100 Buffer ETF - September,2021-10-07
UVXY,ProShares Ultra VIX Short-Term Futures ETF,2021-10-07
VXX,iPath Series B S&P 500 VIX Short-Term Futures ETN,2021-10-07
XTAP,Innovator U.S. Equity Accelerated Plus ETF - April,2021-10-07
BALT,Innovator Defined Wealth Shield ETF,2021-10-08
IEHS,iShares Evolved U.S. Healthcare Staples ETF,2021-10-08
LUXE,Emles Luxury Goods ETF,2021-10-08
QSPT,FT Cboe Vest Nasdaq-100 Buffer ETF - September,2021-10-08
UVXY,ProShares Ultra VIX Short-Term Futures ETF,2021-10-08
XTAP,Innovator U.S. Equity Accelerated Plus ETF - April,2021-10-08
BALT,Innovator Defined Wealth Shield ETF,2021-10-12
IEHS,iShares Evolved U.S. Healthcare Staples ETF,2021-10-12
QSPT,FT Cboe Vest Nasdaq-100 Buffer ETF - September,2021-10-12
UVXY,ProShares Ultra VIX Short-Term Futures ETF,2021-10-12
XTAP,Innovator U.S. Equity Accelerated Plus ETF - April,2021-10-12
BALT,Innovator Defined Wealth Shield ETF,2021-10-13
IEHS,iShares Evolved U.S. Healthcare Staples ETF,2021-10-13
QSPT,FT Cboe Vest Nasdaq-100 Buffer ETF - September,2021-10-13
UVXY,ProShares Ultra VIX Short-Term Futures ETF,2021-10-13
XTAP,Innovator U.S. Equity Accelerated Plus ETF - April,2021-10-13
BALT,Innovator Defined Wealth Shield ETF,2021-10-14
IEHS,iShares Evolved U.S. Healthcare Staples ETF,2021-10-14
QSPT,FT Cboe Vest Nasdaq-100 Buffer ETF - September,2021-10-14
UVXY,ProShares Ultra VIX Short-Term Futures ETF,2021-10-14
BALT,Innovator Defined Wealth Shield ETF,2021-10-15
IEHS,iShares Evolved U.S. Healthcare Staples ETF,2021-10-15
QSPT,FT Cboe Vest Nasdaq-100 Buffer ETF - September,2021-10-15
UVXY,ProShares Ultra VIX Short-Term Futures ETF,2021-10-15
BALT,Innovator Defined Wealth Shield ETF,2021-10-18
QSPT,FT Cboe Vest Nasdaq-100 Buffer ETF - September,2021-10-18
UVXY,ProShares Ultra VIX Short-Term Futures ETF,2021-10-18
BALT,Innovator Defined Wealth Shield ETF,2021-10-19
UVXY,ProShares Ultra VIX Short-Term Futures ETF,2021-10-19
YSEP,FT Cboe Vest International Equity Buffer ETF - September,2021-10-19
UVXY,ProShares Ultra VIX Short-Term Futures ETF,2021-10-20
YSEP,FT Cboe Vest International Equity Buffer ETF - September,2021-10-20
HYHG,ProShares High Yield-Interest Rate Hedged ETF,2021-10-21
UVXY,ProShares Ultra VIX Short-Term Futures ETF,2021-10-21
YSEP,FT Cboe Vest International Equity Buffer ETF - September,2021-10-21
HYHG,ProShares High Yield-Interest Rate Hedged ETF,2021-10-22
UVXY,ProShares Ultra VIX Short-Term Futures ETF,2021-10-22
YSEP,FT Cboe Vest International Equity Buffer ETF - September,2021-10-22
HYHG,ProShares High Yield-Interest Rate Hedged ETF,2021-10-25
UVXY,ProShares Ultra VIX Short-Term Futures ETF,2021-10-25
YSEP,FT Cboe Vest International Equity Buffer ETF - September,2021-10-25
HYHG,ProShares High Yield-Interest Rate Hedged ETF,2021-10-26
PSMJ,Pacer Swan SOS Moderate (July) ETF,2021-10-26
UVXY,ProShares Ultra VIX Short-Term Futures ETF,2021-10-26
YSEP,FT Cboe Vest International Equity Buffer ETF - September,2021-10-26
HYHG,ProShares High Yield-Interest Rate Hedged ETF,2021-10-27
PSMJ,Pacer Swan SOS Moderate (July) ETF,2021-10-27
YSEP,FT Cboe Vest International Equity Buffer ETF - September,2021-10-27
HYHG,ProShares High Yield-Interest Rate Hedged ETF,2021-10-28
PSMJ,Pacer Swan SOS Moderate (July) ETF,2021-10-28
YSEP,FT Cboe Vest International Equity Buffer ETF - September,2021-10-28
HYHG,ProShares High Yield-Interest Rate Hedged ETF,2021-10-29
PSMJ,Pacer Swan SOS Moderate (July) ETF,2021-10-29
HYHG,ProShares High Yield-Interest Rate Hedged ETF,2021-11-01
PSMJ,Pacer Swan SOS Moderate (July) ETF,2021-11-01
FRNW,Fidelity Clean Energy ETF,2021-11-02
HYHG,ProShares High Yield-Interest Rate Hedged ETF,2021-11-02
HYIN,WisdomTree Alternative Income Fund,2021-11-02
PBSM,Invesco PureBeta MSCI USA Small Cap ETF,2021-11-02
PSMJ,Pacer Swan SOS Moderate (July) ETF,2021-11-02
FRNW,Fidelity Clean Energy ETF,2021-11-03
HYHG,ProShares High Yield-Interest Rate Hedged ETF,2021-11-03
HYIN,WisdomTree Alternative Income Fund,2021-11-03
PBSM,Invesco PureBeta MSCI USA Small Cap ETF,2021-11-03
PSMJ,Pacer Swan SOS Moderate (July) ETF,2021-11-03
BUFG,FT Cboe Vest Buffered Allocation Growth ETF,2021-11-04
FRNW,Fidelity Clean Energy ETF,2021-11-04
HYHG,ProShares High Yield-Interest Rate Hedged ETF,2021-11-04
HYIN,WisdomTree Alternative Income Fund,2021-11-04
PBSM,Invesco PureBeta MSCI USA Small Cap ETF,2021-11-04
PSMJ,Pacer Swan SOS Moderate (July) ETF,2021-11-04
BUFG,FT Cboe Vest Buffered Allocation Growth ETF,2021-11-05
FRNW,Fidelity Clean Energy ETF,2021-11-05
HYHG,ProShares High Yield-Interest Rate Hedged ETF,2021-11-05
HYIN,WisdomTree Alternative Income Fund,2021-11-05
PBSM,Invesco PureBeta MSCI USA Small Cap ETF,2021-11-05
BUFG,FT Cboe Vest Buffered Allocation Growth ETF,2021-11-08
FRNW,Fidelity Clean Energy ETF,2021-11-08
HYHG,ProShares High Yield-Interest Rate Hedged ETF,2021-11-08
HYIN,WisdomTree Alternative Income Fund,2021-11-08
PBSM,Invesco PureBeta MSCI USA Small Cap ETF,2021-11-08
BUFG,FT Cboe Vest Buffered Allocation Growth ETF,2021-11-09
FRNW,Fidelity Clean Energy ETF,2021-11-09
HYHG,ProShares High Yield-Interest Rate Hedged ETF,2021-11-09
HYIN,WisdomTree Alternative Income Fund,2021-11-09
NOCT,Innovator Growth-100 Power Buffer ETF- October,2021-11-09
PBSM,Invesco PureBeta MSCI USA Small Cap ETF,2021-11-09
PSFF,Pacer Swan SOS Fund of Funds ETF,2021-11-09
BUFG,FT Cboe Vest Buffered Allocation Growth ETF,2021-11-10
FRNW,Fidelity Clean Energy ETF,2021-11-10
HYHG,ProShares High Yield-Interest Rate Hedged ETF,2021-11-10
NOCT,Innovator Growth-100 Power Buffer ETF- October,2021-11-10
PBSM,Invesco PureBeta MSCI USA Small Cap ETF,2021-11-10
PSFF,Pacer Swan SOS Fund of Funds ETF,2021-11-10
BUFG,FT Cboe Vest Buffered Allocation Growth ETF,2021-11-12
FRNW,Fidelity Clean Energy ETF,2021-11-12
HYHG,ProShares High Yield-Interest Rate Hedged ETF,2021-11-12
NOCT,Innovator Growth-100 Power Buffer ETF- October,2021-11-12
PBSM,Invesco PureBeta MSCI USA Small Cap ETF,2021-11-12
PSFF,Pacer Swan SOS Fund of Funds ETF,2021-11-12
BUFG,FT Cboe Vest Buffered Allocation Growth ETF,2021-11-15
FRNW,Fidelity Clean Energy ETF,2021-11-15
HYHG,ProShares High Yield-Interest Rate Hedged ETF,2021-11-15
NOCT,Innovator Growth-100 Power Buffer ETF- October,2021-11-15
PBSM,Invesco PureBeta MSCI USA Small Cap ETF,2021-11-15
PSFF,Pacer Swan SOS Fund of Funds ETF,2021-11-15
PSMG,Invesco Growth Multi-Asset Allocation ETF,2021-11-15
FRNW,Fidelity Clean Energy ETF,2021-11-16
HYHG,ProShares High Yield-Interest Rate Hedged ETF,2021-11-16
NOCT,Innovator Growth-100 Power Buffer ETF- October,2021-11-16
PBSM,Invesco PureBeta MSCI USA Small Cap ETF,2021-11-16
PSFF,Pacer Swan SOS Fund of Funds ETF,2021-11-16
PSMG,Invesco Growth Multi-Asset Allocation ETF,2021-11-16
FRNW,Fidelity Clean Energy ETF,2021-11-17
HYHG,ProShares High Yield-Interest Rate Hedged ETF,2021-11-17
NOCT,Innovator Growth-100 Power Buffer ETF- October,2021-11-17
PBSM,Invesco PureBeta MSCI USA Small Cap ETF,2021-11-17
PSFF,Pacer Swan SOS Fund of Funds ETF,2021-11-17
PSMG,Invesco Growth Multi-Asset Allocation ETF,2021-11-17
FRNW,Fidelity Clean Energy ETF,2021-11-18
HYHG,ProShares High Yield-Interest Rate Hedged ETF,2021-11-18
NOCT,Innovator Growth-100 Power Buffer ETF- October,2021-11-18
PBSM,Invesco PureBeta MSCI USA Small Cap ETF,2021-11-18
PSFF,Pacer Swan SOS Fund of Funds ETF,2021-11-18
PSMG,Invesco Growth Multi-Asset Allocation ETF,2021-11-18
FRNW,Fidelity Clean Energy ETF,2021-11-19
HYHG,ProShares High Yield-Interest Rate Hedged ETF,2021-11-19
IGLD,FT Cboe Vest Gold Strategy Target Income ETF,2021-11-19
NOCT,Innovator Growth-100 Power Buffer ETF- October,2021-11-19
PSFF,Pacer Swan SOS Fund of Funds ETF,2021-11-19
PSMG,Invesco Growth Multi-Asset Allocation ETF,2021-11-19
PSMM,Invesco Moderately Conservative Multi-Asset Allocation ETF,2021-11-19
FRNW,Fidelity Clean Energy ETF,2021-11-22
HYHG,ProShares High Yield-Interest Rate Hedged ETF,2021-11-22
IGLD,FT Cboe Vest Gold Strategy Target Income ETF,2021-11-22
PSFF,Pacer Swan SOS Fund of Funds ETF,2021-11-22
PSMG,Invesco Growth Multi-Asset Allocation ETF,2021-11-22
PSMM,Invesco Moderately Conservative Multi-Asset Allocation ETF,2021-11-22
BUFG,FT Cboe Vest Buffered Allocation Growth ETF,2021-11-23
FRNW,Fidelity Clean Energy ETF,2021-11-23
HYHG,ProShares High Yield-Interest Rate Hedged ETF,2021-11-23
IGLD,FT Cboe Vest Gold Strategy Target Income ETF,2021-11-23
PSFF,Pacer Swan SOS Fund of Funds ETF,2021-11-23
PSMG,Invesco Growth Multi-Asset Allocation ETF,2021-11-23
PSMM,Invesco Moderately Conservative Multi-Asset Allocation ETF,2021-11-23
BUFG,FT Cboe Vest Buffered Allocation Growth ETF,2021-11-24
FRNW,Fidelity Clean Energy ETF,2021-11-24
IGLD,FT Cboe Vest Gold Strategy Target Income ETF,2021-11-24
PSMG,Invesco Growth Multi-Asset Allocation ETF,2021-11-24
PSMM,Invesco Moderately Conservative Multi-Asset Allocation ETF,2021-11-24
BUFG,FT Cboe Vest Buffered Allocation Growth ETF,2021-11-26
FRNW,Fidelity Clean Energy ETF,2021-11-26
IGLD,FT Cboe Vest Gold Strategy Target Income ETF,2021-11-26
PSMG,Invesco Growth Multi-Asset Allocation ETF,2021-11-26
PSMM,Invesco Moderately Conservative Multi-Asset Allocation ETF,2021-11-26
BUFG,FT Cboe Vest Buffered Allocation Growth ETF,2021-11-29
FRDM,Freedom 100 Emerging Markets ETF,2021-11-29
FRNW,Fidelity Clean Energy ETF,2021-11-29
IGLD,FT Cboe Vest Gold Strategy Target Income ETF,2021-11-29
MSMR,McElhenny Sheffield Managed Risk ETF,2021-11-29
PSMG,Invesco Growth Multi-Asset Allocation ETF,2021-11-29
PSMM,Invesco Moderately Conservative Multi-Asset Allocation ETF,2021-11-29
BUFG,FT Cboe Vest Buffered Allocation Growth ETF,2021-11-30
DNOV,FT Cboe Vest U.S. Equity Deep Buffer ETF - November,2021-11-30
FRDM,Freedom 100 Emerging Markets ETF,2021-11-30
FRNW,Fidelity Clean Energy ETF,2021-11-30
IGLD,FT Cboe Vest Gold Strategy Target Income ETF,2021-11-30
MSMR,McElhenny Sheffield Managed Risk ETF,2021-11-30
PSMG,Invesco Growth Multi-Asset Allocation ETF,2021-11-30
BUFG,FT Cboe Vest Buffered Allocation Growth ETF,2021-12-01
DNOV,FT Cboe Vest U.S. Equity Deep Buffer ETF - November,2021-12-01
FRDM,Freedom 100 Emerging Markets ETF,2021-12-01
FRNW,Fidelity Clean Energy ETF,2021-12-01
IGLD,FT Cboe Vest Gold Strategy Target Income ETF,2021-12-01
MSMR,McElhenny Sheffield Managed Risk ETF,2021-12-01
PSMG,Invesco Growth Multi-Asset Allocation ETF,2021-12-01
BUFG,FT Cboe Vest Buffered Allocation Growth ETF,2021-12-02
DNOV,FT Cboe Vest U.S. Equity Deep Buffer ETF - November,2021-12-02
FRDM,Freedom 100 Emerging Markets ETF,2021-12-02
IGLD,FT Cboe Vest Gold Strategy Target Income ETF,2021-12-02
MSMR,McElhenny Sheffield Managed Risk ETF,2021-12-02
PSMG,Invesco Growth Multi-Asset Allocation ETF,2021-12-02
BUFG,FT Cboe Vest Buffered Allocation Growth ETF,2021-12-03
DNOV,FT Cboe Vest U.S. Equity Deep Buffer ETF - November,2021-12-03
FRDM,Freedom 100 Emerging Markets ETF,2021-12-03
MSMR,McElhenny Sheffield Managed Risk ETF,2021-12-03
PSMG,Invesco Growth Multi-Asset Allocation ETF,2021-12-03
BUFG,FT Cboe Vest Buffered Allocation Growth ETF,2021-12-06
DNOV,FT Cboe Vest U.S. Equity Deep Buffer ETF - November,2021-12-06
FRDM,Freedom 100 Emerging Markets ETF,2021-12-06
MSMR,McElhenny Sheffield Managed Risk ETF,2021-12-06
PSMG,Invesco Growth Multi-Asset Allocation ETF,2021-12-06
SVXY,ProShares Short VIX Short-Term Futures ETF,2021-12-06
BUFG,FT Cboe Vest Buffered Allocation Growth ETF,2021-12-07
DNOV,FT Cboe Vest U.S. Equity Deep Buffer ETF - November,2021-12-07
FRDM,Freedom 100 Emerging Markets ETF,2021-12-07
MSMR,McElhenny Sheffield Managed Risk ETF,2021-12-07
PSMG,Invesco Growth Multi-Asset Allocation ETF,2021-12-07
SVXY,ProShares Short VIX Short-Term Futures ETF,2021-12-07
BUFG,FT Cboe Vest Buffered Allocation Growth ETF,2021-12-08
DNOV,FT Cboe Vest U.S. Equity Deep Buffer ETF - November,2021-12-08
MSMR,McElhenny Sheffield Managed Risk ETF,2021-12-08
PSMG,Invesco Growth Multi-Asset Allocation ETF,2021-12-08
SVXY,ProShares Short VIX Short-Term Futures ETF,2021-12-08
BUFG,FT Cboe Vest Buffered Allocation Growth ETF,2021-12-09
DNOV,FT Cboe Vest U.S. Equity Deep Buffer ETF - November,2021-12-09
PSMG,Invesco Growth Multi-Asset Allocation ETF,2021-12-09
SVXY,ProShares Short VIX Short-Term Futures ETF,2021-12-09
BUFG,FT Cboe Vest Buffered Allocation Growth ETF,2021-12-10
DNOV,FT Cboe Vest U.S. Equity Deep Buffer ETF - November,2021-12-10
PBSM,Invesco PureBeta MSCI USA Small Cap ETF,2021-12-10
PSMG,Invesco Growth Multi-Asset Allocation ETF,2021-12-10
SVXY,ProShares Short VIX Short-Term Futures ETF,2021-12-10
BUFG,FT Cboe Vest Buffered Allocation Growth ETF,2021-12-13
DNOV,FT Cboe Vest U.S. Equity Deep Buffer ETF - November,2021-12-13
PBSM,Invesco PureBeta MSCI USA Small Cap ETF,2021-12-13
PSMG,Invesco Growth Multi-Asset Allocation ETF,2021-12-13
SVXY,ProShares Short VIX Short-Term Futures ETF,2021-12-13
BUFG,FT Cboe Vest Buffered Allocation Growth ETF,2021-12-14
DNOV,FT Cboe Vest U.S. Equity Deep Buffer ETF - November,2021-12-14
PBSM,Invesco PureBeta MSCI USA Small Cap ETF,2021-12-14
PSMG,Invesco Growth Multi-Asset Allocation ETF,2021-12-14
SVXY,ProShares Short VIX Short-Term Futures ETF,2021-12-14
BUFG,FT Cboe Vest Buffered Allocation Growth ETF,2021-12-15
DNOV,FT Cboe Vest U.S. Equity Deep Buffer ETF - November,2021-12-15
PBSM,Invesco PureBeta MSCI USA Small Cap ETF,2021-12-15
PSMB,Invesco Balanced Multi-Asset Allocation ETF,2021-12-15
PSMM,Invesco Moderately Conservative Multi-Asset Allocation ETF,2021-12-15
SVXY,ProShares Short VIX Short-Term Futures ETF,2021-12-15
BUFG,FT Cboe Vest Buffered Allocation Growth ETF,2021-12-16
DNOV,FT Cboe Vest U.S. Equity Deep Buffer ETF - November,2021-12-16
PBSM,Invesco PureBeta MSCI USA Small Cap ETF,2021-12-16
PSMB,Invesco Balanced Multi-Asset Allocation ETF,2021-12-16
PSMM,Invesco Moderately Conservative Multi-Asset Allocation ETF,2021-12-16
SVXY,ProShares Short VIX Short-Term Futures ETF,2021-12-16
UVXY,ProShares Ultra VIX Short-Term Futures ETF,2021-12-16
BUFG,FT Cboe Vest Buffered Allocation Growth ETF,2021-12-17
DNOV,FT Cboe Vest U.S. Equity Deep Buffer ETF - November,2021-12-17
MRGR,ProShares Merger ETF,2021-12-17
OMFS,Invesco Russell 2000 Dynamic Multifactor ETF,2021-12-17
PBSM,Invesco PureBeta MSCI USA Small Cap ETF,2021-12-17
PSMB,Invesco Balanced Multi-Asset Allocation ETF,2021-12-17
PSMM,Invesco Moderately Conservative Multi-Asset Allocation ETF,2021-12-17
SVXY,ProShares Short VIX Short-Term Futures ETF,2021-12-17
UVXY,ProShares Ultra VIX Short-Term Futures ETF,2021-12-17
BUFG,FT Cboe Vest Buffered Allocation Growth ETF,2021-12-20
DNOV,FT Cboe Vest U.S. Equity Deep Buffer ETF - November,2021-12-20
MRGR,ProShares Merger ETF,2021-12-20
OMFS,Invesco Russell 2000 Dynamic Multifactor ETF,2021-12-20
PBSM,Invesco PureBeta MSCI USA Small Cap ETF,2021-12-20
PSMB,Invesco Balanced Multi-Asset Allocation ETF,2021-12-20
PSMM,Invesco Moderately Conservative Multi-Asset Allocation ETF,2021-12-20
SVXY,ProShares Short VIX Short-Term Futures ETF,2021-12-20
UVXY,ProShares Ultra VIX Short-Term Futures ETF,2021-12-20
BUFG,FT Cboe Vest Buffered Allocation Growth ETF,2021-12-21
DNOV,FT Cboe Vest U.S. Equity Deep Buffer ETF - November,2021-12-21
MRGR,ProShares Merger ETF,2021-12-21
OMFS,Invesco Russell 2000 Dynamic Multifactor ETF,2021-12-21
PBSM,Invesco PureBeta MSCI USA Small Cap ETF,2021-12-21
PSMB,Invesco Balanced Multi-Asset Allocation ETF,2021-12-21
PSMM,Invesco Moderately Conservative Multi-Asset Allocation ETF,2021-12-21
SVXY,ProShares Short VIX Short-Term Futures ETF,2021-12-21
UVXY,ProShares Ultra VIX Short-Term Futures ETF,2021-12-21
BUFG,FT Cboe Vest Buffered Allocation Growth ETF,2021-12-22
DNOV,FT Cboe Vest U.S. Equity Deep Buffer ETF - November,2021-12-22
MRGR,ProShares Merger ETF,2021-12-22
OMFS,Invesco Russell 2000 Dynamic Multifactor ETF,2021-12-22
PBSM,Invesco PureBeta MSCI USA Small Cap ETF,2021-12-22
PSMB,Invesco Balanced Multi-Asset Allocation ETF,2021-12-22
PSMM,Invesco Moderately Conservative Multi-Asset Allocation ETF,2021-12-22
SVXY,ProShares Short VIX Short-Term Futures ETF,2021-12-22
UVXY,ProShares Ultra VIX Short-Term Futures ETF,2021-12-22
BUFG,FT Cboe Vest Buffered Allocation Growth ETF,2021-12-23
DNOV,FT Cboe Vest U.S. Equity Deep Buffer ETF - November,2021-12-23
MRGR,ProShares Merger ETF,2021-12-23
OMFS,Invesco Russell 2000 Dynamic Multifactor ETF,2021-12-23
PBSM,Invesco PureBeta MSCI USA Small Cap ETF,2021-12-23
PSMM,Invesco Moderately Conservative Multi-Asset Allocation ETF,2021-12-23
SVXY,ProShares Short VIX Short-Term Futures ETF,2021-12-23
UVXY,ProShares Ultra VIX Short-Term Futures ETF,2021-12-23
BUFG,FT Cboe Vest Buffered Allocation Growth ETF,2021-12-27
DNOV,FT Cboe Vest U.S. Equity Deep Buffer ETF - November,2021-12-27
MRGR,ProShares Merger ETF,2021-12-27
MSMR,McElhenny Sheffield Managed Risk ETF,2021-12-27
OMFS,Invesco Russell 2000 Dynamic Multifactor ETF,2021-12-27
PBSM,Invesco PureBeta MSCI USA Small Cap ETF,2021-12-27
PSMM,Invesco Moderately Conservative Multi-Asset Allocation ETF,2021-12-27
SVXY,ProShares Short VIX Short-Term Futures ETF,2021-12-27
UVXY,ProShares Ultra VIX Short-Term Futures ETF,2021-12-27
VXX,iPath Series B S&P 500 VIX Short-Term Futures ETN,2021-12-27
BUFG,FT Cboe Vest Buffered Allocation Growth ETF,2021-12-28
DNOV,FT Cboe Vest U.S. Equity Deep Buffer ETF - November,2021-12-28
MSMR,McElhenny Sheffield Managed Risk ETF,2021-12-28
OMFS,Invesco Russell 2000 Dynamic Multifactor ETF,2021-12-28
PBSM,Invesco PureBeta MSCI USA Small Cap ETF,2021-12-28
PSMM,Invesco Moderately Conservative Multi-Asset Allocation ETF,2021-12-28
SVXY,ProShares Short VIX Short-Term Futures ETF,2021-12-28
UVXY,ProShares Ultra VIX Short-Term Futures ETF,2021-12-28
VXX,iPath Series B S&P 500 VIX Short-Term Futures ETN,2021-12-28
BUFG,FT Cboe Vest Buffered Allocation Growth ETF,2021-12-29
DNOV,FT Cboe Vest U.S. Equity Deep Buffer ETF - November,2021-12-29
MSMR,McElhenny Sheffield Managed Risk ETF,2021-12-29
OMFS,Invesco Russell 2000 Dynamic Multifactor ETF,2021-12-29
PBSM,Invesco PureBeta MSCI USA Small Cap ETF,2021-12-29
PSMM,Invesco Moderately Conservative Multi-Asset Allocation ETF,2021-12-29
SVXY,ProShares Short VIX Short-Term Futures ETF,2021-12-29
UVXY,ProShares Ultra VIX Short-Term Futures ETF,2021-12-29
VXX,iPath Series B S&P 500 VIX Short-Term Futures ETN,2021-12-29
BUFG,FT Cboe Vest Buffered Allocation Growth ETF,2021-12-30
DDEC,FT Cboe Vest U.S. Equity Deep Buffer ETF - December,2021-12-30
MSMR,McElhenny Sheffield Managed Risk ETF,2021-12-30
PBSM,Invesco PureBeta MSCI USA Small Cap ETF,2021-12-30
PSMM,Invesco Moderately Conservative Multi-Asset Allocation ETF,2021-12-30
SVXY,ProShares Short VIX Short-Term Futures ETF,2021-12-30
UVXY,ProShares Ultra VIX Short-Term Futures ETF,2021-12-30
VXX,iPath Series B S&P 500 VIX Short-Term Futures ETN,2021-12-30
XDEC,FT Cboe Vest U.S. Equity Enhance & Moderate Buffer ETF - December,2021-12-30
DDEC,FT Cboe Vest U.S. Equity Deep Buffer ETF - December,2021-12-31
MSMR,McElhenny Sheffield Managed Risk ETF,2021-12-31
PBSM,Invesco PureBeta MSCI USA Small Cap ETF,2021-12-31
SVXY,ProShares Short VIX Short-Term Futures ETF,2021-12-31
UVXY,ProShares Ultra VIX Short-Term Futures ETF,2021-12-31
VXX,iPath Series B S&P 500 VIX Short-Term Futures ETN,2021-12-31
XDEC,FT Cboe Vest U.S. Equity Enhance & Moderate Buffer ETF - December,2021-12-31
DDEC,FT Cboe Vest U.S. Equity Deep Buffer ETF - December,2022-01-03
MSMR,McElhenny Sheffield Managed Risk ETF,2022-01-03
PBSM,Invesco PureBeta MSCI USA Small Cap ETF,2022-01-03
SVXY,ProShares Short VIX Short-Term Futures ETF,2022-01-03
UVXY,ProShares Ultra VIX Short-Term Futures ETF,2022-01-03
VXX,iPath Series B S&P 500 VIX Short-Term Futures ETN,2022-01-03
XDEC,FT Cboe Vest U.S. Equity Enhance & Moderate Buffer ETF - December,2022-01-03
DDEC,FT Cboe Vest U.S. Equity Deep Buffer ETF - December,2022-01-04
SVXY,ProShares Short VIX Short-Term Futures ETF,2022-01-04
UVXY,ProShares Ultra VIX Short-Term Futures ETF,2022-01-04
VXX,iPath Series B S&P 500 VIX Short-Term Futures ETN,2022-01-04
XDEC,FT Cboe Vest U.S. Equity Enhance & Moderate Buffer ETF - December,2022-01-04
DDEC,FT Cboe Vest U.S. Equity Deep Buffer ETF - December,2022-01-05
SVXY,ProShares Short VIX Short-Term Futures ETF,2022-01-05
UVXY,ProShares Ultra VIX Short-Term Futures ETF,2022-01-05
VXX,iPath Series B S&P 500 VIX Short-Term Futures ETN,2022-01-05
XDEC,FT Cboe Vest U.S. Equity Enhance & Moderate Buffer ETF - December,2022-01-05
DDEC,FT Cboe Vest U.S. Equity Deep Buffer ETF - December,2022-01-06
SVXY,ProShares Short VIX Short-Term Futures ETF,2022-01-06
UVXY,ProShares Ultra VIX Short-Term Futures ETF,2022-01-06
VXX,iPath Series B S&P 500 VIX Short-Term Futures ETN,2022-01-06
XDEC,FT Cboe Vest U.S. Equity Enhance & Moderate Buffer ETF - December,2022-01-06
DDEC,FT Cboe Vest U.S. Equity Deep Buffer ETF - December,2022-01-07
UVXY,ProShares Ultra VIX Short-Term Futures ETF,2022-01-07
VXX,iPath Series B S&P 500 VIX Short-Term Futures ETN,2022-01-07
DDEC,FT Cboe Vest U.S. Equity Deep Buffer ETF - December,2022-01-10
UVXY,ProShares Ultra VIX Short-Term Futures ETF,2022-01-10
VXX,iPath Series B S&P 500 VIX Short-Term Futures ETN,2022-01-10
DDEC,FT Cboe Vest U.S. Equity Deep Buffer ETF - December,2022-01-11
FCPI,Fidelity Stocks for Inflation ETF,2022-01-11
MSMR,McElhenny Sheffield Managed Risk ETF,2022-01-11
QTJA,Innovator Growth Accelerated Plus ETF - January,2022-01-11
UVXY,ProShares Ultra VIX Short-Term Futures ETF,2022-01-11
VXX,iPath Series B S&P 500 VIX Short-Term Futures ETN,2022-01-11
DDEC,FT Cboe Vest U.S. Equity Deep Buffer ETF - December,2022-01-12
FCPI,Fidelity Stocks for Inflation ETF,2022-01-12
KJAN,Innovator U.S. Small Cap Power Buffer ETF - January,2022-01-12
MSMR,McElhenny Sheffield Managed Risk ETF,2022-01-12
QTJA,Innovator Growth Accelerated Plus ETF - January,2022-01-12
UVXY,ProShares Ultra VIX Short-Term Futures ETF,2022-01-12
VXX,iPath Series B S&P 500 VIX Short-Term Futures ETN,2022-01-12
DDEC,FT Cboe Vest U.S. Equity Deep Buffer ETF - December,2022-01-13
FCPI,Fidelity Stocks for Inflation ETF,2022-01-13
KJAN,Innovator U.S. Small Cap Power Buffer ETF - January,2022-01-13
MSMR,McElhenny Sheffield Managed Risk ETF,2022-01-13
NJAN,Innovator Growth-100 Power Buffer ETF - January,2022-01-13
QTJA,Innovator Growth Accelerated Plus ETF - January,2022-01-13
UVXY,ProShares Ultra VIX Short-Term Futures ETF,2022-01-13
VXX,iPath Series B S&P 500 VIX Short-Term Futures ETN,2022-01-13
DDEC,FT Cboe Vest U.S. Equity Deep Buffer ETF - December,2022-01-14
FCPI,Fidelity Stocks for Inflation ETF,2022-01-14
KJAN,Innovator U.S. Small Cap Power Buffer ETF - January,2022-01-14
MSMR,McElhenny Sheffield Managed Risk ETF,2022-01-14
NJAN,Innovator Growth-100 Power Buffer ETF - January,2022-01-14
PWS,Pacer WealthShield ETF,2022-01-14
QTJA,Innovator Growth Accelerated Plus ETF - January,2022-01-14
UVXY,ProShares Ultra VIX Short-Term Futures ETF,2022-01-14
XDEC,FT Cboe Vest U.S. Equity Enhance & Moderate Buffer ETF - December,2022-01-14
BUFT,FT Cboe Vest Buffered Allocation Defensive ETF,2022-01-18
DDEC,FT Cboe Vest U.S. Equity Deep Buffer ETF - December,2022-01-18
FCPI,Fidelity Stocks for Inflation ETF,2022-01-18
KJAN,Innovator U.S. Small Cap Power Buffer ETF - January,2022-01-18
MSMR,McElhenny Sheffield Managed Risk ETF,2022-01-18
NJAN,Innovator Growth-100 Power Buffer ETF - January,2022-01-18
PWS,Pacer WealthShield ETF,2022-01-18
QTJA,Innovator Growth Accelerated Plus ETF - January,2022-01-18
UVXY,ProShares Ultra VIX Short-Term Futures ETF,2022-01-18
XDEC,FT Cboe Vest U.S. Equity Enhance & Moderate Buffer ETF - December,2022-01-18
BUFT,FT Cboe Vest Buffered Allocation Defensive ETF,2022-01-19
DDEC,FT Cboe Vest U.S. Equity Deep Buffer ETF - December,2022-01-19
FCPI,Fidelity Stocks for Inflation ETF,2022-01-19
KJAN,Innovator U.S. Small Cap Power Buffer ETF - January,2022-01-19
MSMR,McElhenny Sheffield Managed Risk ETF,2022-01-19
NJAN,Innovator Growth-100 Power Buffer ETF - January,2022-01-19
PSFF,Pacer Swan SOS Fund of Funds ETF,2022-01-19
PWS,Pacer WealthShield ETF,2022-01-19
QTJA,Innovator Growth Accelerated Plus ETF - January,2022-01-19
UVXY,ProShares Ultra VIX Short-Term Futures ETF,2022-01-19
XDEC,FT Cboe Vest U.S. Equity Enhance & Moderate Buffer ETF - December,2022-01-19
BUFT,FT Cboe Vest Buffered Allocation Defensive ETF,2022-01-20
FCPI,Fidelity Stocks for Inflation ETF,2022-01-20
KJAN,Innovator U.S. Small Cap Power Buffer ETF - January,2022-01-20
MSMR,McElhenny Sheffield Managed Risk ETF,2022-01-20
NJAN,Innovator Growth-100 Power Buffer ETF - January,2022-01-20
PSFF,Pacer Swan SOS Fund of Funds ETF,2022-01-20
PSMM,Invesco Moderately Conservative Multi-Asset Allocation ETF,2022-01-20
PWS,Pacer WealthShield ETF,2022-01-20
QTJA,Innovator Growth Accelerated Plus ETF - January,2022-01-20
UVXY,ProShares Ultra VIX Short-Term Futures ETF,2022-01-20
XDEC,FT Cboe Vest U.S. Equity Enhance & Moderate Buffer ETF - December,2022-01-20
BUFT,FT Cboe Vest Buffered Allocation Defensive ETF,2022-01-21
FCPI,Fidelity Stocks for Inflation ETF,2022-01-21
IGRO,iShares International Dividend Growth ETF,2022-01-21
IQDG,WisdomTree International Quality Dividend Growth Fund,2022-01-21
KJAN,Innovator U.S. Small Cap Power Buffer ETF - January,2022-01-21
MSMR,McElhenny Sheffield Managed Risk ETF,2022-01-21
NJAN,Innovator Growth-100 Power Buffer ETF - January,2022-01-21
PSFF,Pacer Swan SOS Fund of Funds ETF,2022-01-21
PSMM,Invesco Moderately Conservative Multi-Asset Allocation ETF,2022-01-21
PWS,Pacer WealthShield ETF,2022-01-21
QTJA,Innovator Growth Accelerated Plus ETF - January,2022-01-21
UVXY,ProShares Ultra VIX Short-Term Futures ETF,2022-01-21
XDEC,FT Cboe Vest U.S. Equity Enhance & Moderate Buffer ETF - December,2022-01-21
BUFT,FT Cboe Vest Buffered Allocation Defensive ETF,2022-01-24
FCPI,Fidelity Stocks for Inflation ETF,2022-01-24
IGRO,iShares International Dividend Growth ETF,2022-01-24
IQDG,WisdomTree International Quality Dividend Growth Fund,2022-01-24
KJAN,Innovator U.S. Small Cap Power Buffer ETF - January,2022-01-24
MSMR,McElhenny Sheffield Managed Risk ETF,2022-01-24
NJAN,Innovator Growth-100 Power Buffer ETF - January,2022-01-24
PSFF,Pacer Swan SOS Fund of Funds ETF,2022-01-24
PSMM,Invesco Moderately Conservative Multi-Asset Allocation ETF,2022-01-24
PWS,Pacer WealthShield ETF,2022-01-24
XDEC,FT Cboe Vest U.S. Equity Enhance & Moderate Buffer ETF - December,2022-01-24
BUFT,FT Cboe Vest Buffered Allocation Defensive ETF,2022-01-25
FCPI,Fidelity Stocks for Inflation ETF,2022-01-25
IGRO,iShares International Dividend Growth ETF,2022-01-25
IQDG,WisdomTree International Quality Dividend Growth Fund,2022-01-25
KJAN,Innovator U.S. Small Cap Power Buffer ETF - January,2022-01-25
NJAN,Innovator Growth-100 Power Buffer ETF - January,2022-01-25
PSFF,Pacer Swan SOS Fund of Funds ETF,2022-01-25
PSMM,Invesco Moderately Conservative Multi-Asset Allocation ETF,2022-01-25
PWS,Pacer WealthShield ETF,2022-01-25
XDEC,FT Cboe Vest U.S. Equity Enhance & Moderate Buffer ETF - December,2022-01-25
BUFT,FT Cboe Vest Buffered Allocation Defensive ETF,2022-01-26
DURA,VanEck Morningstar Durable Dividend ETF,2022-01-26
FCPI,Fidelity Stocks for Inflation ETF,2022-01-26
FRDM,Freedom 100 Emerging Markets ETF,2022-01-26
IGRO,iShares International Dividend Growth ETF,2022-01-26
IQDG,WisdomTree International Quality Dividend Growth Fund,2022-01-26
KJAN,Innovator U.S. Small Cap Power Buffer ETF - January,2022-01-26
NJAN,Innovator Growth-100 Power Buffer ETF - January,2022-01-26
PSFF,Pacer Swan SOS Fund of Funds ETF,2022-01-26
PSMM,Invesco Moderately Conservative Multi-Asset Allocation ETF,2022-01-26
PWS,Pacer WealthShield ETF,2022-01-26
XDEC,FT Cboe Vest U.S. Equity Enhance & Moderate Buffer ETF - December,2022-01-26
APXH,APEX HealthCare ETF,2022-01-27
BUFT,FT Cboe Vest Buffered Allocation Defensive ETF,2022-01-27
DURA,VanEck Morningstar Durable Dividend ETF,2022-01-27
FRDM,Freedom 100 Emerging Markets ETF,2022-01-27
IGRO,iShares International Dividend Growth ETF,2022-01-27
IQDG,WisdomTree International Quality Dividend Growth Fund,2022-01-27
KJAN,Innovator U.S. Small Cap Power Buffer ETF - January,2022-01-27
NJAN,Innovator Growth-100 Power Buffer ETF - January,2022-01-27
PSFF,Pacer Swan SOS Fund of Funds ETF,2022-01-27
PSMM,Invesco Moderately Conservative Multi-Asset Allocation ETF,2022-01-27
PWS,Pacer WealthShield ETF,2022-01-27
XDEC,FT Cboe Vest U.S. Equity Enhance & Moderate Buffer ETF - December,2022-01-27
APXH,APEX HealthCare ETF,2022-01-28
DURA,VanEck Morningstar Durable Dividend ETF,2022-01-28
FRDM,Freedom 100 Emerging Markets ETF,2022-01-28
IGRO,iShares International Dividend Growth ETF,2022-01-28
IQDG,WisdomTree International Quality Dividend Growth Fund,2022-01-28
KJAN,Innovator U.S. Small Cap Power Buffer ETF - January,2022-01-28
NJAN,Innovator Growth-100 Power Buffer ETF - January,2022-01-28
PSFF,Pacer Swan SOS Fund of Funds ETF,2022-01-28
PSMM,Invesco Moderately Conservative Multi-Asset Allocation ETF,2022-01-28
XDEC,FT Cboe Vest U.S. Equity Enhance & Moderate Buffer ETF - December,2022-01-28
APXH,APEX HealthCare ETF,2022-01-31
DURA,VanEck Morningstar Durable Dividend ETF,2022-01-31
FRDM,Freedom 100 Emerging Markets ETF,2022-01-31
IGRO,iShares International Dividend Growth ETF,2022-01-31
IQDG,WisdomTree International Quality Dividend Growth Fund,2022-01-31
KJAN,Innovator U.S. Small Cap Power Buffer ETF - January,2022-01-31
NJAN,Innovator Growth-100 Power Buffer ETF - January,2022-01-31
PSFF,Pacer Swan SOS Fund of Funds ETF,2022-01-31
PSMM,Invesco Moderately Conservative Multi-Asset Allocation ETF,2022-01-31
SVXY,ProShares Short VIX Short-Term Futures ETF,2022-01-31
XDEC,FT Cboe Vest U.S. Equity Enhance & Moderate Buffer ETF - December,2022-01-31
APXH,APEX HealthCare ETF,2022-02-01
DURA,VanEck Morningstar Durable Dividend ETF,2022-02-01
FPAG,FPA Global Equity ETF,2022-02-01
FRDM,Freedom 100 Emerging Markets ETF,2022-02-01
IQDG,WisdomTree International Quality Dividend Growth Fund,2022-02-01
KJAN,Innovator U.S. Small Cap Power Buffer ETF - January,2022-02-01
NJAN,Innovator Growth-100 Power Buffer ETF - January,2022-02-01
PSFF,Pacer Swan SOS Fund of Funds ETF,2022-02-01
PSMM,Invesco Moderately Conservative Multi-Asset Allocation ETF,2022-02-01
SVXY,ProShares Short VIX Short-Term Futures ETF,2022-02-01
UVXY,ProShares Ultra VIX Short-Term Futures ETF,2022-02-01
XDEC,FT Cboe Vest U.S. Equity Enhance & Moderate Buffer ETF - December,2022-02-01
APXH,APEX HealthCare ETF,2022-02-02
DURA,VanEck Morningstar Durable Dividend ETF,2022-02-02
FPAG,FPA Global Equity ETF,2022-02-02
FRDM,Freedom 100 Emerging Markets ETF,2022-02-02
IQDG,WisdomTree International Quality Dividend Growth Fund,2022-02-02
KJAN,Innovator U.S. Small Cap Power Buffer ETF - January,2022-02-02
NJAN,Innovator Growth-100 Power Buffer ETF - January,2022-02-02
PSFF,Pacer Swan SOS Fund of Funds ETF,2022-02-02
PSMM,Invesco Moderately Conservative Multi-Asset Allocation ETF,2022-02-02
SVXY,ProShares Short VIX Short-Term Futures ETF,2022-02-02
UVXY,ProShares Ultra VIX Short-Term Futures ETF,2022-02-02
XDEC,FT Cboe Vest U.S. Equity Enhance & Moderate Buffer ETF - December,2022-02-02
XSHQ,Invesco S&P SmallCap Quality ETF,2022-02-02
APXH,APEX HealthCare ETF,2022-02-03
DJAN,FT Cboe Vest U.S. Equity Deep Buffer ETF - January,2022-02-03
FPAG,FPA Global Equity ETF,2022-02-03
IQDG,WisdomTree International Quality Dividend Growth Fund,2022-02-03
NJAN,Innovator Growth-100 Power Buffer ETF - January,2022-02-03
PSFF,Pacer Swan SOS Fund of Funds ETF,2022-02-03
PSMM,Invesco Moderately Conservative Multi-Asset Allocation ETF,2022-02-03
SVXY,ProShares Short VIX Short-Term Futures ETF,2022-02-03
UVXY,ProShares Ultra VIX Short-Term Futures ETF,2022-02-03
XDEC,FT Cboe Vest U.S. Equity Enhance & Moderate Buffer ETF - December,2022-02-03
XSHQ,Invesco S&P SmallCap Quality ETF,2022-02-03
BUFT,FT Cboe Vest Buffered Allocation Defensive ETF,2022-02-04
DJAN,FT Cboe Vest U.S. Equity Deep Buffer ETF - January,2022-02-04
FPAG,FPA Global Equity ETF,2022-02-04
IQDG,WisdomTree International Quality Dividend Growth Fund,2022-02-04
PSFF,Pacer Swan SOS Fund of Funds ETF,2022-02-04
PSMM,Invesco Moderately Conservative Multi-Asset Allocation ETF,2022-02-04
SVXY,ProShares Short VIX Short-Term Futures ETF,2022-02-04
UVXY,ProShares Ultra VIX Short-Term Futures ETF,2022-02-04
XDEC,FT Cboe Vest U.S. Equity Enhance & Moderate Buffer ETF - December,2022-02-04
XSHQ,Invesco S&P SmallCap Quality ETF,2022-02-04
BUFT,FT Cboe Vest Buffered Allocation Defensive ETF,2022-02-07
DJAN,FT Cboe Vest U.S. Equity Deep Buffer ETF - January,2022-02-07
FPAG,FPA Global Equity ETF,2022-02-07
IQDG,WisdomTree International Quality Dividend Growth Fund,2022-02-07
PSFF,Pacer Swan SOS Fund of Funds ETF,2022-02-07
SVXY,ProShares Short VIX Short-Term Futures ETF,2022-02-07
UVXY,ProShares Ultra VIX Short-Term Futures ETF,2022-02-07
XDEC,FT Cboe Vest U.S. Equity Enhance & Moderate Buffer ETF - December,2022-02-07
XSHQ,Invesco S&P SmallCap Quality ETF,2022-02-07
BUFT,FT Cboe Vest Buffered Allocation Defensive ETF,2022-02-08
DJAN,FT Cboe Vest U.S. Equity Deep Buffer ETF - January,2022-02-08
FPAG,FPA Global Equity ETF,2022-02-08
IQDG,WisdomTree International Quality Dividend Growth Fund,2022-02-08
PSFF,Pacer Swan SOS Fund of Funds ETF,2022-02-08
SVXY,ProShares Short VIX Short-Term Futures ETF,2022-02-08
UVXY,ProShares Ultra VIX Short-Term Futures ETF,2022-02-08
XDEC,FT Cboe Vest U.S. Equity Enhance & Moderate Buffer ETF - December,2022-02-08
XSHQ,Invesco S&P SmallCap Quality ETF,2022-02-08
BUFT,FT Cboe Vest Buffered Allocation Defensive ETF,2022-02-09
DJAN,FT Cboe Vest U.S. Equity Deep Buffer ETF - January,2022-02-09
FPAG,FPA Global Equity ETF,2022-02-09
HSRT,Hartford Short Duration ETF,2022-02-09
IQDG,WisdomTree International Quality Dividend Growth Fund,2022-02-09
MSMR,McElhenny Sheffield Managed Risk ETF,2022-02-09
PSFF,Pacer Swan SOS Fund of Funds ETF,2022-02-09
SVXY,ProShares Short VIX Short-Term Futures ETF,2022-02-09
UVXY,ProShares Ultra VIX Short-Term Futures ETF,2022-02-09
XDEC,FT Cboe Vest U.S. Equity Enhance & Moderate Buffer ETF - December,2022-02-09
XSHQ,Invesco S&P SmallCap Quality ETF,2022-02-09
BUFT,FT Cboe Vest Buffered Allocation Defensive ETF,2022-02-10
DJAN,FT Cboe Vest U.S. Equity Deep Buffer ETF - January,2022-02-10
FPAG,FPA Global Equity ETF,2022-02-10
HSRT,Hartford Short Duration ETF,2022-02-10
IQDG,WisdomTree International Quality Dividend Growth Fund,2022-02-10
MOTI,VanEck Morningstar International Moat ETF,2022-02-10
MSMR,McElhenny Sheffield Managed Risk ETF,2022-02-10
PSFF,Pacer Swan SOS Fund of Funds ETF,2022-02-10
PSMG,Invesco Growth Multi-Asset Allocation ETF,2022-02-10
UVXY,ProShares Ultra VIX Short-Term Futures ETF,2022-02-10
XSHQ,Invesco S&P SmallCap Quality ETF,2022-02-10
BUFT,FT Cboe Vest Buffered Allocation Defensive ETF,2022-02-11
FPAG,FPA Global Equity ETF,2022-02-11
GCOW,Pacer Global Cash Cows Dividend ETF,2022-02-11
HSRT,Hartford Short Duration ETF,2022-02-11
IQDG,WisdomTree International Quality Dividend Growth Fund,2022-02-11
MOTI,VanEck Morningstar International Moat ETF,2022-02-11
MSMR,McElhenny Sheffield Managed Risk ETF,2022-02-11
PSFF,Pacer Swan SOS Fund of Funds ETF,2022-02-11
PSMG,Invesco Growth Multi-Asset Allocation ETF,2022-02-11
UVXY,ProShares Ultra VIX Short-Term Futures ETF,2022-02-11
BUFT,FT Cboe Vest Buffered Allocation Defensive ETF,2022-02-14
GCOW,Pacer Global Cash Cows Dividend ETF,2022-02-14
HSRT,Hartford Short Duration ETF,2022-02-14
MOTI,VanEck Morningstar International Moat ETF,2022-02-14
MSMR,McElhenny Sheffield Managed Risk ETF,2022-02-14
NETZ,Engine No. 1 Transform Climate ETF,2022-02-14
PSFF,Pacer Swan SOS Fund of Funds ETF,2022-02-14
PSMG,Invesco Growth Multi-Asset Allocation ETF,2022-02-14
PSMM,Invesco Moderately Conservative Multi-Asset Allocation ETF,2022-02-14
UVXY,ProShares Ultra VIX Short-Term Futures ETF,2022-02-14
BUFT,FT Cboe Vest Buffered Allocation Defensive ETF,2022-02-15
GCOW,Pacer Global Cash Cows Dividend ETF,2022-02-15
HSRT,Hartford Short Duration ETF,2022-02-15
MOTI,VanEck Morningstar International Moat ETF,2022-02-15
MSMR,McElhenny Sheffield Managed Risk ETF,2022-02-15
NETZ,Engine No. 1 Transform Climate ETF,2022-02-15
PSFF,Pacer Swan SOS Fund of Funds ETF,2022-02-15
PSMG,Invesco Growth Multi-Asset Allocation ETF,2022-02-15
PSMM,Invesco Moderately Conservative Multi-Asset Allocation ETF,2022-02-15
UVXY,ProShares Ultra VIX Short-Term Futures ETF,2022-02-15
BUFT,FT Cboe Vest Buffered Allocation Defensive ETF,2022-02-16
GCOW,Pacer Global Cash Cows Dividend ETF,2022-02-16
GDMN,WisdomTree Efficient Gold Plus Gold Miners Strategy Fund,2022-02-16
HSRT,Hartford Short Duration ETF,2022-02-16
IEFN,iShares Evolved U.S. Financials ETF,2022-02-16
MOTI,VanEck Morningstar International Moat ETF,2022-02-16
MSMR,McElhenny Sheffield Managed Risk ETF,2022-02-16
NETZ,Engine No. 1 Transform Climate ETF,2022-02-16
PSFF,Pacer Swan SOS Fund of Funds ETF,2022-02-16
PSMG,Invesco Growth Multi-Asset Allocation ETF,2022-02-16
PSMM,Invesco Moderately Conservative Multi-Asset Allocation ETF,2022-02-16
UVXY,ProShares Ultra VIX Short-Term Futures ETF,2022-02-16
BUFB,Innovator Laddered Allocation Buffer ETF,2022-02-17
BUFT,FT Cboe Vest Buffered Allocation Defensive ETF,2022-02-17
GCOW,Pacer Global Cash Cows Dividend ETF,2022-02-17
GDMN,WisdomTree Efficient Gold Plus Gold Miners Strategy Fund,2022-02-17
IEFN,iShares Evolved U.S. Financials ETF,2022-02-17
MOTI,VanEck Morningstar International Moat ETF,2022-02-17
NETZ,Engine No. 1 Transform Climate ETF,2022-02-17
PSFF,Pacer Swan SOS Fund of Funds ETF,2022-02-17
PSMG,Invesco Growth Multi-Asset Allocation ETF,2022-02-17
PSMM,Invesco Moderately Conservative Multi-Asset Allocation ETF,2022-02-17
UVXY,ProShares Ultra VIX Short-Term Futures ETF,2022-02-17
BUFB,Innovator Laddered Allocation Buffer ETF,2022-02-18
BUFT,FT Cboe Vest Buffered Allocation Defensive ETF,2022-02-18
GCOW,Pacer Global Cash Cows Dividend ETF,2022-02-18
GDMN,WisdomTree Efficient Gold Plus Gold Miners Strategy Fund,2022-02-18
IEFN,iShares Evolved U.S. Financials ETF,2022-02-18
MOTI,VanEck Morningstar International Moat ETF,2022-02-18
NETZ,Engine No. 1 Transform Climate ETF,2022-02-18
PSFF,Pacer Swan SOS Fund of Funds ETF,2022-02-18
PSMG,Invesco Growth Multi-Asset Allocation ETF,2022-02-18
PSMM,Invesco Moderately Conservative Multi-Asset Allocation ETF,2022-02-18
UVXY,ProShares Ultra VIX Short-Term Futures ETF,2022-02-18
BUFB,Innovator Laddered Allocation Buffer ETF,2022-02-22
BUFT,FT Cboe Vest Buffered Allocation Defensive ETF,2022-02-22
FLQM,Franklin LibertyQ U.S. Mid Cap Equity ETF,2022-02-22
GCOW,Pacer Global Cash Cows Dividend ETF,2022-02-22
GDMN,WisdomTree Efficient Gold Plus Gold Miners Strategy Fund,2022-02-22
IEFN,iShares Evolved U.S. Financials ETF,2022-02-22
NETZ,Engine No. 1 Transform Climate ETF,2022-02-22
PSFF,Pacer Swan SOS Fund of Funds ETF,2022-02-22
PSMM,Invesco Moderately Conservative Multi-Asset Allocation ETF,2022-02-22
UVXY,ProShares Ultra VIX Short-Term Futures ETF,2022-02-22
BUFB,Innovator Laddered Allocation Buffer ETF,2022-02-23
BUFT,FT Cboe Vest Buffered Allocation Defensive ETF,2022-02-23
ESG,FlexShares STOXX US ESG Select Index Fund,2022-02-23
FLQM,Franklin LibertyQ U.S. Mid Cap Equity ETF,2022-02-23
GCOW,Pacer Global Cash Cows Dividend ETF,2022-02-23
GDMN,WisdomTree Efficient Gold Plus Gold Miners Strategy Fund,2022-02-23
IEFN,iShares Evolved U.S. Financials ETF,2022-02-23
NETZ,Engine No. 1 Transform Climate ETF,2022-02-23
PSFF,Pacer Swan SOS Fund of Funds ETF,2022-02-23
PSMM,Invesco Moderately Conservative Multi-Asset Allocation ETF,2022-02-23
UVXY,ProShares Ultra VIX Short-Term Futures ETF,2022-02-23
BUFB,Innovator Laddered Allocation Buffer ETF,2022-02-24
BUFT,FT Cboe Vest Buffered Allocation Defensive ETF,2022-02-24
ESG,FlexShares STOXX US ESG Select Index Fund,2022-02-24
FLQM,Franklin LibertyQ U.S. Mid Cap Equity ETF,2022-02-24
GCOW,Pacer Global Cash Cows Dividend ETF,2022-02-24
GDMN,WisdomTree Efficient Gold Plus Gold Miners Strategy Fund,2022-02-24
IEFN,iShares Evolved U.S. Financials ETF,2022-02-24
PSFF,Pacer Swan SOS Fund of Funds ETF,2022-02-24
PSMM,Invesco Moderately Conservative Multi-Asset Allocation ETF,2022-02-24
UVXY,ProShares Ultra VIX Short-Term Futures ETF,2022-02-24
BUFB,Innovator Laddered Allocation Buffer ETF,2022-02-25
BUFT,FT Cboe Vest Buffered Allocation Defensive ETF,2022-02-25
ESG,FlexShares STOXX US ESG Select Index Fund,2022-02-25
FLQM,Franklin LibertyQ U.S. Mid Cap Equity ETF,2022-02-25
GCOW,Pacer Global Cash Cows Dividend ETF,2022-02-25
GDMN,WisdomTree Efficient Gold Plus Gold Miners Strategy Fund,2022-02-25
PSFF,Pacer Swan SOS Fund of Funds ETF,2022-02-25
PSMM,Invesco Moderately Conservative Multi-Asset Allocation ETF,2022-02-25
UVXY,ProShares Ultra VIX Short-Term Futures ETF,2022-02-25
BUFT,FT Cboe Vest Buffered Allocation Defensive ETF,2022-02-28
ESG,FlexShares STOXX US ESG Select Index Fund,2022-02-28
FLQM,Franklin LibertyQ U.S. Mid Cap Equity ETF,2022-02-28
GCOW,Pacer Global Cash Cows Dividend ETF,2022-02-28
PSFF,Pacer Swan SOS Fund of Funds ETF,2022-02-28
PSMM,Invesco Moderately Conservative Multi-Asset Allocation ETF,2022-02-28
UVXY,ProShares Ultra VIX Short-Term Futures ETF,2022-02-28
BUFT,FT Cboe Vest Buffered Allocation Defensive ETF,2022-03-01
ESG,FlexShares STOXX US ESG Select Index Fund,2022-03-01
FLQM,Franklin LibertyQ U.S. Mid Cap Equity ETF,2022-03-01
GCOW,Pacer Global Cash Cows Dividend ETF,2022-03-01
PSFF,Pacer Swan SOS Fund of Funds ETF,2022-03-01
PSMM,Invesco Moderately Conservative Multi-Asset Allocation ETF,2022-03-01
UVXY,ProShares Ultra VIX Short-Term Futures ETF,2022-03-01
BUFT,FT Cboe Vest Buffered Allocation Defensive ETF,2022-03-02
ESG,FlexShares STOXX US ESG Select Index Fund,2022-03-02
GCOW,Pacer Global Cash Cows Dividend ETF,2022-03-02
PSFF,Pacer Swan SOS Fund of Funds ETF,2022-03-02
UVXY,ProShares Ultra VIX Short-Term Futures ETF,2022-03-02
BUFT,FT Cboe Vest Buffered Allocation Defensive ETF,2022-03-03
GCOW,Pacer Global Cash Cows Dividend ETF,2022-03-03
PSFF,Pacer Swan SOS Fund of Funds ETF,2022-03-03
UVXY,ProShares Ultra VIX Short-Term Futures ETF,2022-03-03
BUFT,FT Cboe Vest Buffered Allocation Defensive ETF,2022-03-04
PBSM,Invesco PureBeta MSCI USA Small Cap ETF,2022-03-04
UVXY,ProShares Ultra VIX Short-Term Futures ETF,2022-03-04
BUFT,FT Cboe Vest Buffered Allocation Defensive ETF,2022-03-07
PBSM,Invesco PureBeta MSCI USA Small Cap ETF,2022-03-07
UVXY,ProShares Ultra VIX Short-Term Futures ETF,2022-03-07
BUFT,FT Cboe Vest Buffered Allocation Defensive ETF,2022-03-08
PBSM,Invesco PureBeta MSCI USA Small Cap ETF,2022-03-08
UVXY,ProShares Ultra VIX Short-Term Futures ETF,2022-03-08
BUFT,FT Cboe Vest Buffered Allocation Defensive ETF,2022-03-09
PBSM,Invesco PureBeta MSCI USA Small Cap ETF,2022-03-09
UVXY,ProShares Ultra VIX Short-Term Futures ETF,2022-03-09
VXX,iPath Series B S&P 500 VIX Short-Term Futures ETN,2022-03-09
BUFT,FT Cboe Vest Buffered Allocation Defensive ETF,2022-03-10
PBSM,Invesco PureBeta MSCI USA Small Cap ETF,2022-03-10
UVXY,ProShares Ultra VIX Short-Term Futures ETF,2022-03-10
VXX,iPath Series B S&P 500 VIX Short-Term Futures ETN,2022-03-10
BMAR,Innovator U.S. Equity Buffer ETF - March,2022-03-11
PBSM,Invesco PureBeta MSCI USA Small Cap ETF,2022-03-11
UVXY,ProShares Ultra VIX Short-Term Futures ETF,2022-03-11
VXX,iPath Series B S&P 500 VIX Short-Term Futures ETN,2022-03-11
BMAR,Innovator U.S. Equity Buffer ETF - March,2022-03-14
FRDM,Freedom 100 Emerging Markets ETF,2022-03-14
PBSM,Invesco PureBeta MSCI USA Small Cap ETF,2022-03-14
UVXY,ProShares Ultra VIX Short-Term Futures ETF,2022-03-14
VXX,iPath Series B S&P 500 VIX Short-Term Futures ETN,2022-03-14
BMAR,Innovator U.S. Equity Buffer ETF - March,2022-03-15
DJAN,FT Cboe Vest U.S. Equity Deep Buffer ETF - January,2022-03-15
FRDM,Freedom 100 Emerging Markets ETF,2022-03-15
PBSM,Invesco PureBeta MSCI USA Small Cap ETF,2022-03-15
UVXY,ProShares Ultra VIX Short-Term Futures ETF,2022-03-15
VXX,iPath Series B S&P 500 VIX Short-Term Futures ETN,2022-03-15
XSHD,Invesco S&P SmallCap High Dividend Low Volatility ETF,2022-03-15
BMAR,Innovator U.S. Equity Buffer ETF - March,2022-03-16
DJAN,FT Cboe Vest U.S. Equity Deep Buffer ETF - January,2022-03-16
FRDM,Freedom 100 Emerging Markets ETF,2022-03-16
PBSM,Invesco PureBeta MSCI USA Small Cap ETF,2022-03-16
UVXY,ProShares Ultra VIX Short-Term Futures ETF,2022-03-16
VXX,iPath Series B S&P 500 VIX Short-Term Futures ETN,2022-03-16
XSHD,Invesco S&P SmallCap High Dividend Low Volatility ETF,2022-03-16
BMAR,Innovator U.S. Equity Buffer ETF - March,2022-03-17
DJAN,FT Cboe Vest U.S. Equity Deep Buffer ETF - January,2022-03-17
FDRV,Fidelity Electric Vehicles and Future Transportation ETF,2022-03-17
FRDM,Freedom 100 Emerging Markets ETF,2022-03-17
PBSM,Invesco PureBeta MSCI USA Small Cap ETF,2022-03-17
UVXY,ProShares Ultra VIX Short-Term Futures ETF,2022-03-17
VXX,iPath Series B S&P 500 VIX Short-Term Futures ETN,2022-03-17
XSHD,Invesco S&P SmallCap High Dividend Low Volatility ETF,2022-03-17
BMAR,Innovator U.S. Equity Buffer ETF - March,2022-03-18
DJAN,FT Cboe Vest U.S. Equity Deep Buffer ETF - January,2022-03-18
FDRV,Fidelity Electric Vehicles and Future Transportation ETF,2022-03-18
FRDM,Freedom 100 Emerging Markets ETF,2022-03-18
PBND,Invesco PureBeta US Aggregate Bond ETF,2022-03-18
PBSM,Invesco PureBeta MSCI USA Small Cap ETF,2022-03-18
UVXY,ProShares Ultra VIX Short-Term Futures ETF,2022-03-18
VXX,iPath Series B S&P 500 VIX Short-Term Futures ETN,2022-03-18
XSHD,Invesco S&P SmallCap High Dividend Low Volatility ETF,2022-03-18
BMAR,Innovator U.S. Equity Buffer ETF - March,2022-03-21
BUFB,Innovator Laddered Allocation Buffer ETF,2022-03-21
DJAN,FT Cboe Vest U.S. Equity Deep Buffer ETF - January,2022-03-21
FDRV,Fidelity Electric Vehicles and Future Transportation ETF,2022-03-21
FRDM,Freedom 100 Emerging Markets ETF,2022-03-21
PBND,Invesco PureBeta US Aggregate Bond ETF,2022-03-21
PBSM,Invesco PureBeta MSCI USA Small Cap ETF,2022-03-21
UVXY,ProShares Ultra VIX Short-Term Futures ETF,2022-03-21
VXX,iPath Series B S&P 500 VIX Short-Term Futures ETN,2022-03-21
XSHD,Invesco S&P SmallCap High Dividend Low Volatility ETF,2022-03-21
BMAR,Innovator U.S. Equity Buffer ETF - March,2022-03-22
BUFB,Innovator Laddered Allocation Buffer ETF,2022-03-22
DJAN,FT Cboe Vest U.S. Equity Deep Buffer ETF - January,2022-03-22
FDRV,Fidelity Electric Vehicles and Future Transportation ETF,2022-03-22
FRDM,Freedom 100 Emerging Markets ETF,2022-03-22
PBND,Invesco PureBeta US Aggregate Bond ETF,2022-03-22
PBSM,Invesco PureBeta MSCI USA Small Cap ETF,2022-03-22
UVXY,ProShares Ultra VIX Short-Term Futures ETF,2022-03-22
VIXY,ProShares VIX Short-Term Futures ETF,2022-03-22
VXX,iPath Series B S&P 500 VIX Short-Term Futures ETN,2022-03-22
XSHD,Invesco S&P SmallCap High Dividend Low Volatility ETF,2022-03-22
BMAR,Innovator U.S. Equity Buffer ETF - March,2022-03-23
BUFB,Innovator Laddered Allocation Buffer ETF,2022-03-23
DJAN,FT Cboe Vest U.S. Equity Deep Buffer ETF - January,2022-03-23
FDRV,Fidelity Electric Vehicles and Future Transportation ETF,2022-03-23
FRDM,Freedom 100 Emerging Markets ETF,2022-03-23
PBND,Invesco PureBeta US Aggregate Bond ETF,2022-03-23
PBSM,Invesco PureBeta MSCI USA Small Cap ETF,2022-03-23
UVXY,ProShares Ultra VIX Short-Term Futures ETF,2022-03-23
VIXY,ProShares VIX Short-Term Futures ETF,2022-03-23
VXX,iPath Series B S&P 500 VIX Short-Term Futures ETN,2022-03-23
XSHD,Invesco S&P SmallCap High Dividend Low Volatility ETF,2022-03-23
BMAR,Innovator U.S. Equity Buffer ETF - March,2022-03-24
BUFB,Innovator Laddered Allocation Buffer ETF,2022-03-24
FDRV,Fidelity Electric Vehicles and Future Transportation ETF,2022-03-24
FRDM,Freedom 100 Emerging Markets ETF,2022-03-24
ITB,iShares U.S. Home Construction ETF,2022-03-24
PBND,Invesco PureBeta US Aggregate Bond ETF,2022-03-24
UVXY,ProShares Ultra VIX Short-Term Futures ETF,2022-03-24
VIXY,ProShares VIX Short-Term Futures ETF,2022-03-24
VXX,iPath Series B S&P 500 VIX Short-Term Futures ETN,2022-03-24
XSHD,Invesco S&P SmallCap High Dividend Low Volatility ETF,2022-03-24
BMAR,Innovator U.S. Equity Buffer ETF - March,2022-03-25
BUFB,Innovator Laddered Allocation Buffer ETF,2022-03-25
FDRV,Fidelity Electric Vehicles and Future Transportation ETF,2022-03-25
FRDM,Freedom 100 Emerging Markets ETF,2022-03-25
ITB,iShares U.S. Home Construction ETF,2022-03-25
PBND,Invesco PureBeta US Aggregate Bond ETF,2022-03-25
UVXY,ProShares Ultra VIX Short-Term Futures ETF,2022-03-25
VIXY,ProShares VIX Short-Term Futures ETF,2022-03-25
VXX,iPath Series B S&P 500 VIX Short-Term Futures ETN,2022-03-25
XSHD,Invesco S&P SmallCap High Dividend Low Volatility ETF,2022-03-25
BMAR,Innovator U.S. Equity Buffer ETF - March,2022-03-28
BUFB,Innovator Laddered Allocation Buffer ETF,2022-03-28
FDRV,Fidelity Electric Vehicles and Future Transportation ETF,2022-03-28
ITB,iShares U.S. Home Construction ETF,2022-03-28
UVXY,ProShares Ultra VIX Short-Term Futures ETF,2022-03-28
VIXY,ProShares VIX Short-Term Futures ETF,2022-03-28
VXX,iPath Series B S&P 500 VIX Short-Term Futures ETN,2022-03-28
XSHD,Invesco S&P SmallCap High Dividend Low Volatility ETF,2022-03-28
BMAR,Innovator U.S. Equity Buffer ETF - March,2022-03-29
BUFB,Innovator Laddered Allocation Buffer ETF,2022-03-29
FDRV,Fidelity Electric Vehicles and Future Transportation ETF,2022-03-29
ITB,iShares U.S. Home Construction ETF,2022-03-29
UVXY,ProShares Ultra VIX Short-Term Futures ETF,2022-03-29
VIXY,ProShares VIX Short-Term Futures ETF,2022-03-29
VXX,iPath Series B S&P 500 VIX Short-Term Futures ETN,2022-03-29
XSHD,Invesco S&P SmallCap High Dividend Low Volatility ETF,2022-03-29
BMAR,Innovator U.S. Equity Buffer ETF - March,2022-03-30
BUFB,Innovator Laddered Allocation Buffer ETF,2022-03-30
ITB,iShares U.S. Home Construction ETF,2022-03-30
NUEM,Nuveen ESG Emerging Markets Equity ETF,2022-03-30
UVXY,ProShares Ultra VIX Short-Term Futures ETF,2022-03-30
VIXY,ProShares VIX Short-Term Futures ETF,2022-03-30
VXX,iPath Series B S&P 500 VIX Short-Term Futures ETN,2022-03-30
XSHD,Invesco S&P SmallCap High Dividend Low Volatility ETF,2022-03-30
BMAR,Innovator U.S. Equity Buffer ETF - March,2022-03-31
BUFB,Innovator Laddered Allocation Buffer ETF,2022-03-31
ITB,iShares U.S. Home Construction ETF,2022-03-31
NUEM,Nuveen ESG Emerging Markets Equity ETF,2022-03-31
UVXY,ProShares Ultra VIX Short-Term Futures ETF,2022-03-31
VIXY,ProShares VIX Short-Term Futures ETF,2022-03-31
XSHD,Invesco S&P SmallCap High Dividend Low Volatility ETF,2022-03-31
BMAR,Innovator U.S. Equity Buffer ETF - March,2022-04-01
BUFB,Innovator Laddered Allocation Buffer ETF,2022-04-01
DDWM,WisdomTree Dynamic Currency Hedged International Equity Fund,2022-04-01
DFIS,Dimensional International Small Cap ETF,2022-04-01
DISV,Dimensional International Small Cap Value ETF,2022-04-01
FMAR,FT Cboe Vest U.S. Equity Buffer ETF - March,2022-04-01
NUEM,Nuveen ESG Emerging Markets Equity ETF,2022-04-01
ROCI,ROC ETF,2022-04-01
UVXY,ProShares Ultra VIX Short-Term Futures ETF,2022-04-01
VIXY,ProShares VIX Short-Term Futures ETF,2022-04-01
BMAR,Innovator U.S. Equity Buffer ETF - March,2022-04-04
BUFB,Innovator Laddered Allocation Buffer ETF,2022-04-04
DDWM,WisdomTree Dynamic Currency Hedged International Equity Fund,2022-04-04
DFIS,Dimensional International Small Cap ETF,2022-04-04
DIHP,Dimensional International High Profitability ETF,2022-04-04
DISV,Dimensional International Small Cap Value ETF,2022-04-04
FMAR,FT Cboe Vest U.S. Equity Buffer ETF - March,2022-04-04
NUEM,Nuveen ESG Emerging Markets Equity ETF,2022-04-04
ROCI,ROC ETF,2022-04-04
UVXY,ProShares Ultra VIX Short-Term Futures ETF,2022-04-04
VIXY,ProShares VIX Short-Term Futures ETF,2022-04-04
BUFB,Innovator Laddered Allocation Buffer ETF,2022-04-05
DDWM,WisdomTree Dynamic Currency Hedged International Equity Fund,2022-04-05
DFIC,Dimensional International Core Equity 2 ETF,2022-04-05
DFIS,Dimensional International Small Cap ETF,2022-04-05
DIHP,Dimensional International High Profitability ETF,2022-04-05
DISV,Dimensional International Small Cap Value ETF,2022-04-05
FMAR,FT Cboe Vest U.S. Equity Buffer ETF - March,2022-04-05
NUEM,Nuveen ESG Emerging Markets Equity ETF,2022-04-05
ROCI,ROC ETF,2022-04-05
UVXY,ProShares Ultra VIX Short-Term Futures ETF,2022-04-05
VIXY,ProShares VIX Short-Term Futures ETF,2022-04-05
BUFB,Innovator Laddered Allocation Buffer ETF,2022-04-06
DDWM,WisdomTree Dynamic Currency Hedged International Equity Fund,2022-04-06
DFIC,Dimensional International Core Equity 2 ETF,2022-04-06
DFIS,Dimensional International Small Cap ETF,2022-04-06
DIHP,Dimensional International High Profitability ETF,2022-04-06
DISV,Dimensional International Small Cap Value ETF,2022-04-06
FMAR,FT Cboe Vest U.S. Equity Buffer ETF - March,2022-04-06
NUEM,Nuveen ESG Emerging Markets Equity ETF,2022-04-06
ROCI,ROC ETF,2022-04-06
UVXY,ProShares Ultra VIX Short-Term Futures ETF,2022-04-06
VIXY,ProShares VIX Short-Term Futures ETF,2022-04-06
BUFB,Innovator Laddered Allocation Buffer ETF,2022-04-07
DDWM,WisdomTree Dynamic Currency Hedged International Equity Fund,2022-04-07
DFIC,Dimensional International Core Equity 2 ETF,2022-04-07
DFIS,Dimensional International Small Cap ETF,2022-04-07
DIHP,Dimensional International High Profitability ETF,2022-04-07
DISV,Dimensional International Small Cap Value ETF,2022-04-07
FMAR,FT Cboe Vest U.S. Equity Buffer ETF - March,2022-04-07
ROCI,ROC ETF,2022-04-07
SVIX,-1x Short VIX Futures ETF,2022-04-07
UVXY,ProShares Ultra VIX Short-Term Futures ETF,2022-04-07
VIXY,ProShares VIX Short-Term Futures ETF,2022-04-07
BUFB,Innovator Laddered Allocation Buffer ETF,2022-04-08
DDWM,WisdomTree Dynamic Currency Hedged International Equity Fund,2022-04-08
DFIC,Dimensional International Core Equity 2 ETF,2022-04-08
DFIS,Dimensional International Small Cap ETF,2022-04-08
DIHP,Dimensional International High Profitability ETF,2022-04-08
DISV,Dimensional International Small Cap Value ETF,2022-04-08
FMAR,FT Cboe Vest U.S. Equity Buffer ETF - March,2022-04-08
ROCI,ROC ETF,2022-04-08
SATO,Invesco Alerian Galaxy Crypto Economy ETF,2022-04-08
SVIX,-1x Short VIX Futures ETF,2022-04-08
VIXY,ProShares VIX Short-Term Futures ETF,2022-04-08
BUFB,Innovator Laddered Allocation Buffer ETF,2022-04-11
DDWM,WisdomTree Dynamic Currency Hedged International Equity Fund,2022-04-11
DFIC,Dimensional International Core Equity 2 ETF,2022-04-11
DFIS,Dimensional International Small Cap ETF,2022-04-11
DIHP,Dimensional International High Profitability ETF,2022-04-11
DISV,Dimensional International Small Cap Value ETF,2022-04-11
FMAR,FT Cboe Vest U.S. Equity Buffer ETF - March,2022-04-11
ROCI,ROC ETF,2022-04-11
SATO,Invesco Alerian Galaxy Crypto Economy ETF,2022-04-11
SVIX,-1x Short VIX Futures ETF,2022-04-11
VIXY,ProShares VIX Short-Term Futures ETF,2022-04-11
BUFB,Innovator Laddered Allocation Buffer ETF,2022-04-12
DFIC,Dimensional International Core Equity 2 ETF,2022-04-12
DFIS,Dimensional International Small Cap ETF,2022-04-12
DIHP,Dimensional International High Profitability ETF,2022-04-12
DISV,Dimensional International Small Cap Value ETF,2022-04-12
FMAR,FT Cboe Vest U.S. Equity Buffer ETF - March,2022-04-12
ROCI,ROC ETF,2022-04-12
SATO,Invesco Alerian Galaxy Crypto Economy ETF,2022-04-12
SVIX,-1x Short VIX Futures ETF,2022-04-12
VIXY,ProShares VIX Short-Term Futures ETF,2022-04-12
DFIS,Dimensional International Small Cap ETF,2022-04-13
DIHP,Dimensional International High Profitability ETF,2022-04-13
DISV,Dimensional International Small Cap Value ETF,2022-04-13
FMAR,FT Cboe Vest U.S. Equity Buffer ETF - March,2022-04-13
MFUL,Mindful Conservative ETF,2022-04-13
ROCI,ROC ETF,2022-04-13
SATO,Invesco Alerian Galaxy Crypto Economy ETF,2022-04-13
SVIX,-1x Short VIX Futures ETF,2022-04-13
VIXY,ProShares VIX Short-Term Futures ETF,2022-04-13
DIHP,Dimensional International High Profitability ETF,2022-04-14
DISV,Dimensional International Small Cap Value ETF,2022-04-14
FMAR,FT Cboe Vest U.S. Equity Buffer ETF - March,2022-04-14
MFUL,Mindful Conservative ETF,2022-04-14
ROCI,ROC ETF,2022-04-14
SATO,Invesco Alerian Galaxy Crypto Economy ETF,2022-04-14
SVIX,-1x Short VIX Futures ETF,2022-04-14
VIXY,ProShares VIX Short-Term Futures ETF,2022-04-14
DIHP,Dimensional International High Profitability ETF,2022-04-18
DISV,Dimensional International Small Cap Value ETF,2022-04-18
FMAR,FT Cboe Vest U.S. Equity Buffer ETF - March,2022-04-18
FUT,PROSHARES MANAGED FUTURES STRATEGY ETF,2022-04-18
MFUL,Mindful Conservative ETF,2022-04-18
ROCI,ROC ETF,2022-04-18
SATO,Invesco Alerian Galaxy Crypto Economy ETF,2022-04-18
SVIX,-1x Short VIX Futures ETF,2022-04-18
VIXY,ProShares VIX Short-Term Futures ETF,2022-04-18
DIHP,Dimensional International High Profitability ETF,2022-04-19
DISV,Dimensional International Small Cap Value ETF,2022-04-19
FMAR,FT Cboe Vest U.S. Equity Buffer ETF - March,2022-04-19
FUT,PROSHARES MANAGED FUTURES STRATEGY ETF,2022-04-19
MFUL,Mindful Conservative ETF,2022-04-19
ROCI,ROC ETF,2022-04-19
SVIX,-1x Short VIX Futures ETF,2022-04-19
VIXY,ProShares VIX Short-Term Futures ETF,2022-04-19
DIHP,Dimensional International High Profitability ETF,2022-04-20
DISV,Dimensional International Small Cap Value ETF,2022-04-20
FMAR,FT Cboe Vest U.S. Equity Buffer ETF - March,2022-04-20
FUT,PROSHARES MANAGED FUTURES STRATEGY ETF,2022-04-20
MFUL,Mindful Conservative ETF,2022-04-20
ROCI,ROC ETF,2022-04-20
SVIX,-1x Short VIX Futures ETF,2022-04-20
VIXY,ProShares VIX Short-Term Futures ETF,2022-04-20
DIHP,Dimensional International High Profitability ETF,2022-04-21
DISV,Dimensional International Small Cap Value ETF,2022-04-21
FMAR,FT Cboe Vest U.S. Equity Buffer ETF - March,2022-04-21
FUT,PROSHARES MANAGED FUTURES STRATEGY ETF,2022-04-21
IEIH,iShares Evolved U.S. Innovative Healthcare ETF,2022-04-21
MFUL,Mindful Conservative ETF,2022-04-21
SVIX,-1x Short VIX Futures ETF,2022-04-21
UVIX,2x Long VIX Futures ETF,2022-04-21
VIXY,ProShares VIX Short-Term Futures ETF,2022-04-21
DDWM,WisdomTree Dynamic Currency Hedged International Equity Fund,2022-04-22
DFIC,Dimensional International Core Equity 2 ETF,2022-04-22
DIHP,Dimensional International High Profitability ETF,2022-04-22
DISV,Dimensional International Small Cap Value ETF,2022-04-22
FMAR,FT Cboe Vest U.S. Equity Buffer ETF - March,2022-04-22
FUT,PROSHARES MANAGED FUTURES STRATEGY ETF,2022-04-22
IEIH,iShares Evolved U.S. Innovative Healthcare ETF,2022-04-22
MFUL,Mindful Conservative ETF,2022-04-22
SVIX,-1x Short VIX Futures ETF,2022-04-22
UVIX,2x Long VIX Futures ETF,2022-04-22
VIXY,ProShares VIX Short-Term Futures ETF,2022-04-22
DDWM,WisdomTree Dynamic Currency Hedged International Equity Fund,2022-04-25
DFIC,Dimensional International Core Equity 2 ETF,2022-04-25
DIHP,Dimensional International High Profitability ETF,2022-04-25
DISV,Dimensional International Small Cap Value ETF,2022-04-25
FMAR,FT Cboe Vest U.S. Equity Buffer ETF - March,2022-04-25
FUT,PROSHARES MANAGED FUTURES STRATEGY ETF,2022-04-25
IEIH,iShares Evolved U.S. Innovative Healthcare ETF,2022-04-25
IYZ,iShares U.S. Telecommunications ETF,2022-04-25
MFUL,Mindful Conservative ETF,2022-04-25
SVIX,-1x Short VIX Futures ETF,2022-04-25
UVIX,2x Long VIX Futures ETF,2022-04-25
VIXY,ProShares VIX Short-Term Futures ETF,2022-04-25
DDWM,WisdomTree Dynamic Currency Hedged International Equity Fund,2022-04-26
DFIC,Dimensional International Core Equity 2 ETF,2022-04-26
DIHP,Dimensional International High Profitability ETF,2022-04-26
DISV,Dimensional International Small Cap Value ETF,2022-04-26
FUT,PROSHARES MANAGED FUTURES STRATEGY ETF,2022-04-26
IEIH,iShares Evolved U.S. Innovative Healthcare ETF,2022-04-26
IYZ,iShares U.S. Telecommunications ETF,2022-04-26
MFUL,Mindful Conservative ETF,2022-04-26
SVIX,-1x Short VIX Futures ETF,2022-04-26
UVIX,2x Long VIX Futures ETF,2022-04-26
VIXY,ProShares VIX Short-Term Futures ETF,2022-04-26
DDWM,WisdomTree Dynamic Currency Hedged International Equity Fund,2022-04-27
DFIC,Dimensional International Core Equity 2 ETF,2022-04-27
DIHP,Dimensional International High Profitability ETF,2022-04-27
DISV,Dimensional International Small Cap Value ETF,2022-04-27
IEIH,iShares Evolved U.S. Innovative Healthcare ETF,2022-04-27
IYZ,iShares U.S. Telecommunications ETF,2022-04-27
MFUL,Mindful Conservative ETF,2022-04-27
SVIX,-1x Short VIX Futures ETF,2022-04-27
UVIX,2x Long VIX Futures ETF,2022-04-27
VIXY,ProShares VIX Short-Term Futures ETF,2022-04-27
DDWM,WisdomTree Dynamic Currency Hedged International Equity Fund,2022-04-28
DFIC,Dimensional International Core Equity 2 ETF,2022-04-28
DIHP,Dimensional International High Profitability ETF,2022-04-28
DISV,Dimensional International Small Cap Value ETF,2022-04-28
IEIH,iShares Evolved U.S. Innovative Healthcare ETF,2022-04-28
IYZ,iShares U.S. Telecommunications ETF,2022-04-28
MFUL,Mindful Conservative ETF,2022-04-28
MOHR,Mohr Growth ETF,2022-04-28
SVIX,-1x Short VIX Futures ETF,2022-04-28
UVIX,2x Long VIX Futures ETF,2022-04-28
VIXY,ProShares VIX Short-Term Futures ETF,2022-04-28
XJH,iShares ESG Screened S&P Mid-Cap ETF,2022-04-28
DDWM,WisdomTree Dynamic Currency Hedged International Equity Fund,2022-04-29
DFIC,Dimensional International Core Equity 2 ETF,2022-04-29
DIHP,Dimensional International High Profitability ETF,2022-04-29
DISV,Dimensional International Small Cap Value ETF,2022-04-29
DURA,VanEck Morningstar Durable Dividend ETF,2022-04-29
IEIH,iShares Evolved U.S. Innovative Healthcare ETF,2022-04-29
IYZ,iShares U.S. Telecommunications ETF,2022-04-29
MFUL,Mindful Conservative ETF,2022-04-29
MOHR,Mohr Growth ETF,2022-04-29
SVIX,-1x Short VIX Futures ETF,2022-04-29
UVIX,2x Long VIX Futures ETF,2022-04-29
VIXY,ProShares VIX Short-Term Futures ETF,2022-04-29
XJH,iShares ESG Screened S&P Mid-Cap ETF,2022-04-29
DDWM,WisdomTree Dynamic Currency Hedged International Equity Fund,2022-05-02
DFIC,Dimensional International Core Equity 2 ETF,2022-05-02
DIHP,Dimensional International High Profitability ETF,2022-05-02
DISV,Dimensional International Small Cap Value ETF,2022-05-02
DURA,VanEck Morningstar Durable Dividend ETF,2022-05-02
IEIH,iShares Evolved U.S. Innovative Healthcare ETF,2022-05-02
IYZ,iShares U.S. Telecommunications ETF,2022-05-02
MFUL,Mindful Conservative ETF,2022-05-02
MOHR,Mohr Growth ETF,2022-05-02
UMAR,Innovator U.S. Equity Ultra Buffer ETF - March,2022-05-02
UVIX,2x Long VIX Futures ETF,2022-05-02
XJH,iShares ESG Screened S&P Mid-Cap ETF,2022-05-02
DDWM,WisdomTree Dynamic Currency Hedged International Equity Fund,2022-05-03
DIHP,Dimensional International High Profitability ETF,2022-05-03
DISV,Dimensional International Small Cap Value ETF,2022-05-03
DURA,VanEck Morningstar Durable Dividend ETF,2022-05-03
IEIH,iShares Evolved U.S. Innovative Healthcare ETF,2022-05-03
IYZ,iShares U.S. Telecommunications ETF,2022-05-03
MFUL,Mindful Conservative ETF,2022-05-03
MOHR,Mohr Growth ETF,2022-05-03
UMAR,Innovator U.S. Equity Ultra Buffer ETF - March,2022-05-03
UVIX,2x Long VIX Futures ETF,2022-05-03
XJH,iShares ESG Screened S&P Mid-Cap ETF,2022-05-03
DIHP,Dimensional International High Profitability ETF,2022-05-04
DISV,Dimensional International Small Cap Value ETF,2022-05-04
DURA,VanEck Morningstar Durable Dividend ETF,2022-05-04
FPAG,FPA Global Equity ETF,2022-05-04
IEIH,iShares Evolved U.S. Innovative Healthcare ETF,2022-05-04
IYZ,iShares U.S. Telecommunications ETF,2022-05-04
MFUL,Mindful Conservative ETF,2022-05-04
MOHR,Mohr Growth ETF,2022-05-04
UMAR,Innovator U.S. Equity Ultra Buffer ETF - March,2022-05-04
UVIX,2x Long VIX Futures ETF,2022-05-04
XJH,iShares ESG Screened S&P Mid-Cap ETF,2022-05-04
DFIS,Dimensional International Small Cap ETF,2022-05-05
DIHP,Dimensional International High Profitability ETF,2022-05-05
DISV,Dimensional International Small Cap Value ETF,2022-05-05
DURA,VanEck Morningstar Durable Dividend ETF,2022-05-05
FPAG,FPA Global Equity ETF,2022-05-05
IEIH,iShares Evolved U.S. Innovative Healthcare ETF,2022-05-05
IYZ,iShares U.S. Telecommunications ETF,2022-05-05
MFUL,Mindful Conservative ETF,2022-05-05
MOHR,Mohr Growth ETF,2022-05-05
PSFF,Pacer Swan SOS Fund of Funds ETF,2022-05-05
UMAR,Innovator U.S. Equity Ultra Buffer ETF - March,2022-05-05
UVIX,2x Long VIX Futures ETF,2022-05-05
XJH,iShares ESG Screened S&P Mid-Cap ETF,2022-05-05
BUFB,Innovator Laddered Allocation Buffer ETF,2022-05-06
DFIS,Dimensional International Small Cap ETF,2022-05-06
DIHP,Dimensional International High Profitability ETF,2022-05-06
DISV,Dimensional International Small Cap Value ETF,2022-05-06
DURA,VanEck Morningstar Durable Dividend ETF,2022-05-06
FPAG,FPA Global Equity ETF,2022-05-06
IEIH,iShares Evolved U.S. Innovative Healthcare ETF,2022-05-06
IYZ,iShares U.S. Telecommunications ETF,2022-05-06
MFUL,Mindful Conservative ETF,2022-05-06
MOHR,Mohr Growth ETF,2022-05-06
PSFF,Pacer Swan SOS Fund of Funds ETF,2022-05-06
SVIX,-1x Short VIX Futures ETF,2022-05-06
UMAR,Innovator U.S. Equity Ultra Buffer ETF - March,2022-05-06
UVIX,2x Long VIX Futures ETF,2022-05-06
UVXY,ProShares Ultra VIX Short-Term Futures ETF,2022-05-06
XJH,iShares ESG Screened S&P Mid-Cap ETF,2022-05-06
BUFB,Innovator Laddered Allocation Buffer ETF,2022-05-09
DFIS,Dimensional International Small Cap ETF,2022-05-09
DIHP,Dimensional International High Profitability ETF,2022-05-09
DISV,Dimensional International Small Cap Value ETF,2022-05-09
FDRV,Fidelity Electric Vehicles and Future Transportation ETF,2022-05-09
FPAG,FPA Global Equity ETF,2022-05-09
IEIH,iShares Evolved U.S. Innovative Healthcare ETF,2022-05-09
IYZ,iShares U.S. Telecommunications ETF,2022-05-09
MFUL,Mindful Conservative ETF,2022-05-09
MOHR,Mohr Growth ETF,2022-05-09
PSFF,Pacer Swan SOS Fund of Funds ETF,2022-05-09
SVIX,-1x Short VIX Futures ETF,2022-05-09
UMAR,Innovator U.S. Equity Ultra Buffer ETF - March,2022-05-09
UVIX,2x Long VIX Futures ETF,2022-05-09
UVXY,ProShares Ultra VIX Short-Term Futures ETF,2022-05-09
BUFB,Innovator Laddered Allocation Buffer ETF,2022-05-10
DFIS,Dimensional International Small Cap ETF,2022-05-10
DIHP,Dimensional International High Profitability ETF,2022-05-10
DISV,Dimensional International Small Cap Value ETF,2022-05-10
DIVB,iShares U.S. Dividend and Buyback ETF,2022-05-10
FDRV,Fidelity Electric Vehicles and Future Transportation ETF,2022-05-10
FPAG,FPA Global Equity ETF,2022-05-10
IEIH,iShares Evolved U.S. Innovative Healthcare ETF,2022-05-10
IYZ,iShares U.S. Telecommunications ETF,2022-05-10
MFUL,Mindful Conservative ETF,2022-05-10
MOHR,Mohr Growth ETF,2022-05-10
MSMR,McElhenny Sheffield Managed Risk ETF,2022-05-10
PSFF,Pacer Swan SOS Fund of Funds ETF,2022-05-10
SVIX,-1x Short VIX Futures ETF,2022-05-10
UMAR,Innovator U.S. Equity Ultra Buffer ETF - March,2022-05-10
UVIX,2x Long VIX Futures ETF,2022-05-10
UVXY,ProShares Ultra VIX Short-Term Futures ETF,2022-05-10
BUFB,Innovator Laddered Allocation Buffer ETF,2022-05-11
DFIS,Dimensional International Small Cap ETF,2022-05-11
DIHP,Dimensional International High Profitability ETF,2022-05-11
DISV,Dimensional International Small Cap Value ETF,2022-05-11
DIVB,iShares U.S. Dividend and Buyback ETF,2022-05-11
FDRV,Fidelity Electric Vehicles and Future Transportation ETF,2022-05-11
FPAG,FPA Global Equity ETF,2022-05-11
IEIH,iShares Evolved U.S. Innovative Healthcare ETF,2022-05-11
IYZ,iShares U.S. Telecommunications ETF,2022-05-11
MFUL,Mindful Conservative ETF,2022-05-11
MOHR,Mohr Growth ETF,2022-05-11
MSMR,McElhenny Sheffield Managed Risk ETF,2022-05-11
PSFF,Pacer Swan SOS Fund of Funds ETF,2022-05-11
RPHS,Regents Park Hedged Market Strategy ETF,2022-05-11
SVIX,-1x Short VIX Futures ETF,2022-05-11
UVIX,2x Long VIX Futures ETF,2022-05-11
UVXY,ProShares Ultra VIX Short-Term Futures ETF,2022-05-11
BUFB,Innovator Laddered Allocation Buffer ETF,2022-05-12
DFIS,Dimensional International Small Cap ETF,2022-05-12
DIHP,Dimensional International High Profitability ETF,2022-05-12
DISV,Dimensional International Small Cap Value ETF,2022-05-12
DIVB,iShares U.S. Dividend and Buyback ETF,2022-05-12
FDRV,Fidelity Electric Vehicles and Future Transportation ETF,2022-05-12
FPAG,FPA Global Equity ETF,2022-05-12
IEIH,iShares Evolved U.S. Innovative Healthcare ETF,2022-05-12
IYZ,iShares U.S. Telecommunications ETF,2022-05-12
MFUL,Mindful Conservative ETF,2022-05-12
MOHR,Mohr Growth ETF,2022-05-12
MSMR,McElhenny Sheffield Managed Risk ETF,2022-05-12
PSFF,Pacer Swan SOS Fund of Funds ETF,2022-05-12
RPHS,Regents Park Hedged Market Strategy ETF,2022-05-12
SVIX,-1x Short VIX Futures ETF,2022-05-12
UVIX,2x Long VIX Futures ETF,2022-05-12
UVXY,ProShares Ultra VIX Short-Term Futures ETF,2022-05-12
BUFB,Innovator Laddered Allocation Buffer ETF,2022-05-13
DFIS,Dimensional International Small Cap ETF,2022-05-13
DIHP,Dimensional International High Profitability ETF,2022-05-13
DISV,Dimensional International Small Cap Value ETF,2022-05-13
DIVB,iShares U.S. Dividend and Buyback ETF,2022-05-13
FDRV,Fidelity Electric Vehicles and Future Transportation ETF,2022-05-13
FPAG,FPA Global Equity ETF,2022-05-13
IYZ,iShares U.S. Telecommunications ETF,2022-05-13
MFUL,Mindful Conservative ETF,2022-05-13
MOHR,Mohr Growth ETF,2022-05-13
MSMR,McElhenny Sheffield Managed Risk ETF,2022-05-13
PSCX,Pacer Swan SOS Conservative (January) ETF,2022-05-13
RPHS,Regents Park Hedged Market Strategy ETF,2022-05-13
SVIX,-1x Short VIX Futures ETF,2022-05-13
UVIX,2x Long VIX Futures ETF,2022-05-13
UVXY,ProShares Ultra VIX Short-Term Futures ETF,2022-05-13
BUFB,Innovator Laddered Allocation Buffer ETF,2022-05-16
DFIS,Dimensional International Small Cap ETF,2022-05-16
DIHP,Dimensional International High Profitability ETF,2022-05-16
DISV,Dimensional International Small Cap Value ETF,2022-05-16
DIVB,iShares U.S. Dividend and Buyback ETF,2022-05-16
FDRV,Fidelity Electric Vehicles and Future Transportation ETF,2022-05-16
FPAG,FPA Global Equity ETF,2022-05-16
IYZ,iShares U.S. Telecommunications ETF,2022-05-16
MFUL,Mindful Conservative ETF,2022-05-16
MOHR,Mohr Growth ETF,2022-05-16
MSMR,McElhenny Sheffield Managed Risk ETF,2022-05-16
PSCX,Pacer Swan SOS Conservative (January) ETF,2022-05-16
RPHS,Regents Park Hedged Market Strategy ETF,2022-05-16
SVIX,-1x Short VIX Futures ETF,2022-05-16
UVIX,2x Long VIX Futures ETF,2022-05-16
UVXY,ProShares Ultra VIX Short-Term Futures ETF,2022-05-16
VIXY,ProShares VIX Short-Term Futures ETF,2022-05-16
XSHD,Invesco S&P SmallCap High Dividend Low Volatility ETF,2022-05-16
BUFB,Innovator Laddered Allocation Buffer ETF,2022-05-17
DFIC,Dimensional International Core Equity 2 ETF,2022-05-17
DFIS,Dimensional International Small Cap ETF,2022-05-17
DIHP,Dimensional International High Profitability ETF,2022-05-17
DISV,Dimensional International Small Cap Value ETF,2022-05-17
DIVB,iShares U.S. Dividend and Buyback ETF,2022-05-17
FDRV,Fidelity Electric Vehicles and Future Transportation ETF,2022-05-17
FPAG,FPA Global Equity ETF,2022-05-17
IYZ,iShares U.S. Telecommunications ETF,2022-05-17
MFUL,Mindful Conservative ETF,2022-05-17
MOHR,Mohr Growth ETF,2022-05-17
MSMR,McElhenny Sheffield Managed Risk ETF,2022-05-17
PSCX,Pacer Swan SOS Conservative (January) ETF,2022-05-17
RPHS,Regents Park Hedged Market Strategy ETF,2022-05-17
SVIX,-1x Short VIX Futures ETF,2022-05-17
UVIX,2x Long VIX Futures ETF,2022-05-17
UVXY,ProShares Ultra VIX Short-Term Futures ETF,2022-05-17
VIXY,ProShares VIX Short-Term Futures ETF,2022-05-17
XSHD,Invesco S&P SmallCap High Dividend Low Volatility ETF,2022-05-17
BUFB,Innovator Laddered Allocation Buffer ETF,2022-05-18
DFIC,Dimensional International Core Equity 2 ETF,2022-05-18
DFIS,Dimensional International Small Cap ETF,2022-05-18
DIHP,Dimensional International High Profitability ETF,2022-05-18
DISV,Dimensional International Small Cap Value ETF,2022-05-18
FDRV,Fidelity Electric Vehicles and Future Transportation ETF,2022-05-18
FPAG,FPA Global Equity ETF,2022-05-18
IPDP,Dividend Performers ETF,2022-05-18
IYZ,iShares U.S. Telecommunications ETF,2022-05-18
MFUL,Mindful Conservative ETF,2022-05-18
MOHR,Mohr Growth ETF,2022-05-18
MSMR,McElhenny Sheffield Managed Risk ETF,2022-05-18
PSCX,Pacer Swan SOS Conservative (January) ETF,2022-05-18
RPHS,Regents Park Hedged Market Strategy ETF,2022-05-18
SVIX,-1x Short VIX Futures ETF,2022-05-18
UVIX,2x Long VIX Futures ETF,2022-05-18
UVXY,ProShares Ultra VIX Short-Term Futures ETF,2022-05-18
VIXY,ProShares VIX Short-Term Futures ETF,2022-05-18
XSHD,Invesco S&P SmallCap High Dividend Low Volatility ETF,2022-05-18
BUFB,Innovator Laddered Allocation Buffer ETF,2022-05-19
DFIC,Dimensional International Core Equity 2 ETF,2022-05-19
DFIS,Dimensional International Small Cap ETF,2022-05-19
DIHP,Dimensional International High Profitability ETF,2022-05-19
DISV,Dimensional International Small Cap Value ETF,2022-05-19
FDRV,Fidelity Electric Vehicles and Future Transportation ETF,2022-05-19
IPDP,Dividend Performers ETF,2022-05-19
IYZ,iShares U.S. Telecommunications ETF,2022-05-19
MFUL,Mindful Conservative ETF,2022-05-19
MOHR,Mohr Growth ETF,2022-05-19
MSMR,McElhenny Sheffield Managed Risk ETF,2022-05-19
PSCX,Pacer Swan SOS Conservative (January) ETF,2022-05-19
RPHS,Regents Park Hedged Market Strategy ETF,2022-05-19
UVIX,2x Long VIX Futures ETF,2022-05-19
UVXY,ProShares Ultra VIX Short-Term Futures ETF,2022-05-19
VIXY,ProShares VIX Short-Term Futures ETF,2022-05-19
XSHD,Invesco S&P SmallCap High Dividend Low Volatility ETF,2022-05-19
BUFB,Innovator Laddered Allocation Buffer ETF,2022-05-20
DFIC,Dimensional International Core Equity 2 ETF,2022-05-20
DFIS,Dimensional International Small Cap ETF,2022-05-20
DIHP,Dimensional International High Profitability ETF,2022-05-20
DISV,Dimensional International Small Cap Value ETF,2022-05-20
FDRV,Fidelity Electric Vehicles and Future Transportation ETF,2022-05-20
ICOW,Pacer Developed Markets International Cash Cows 100 ETF,2022-05-20
IPDP,Dividend Performers ETF,2022-05-20
IYZ,iShares U.S. Telecommunications ETF,2022-05-20
MFUL,Mindful Conservative ETF,2022-05-20
MOHR,Mohr Growth ETF,2022-05-20
MSMR,McElhenny Sheffield Managed Risk ETF,2022-05-20
PSCX,Pacer Swan SOS Conservative (January) ETF,2022-05-20
RPHS,Regents Park Hedged Market Strategy ETF,2022-05-20
UVIX,2x Long VIX Futures ETF,2022-05-20
UVXY,ProShares Ultra VIX Short-Term Futures ETF,2022-05-20
VIXY,ProShares VIX Short-Term Futures ETF,2022-05-20
XSHD,Invesco S&P SmallCap High Dividend Low Volatility ETF,2022-05-20
BUFB,Innovator Laddered Allocation Buffer ETF,2022-05-23
DFIC,Dimensional International Core Equity 2 ETF,2022-05-23
DFIS,Dimensional International Small Cap ETF,2022-05-23
DIHP,Dimensional International High Profitability ETF,2022-05-23
DISV,Dimensional International Small Cap Value ETF,2022-05-23
FDRV,Fidelity Electric Vehicles and Future Transportation ETF,2022-05-23
ICOW,Pacer Developed Markets International Cash Cows 100 ETF,2022-05-23
IPDP,Dividend Performers ETF,2022-05-23
ITB,iShares U.S. Home Construction ETF,2022-05-23
MFUL,Mindful Conservative ETF,2022-05-23
MOHR,Mohr Growth ETF,2022-05-23
RPHS,Regents Park Hedged Market Strategy ETF,2022-05-23
UVIX,2x Long VIX Futures ETF,2022-05-23
UVXY,ProShares Ultra VIX Short-Term Futures ETF,2022-05-23
VIXY,ProShares VIX Short-Term Futures ETF,2022-05-23
XSHD,Invesco S&P SmallCap High Dividend Low Volatility ETF,2022-05-23
BUFB,Innovator Laddered Allocation Buffer ETF,2022-05-24
DFIC,Dimensional International Core Equity 2 ETF,2022-05-24
DFIS,Dimensional International Small Cap ETF,2022-05-24
DIHP,Dimensional International High Profitability ETF,2022-05-24
DISV,Dimensional International Small Cap Value ETF,2022-05-24
FDRV,Fidelity Electric Vehicles and Future Transportation ETF,2022-05-24
FGRO,Fidelity Growth Opportunities ETF,2022-05-24
ICOW,Pacer Developed Markets International Cash Cows 100 ETF,2022-05-24
IPDP,Dividend Performers ETF,2022-05-24
ITB,iShares U.S. Home Construction ETF,2022-05-24
MFUL,Mindful Conservative ETF,2022-05-24
MOHR,Mohr Growth ETF,2022-05-24
NUDV,Nuveen ESG Dividend ETF,2022-05-24
RPHS,Regents Park Hedged Market Strategy ETF,2022-05-24
UVIX,2x Long VIX Futures ETF,2022-05-24
UVXY,ProShares Ultra VIX Short-Term Futures ETF,2022-05-24
VIXY,ProShares VIX Short-Term Futures ETF,2022-05-24
XSHD,Invesco S&P SmallCap High Dividend Low Volatility ETF,2022-05-24
DFIC,Dimensional International Core Equity 2 ETF,2022-05-25
DFIS,Dimensional International Small Cap ETF,2022-05-25
DIHP,Dimensional International High Profitability ETF,2022-05-25
DISV,Dimensional International Small Cap Value ETF,2022-05-25
FGRO,Fidelity Growth Opportunities ETF,2022-05-25
ICOW,Pacer Developed Markets International Cash Cows 100 ETF,2022-05-25
IPDP,Dividend Performers ETF,2022-05-25
ITB,iShares U.S. Home Construction ETF,2022-05-25
MOHR,Mohr Growth ETF,2022-05-25
NUDV,Nuveen ESG Dividend ETF,2022-05-25
RPHS,Regents Park Hedged Market Strategy ETF,2022-05-25
UVIX,2x Long VIX Futures ETF,2022-05-25
UVXY,ProShares Ultra VIX Short-Term Futures ETF,2022-05-25
VIXY,ProShares VIX Short-Term Futures ETF,2022-05-25
XSHD,Invesco S&P SmallCap High Dividend Low Volatility ETF,2022-05-25
DFIC,Dimensional International Core Equity 2 ETF,2022-05-26
DFIS,Dimensional International Small Cap ETF,2022-05-26
DIHP,Dimensional International High Profitability ETF,2022-05-26
DISV,Dimensional International Small Cap Value ETF,2022-05-26
EEMV,iShares MSCI Emerging Markets Min Vol Factor ETF,2022-05-26
FGRO,Fidelity Growth Opportunities ETF,2022-05-26
IBMN,iShares iBonds Dec 2025 Term Muni Bond ETF,2022-05-26
ICOW,Pacer Developed Markets International Cash Cows 100 ETF,2022-05-26
IPDP,Dividend Performers ETF,2022-05-26
ITB,iShares U.S. Home Construction ETF,2022-05-26
MOHR,Mohr Growth ETF,2022-05-26
NUDV,Nuveen ESG Dividend ETF,2022-05-26
PSCW,Pacer Swan SOS Conservative (April) ETF,2022-05-26
UVIX,2x Long VIX Futures ETF,2022-05-26
UVXY,ProShares Ultra VIX Short-Term Futures ETF,2022-05-26
VIXY,ProShares VIX Short-Term Futures ETF,2022-05-26
XSHD,Invesco S&P SmallCap High Dividend Low Volatility ETF,2022-05-26
DFIC,Dimensional International Core Equity 2 ETF,2022-05-27
DFIS,Dimensional International Small Cap ETF,2022-05-27
DIHP,Dimensional International High Profitability ETF,2022-05-27
DISV,Dimensional International Small Cap Value ETF,2022-05-27
EEMV,iShares MSCI Emerging Markets Min Vol Factor ETF,2022-05-27
FGRO,Fidelity Growth Opportunities ETF,2022-05-27
IBMN,iShares iBonds Dec 2025 Term Muni Bond ETF,2022-05-27
ICOW,Pacer Developed Markets International Cash Cows 100 ETF,2022-05-27
ITB,iShares U.S. Home Construction ETF,2022-05-27
MOHR,Mohr Growth ETF,2022-05-27
NUDV,Nuveen ESG Dividend ETF,2022-05-27
PSCW,Pacer Swan SOS Conservative (April) ETF,2022-05-27
UVIX,2x Long VIX Futures ETF,2022-05-27
UVXY,ProShares Ultra VIX Short-Term Futures ETF,2022-05-27
VIXY,ProShares VIX Short-Term Futures ETF,2022-05-27
XSHD,Invesco S&P SmallCap High Dividend Low Volatility ETF,2022-05-27
DFIC,Dimensional International Core Equity 2 ETF,2022-05-31
DFIS,Dimensional International Small Cap ETF,2022-05-31
DIHP,Dimensional International High Profitability ETF,2022-05-31
DISV,Dimensional International Small Cap Value ETF,2022-05-31
EEMV,iShares MSCI Emerging Markets Min Vol Factor ETF,2022-05-31
FGRO,Fidelity Growth Opportunities ETF,2022-05-31
IBMN,iShares iBonds Dec 2025 Term Muni Bond ETF,2022-05-31
ICOW,Pacer Developed Markets International Cash Cows 100 ETF,2022-05-31
ITB,iShares U.S. Home Construction ETF,2022-05-31
MOHR,Mohr Growth ETF,2022-05-31
NUDV,Nuveen ESG Dividend ETF,2022-05-31
PSCW,Pacer Swan SOS Conservative (April) ETF,2022-05-31
UVIX,2x Long VIX Futures ETF,2022-05-31
UVXY,ProShares Ultra VIX Short-Term Futures ETF,2022-05-31
VIXY,ProShares VIX Short-Term Futures ETF,2022-05-31
XSHD,Invesco S&P SmallCap High Dividend Low Volatility ETF,2022-05-31
DFIC,Dimensional International Core Equity 2 ETF,2022-06-01
DFIS,Dimensional International Small Cap ETF,2022-06-01
DIHP,Dimensional International High Profitability ETF,2022-06-01
DISV,Dimensional International Small Cap Value ETF,2022-06-01
EEMV,iShares MSCI Emerging Markets Min Vol Factor ETF,2022-06-01
FGRO,Fidelity Growth Opportunities ETF,2022-06-01
IBMN,iShares iBonds Dec 2025 Term Muni Bond ETF,2022-06-01
ITB,iShares U.S. Home Construction ETF,2022-06-01
MOHR,Mohr Growth ETF,2022-06-01
NUDV,Nuveen ESG Dividend ETF,2022-06-01
PSCW,Pacer Swan SOS Conservative (April) ETF,2022-06-01
UVIX,2x Long VIX Futures ETF,2022-06-01
UVXY,ProShares Ultra VIX Short-Term Futures ETF,2022-06-01
VIXY,ProShares VIX Short-Term Futures ETF,2022-06-01
XSHD,Invesco S&P SmallCap High Dividend Low Volatility ETF,2022-06-01
DFIC,Dimensional International Core Equity 2 ETF,2022-06-02
DIHP,Dimensional International High Profitability ETF,2022-06-02
DISV,Dimensional International Small Cap Value ETF,2022-06-02
EEMV,iShares MSCI Emerging Markets Min Vol Factor ETF,2022-06-02
FGRO,Fidelity Growth Opportunities ETF,2022-06-02
IBMN,iShares iBonds Dec 2025 Term Muni Bond ETF,2022-06-02
ITB,iShares U.S. Home Construction ETF,2022-06-02
MFUL,Mindful Conservative ETF,2022-06-02
MOHR,Mohr Growth ETF,2022-06-02
NUDV,Nuveen ESG Dividend ETF,2022-06-02
PSCW,Pacer Swan SOS Conservative (April) ETF,2022-06-02
UVIX,2x Long VIX Futures ETF,2022-06-02
UVXY,ProShares Ultra VIX Short-Term Futures ETF,2022-06-02
VIXY,ProShares VIX Short-Term Futures ETF,2022-06-02
XSHD,Invesco S&P SmallCap High Dividend Low Volatility ETF,2022-06-02
DFIC,Dimensional International Core Equity 2 ETF,2022-06-03
DIHP,Dimensional International High Profitability ETF,2022-06-03
DISV,Dimensional International Small Cap Value ETF,2022-06-03
EEMV,iShares MSCI Emerging Markets Min Vol Factor ETF,2022-06-03
FGRO,Fidelity Growth Opportunities ETF,2022-06-03
FJUN,FT Cboe Vest U.S. Equity Buffer ETF - June,2022-06-03
IBMN,iShares iBonds Dec 2025 Term Muni Bond ETF,2022-06-03
ITB,iShares U.S. Home Construction ETF,2022-06-03
MFUL,Mindful Conservative ETF,2022-06-03
MOHR,Mohr Growth ETF,2022-06-03
NUDV,Nuveen ESG Dividend ETF,2022-06-03
PSCW,Pacer Swan SOS Conservative (April) ETF,2022-06-03
UVIX,2x Long VIX Futures ETF,2022-06-03
UVXY,ProShares Ultra VIX Short-Term Futures ETF,2022-06-03
VIXY,ProShares VIX Short-Term Futures ETF,2022-06-03
XSHD,Invesco S&P SmallCap High Dividend Low Volatility ETF,2022-06-03
DFIC,Dimensional International Core Equity 2 ETF,2022-06-06
DIHP,Dimensional International High Profitability ETF,2022-06-06
DISV,Dimensional International Small Cap Value ETF,2022-06-06
FGRO,Fidelity Growth Opportunities ETF,2022-06-06
FJUN,FT Cboe Vest U.S. Equity Buffer ETF - June,2022-06-06
IBMN,iShares iBonds Dec 2025 Term Muni Bond ETF,2022-06-06
ITB,iShares U.S. Home Construction ETF,2022-06-06
MFUL,Mindful Conservative ETF,2022-06-06
MOHR,Mohr Growth ETF,2022-06-06
PSCW,Pacer Swan SOS Conservative (April) ETF,2022-06-06
RULE,Adaptive Core ETF,2022-06-06
UJUN,Innovator U.S. Equity Ultra Buffer ETF - June,2022-06-06
UVIX,2x Long VIX Futures ETF,2022-06-06
UVXY,ProShares Ultra VIX Short-Term Futures ETF,2022-06-06
VIXY,ProShares VIX Short-Term Futures ETF,2022-06-06
XSHD,Invesco S&P SmallCap High Dividend Low Volatility ETF,2022-06-06
DFIC,Dimensional International Core Equity 2 ETF,2022-06-07
DIHP,Dimensional International High Profitability ETF,2022-06-07
DISV,Dimensional International Small Cap Value ETF,2022-06-07
FJUN,FT Cboe Vest U.S. Equity Buffer ETF - June,2022-06-07
IBMN,iShares iBonds Dec 2025 Term Muni Bond ETF,2022-06-07
ITB,iShares U.S. Home Construction ETF,2022-06-07
LVHI,Legg Mason International Low Volatility High Dividend ETF,2022-06-07
MFUL,Mindful Conservative ETF,2022-06-07
MOHR,Mohr Growth ETF,2022-06-07
PSCW,Pacer Swan SOS Conservative (April) ETF,2022-06-07
RULE,Adaptive Core ETF,2022-06-07
UJUN,Innovator U.S. Equity Ultra Buffer ETF - June,2022-06-07
UVIX,2x Long VIX Futures ETF,2022-06-07
UVXY,ProShares Ultra VIX Short-Term Futures ETF,2022-06-07
VIXY,ProShares VIX Short-Term Futures ETF,2022-06-07
XSHD,Invesco S&P SmallCap High Dividend Low Volatility ETF,2022-06-07
DFIC,Dimensional International Core Equity 2 ETF,2022-06-08
DIHP,Dimensional International High Profitability ETF,2022-06-08
DISV,Dimensional International Small Cap Value ETF,2022-06-08
FJUN,FT Cboe Vest U.S. Equity Buffer ETF - June,2022-06-08
IBMN,iShares iBonds Dec 2025 Term Muni Bond ETF,2022-06-08
LVHI,Legg Mason International Low Volatility High Dividend ETF,2022-06-08
MFUL,Mindful Conservative ETF,2022-06-08
MOHR,Mohr Growth ETF,2022-06-08
PSCW,Pacer Swan SOS Conservative (April) ETF,2022-06-08
RULE,Adaptive Core ETF,2022-06-08
UJUN,Innovator U.S. Equity Ultra Buffer ETF - June,2022-06-08
UVIX,2x Long VIX Futures ETF,2022-06-08
UVXY,ProShares Ultra VIX Short-Term Futures ETF,2022-06-08
VIXY,ProShares VIX Short-Term Futures ETF,2022-06-08
XSHD,Invesco S&P SmallCap High Dividend Low Volatility ETF,2022-06-08
DFIC,Dimensional International Core Equity 2 ETF,2022-06-09
DIHP,Dimensional International High Profitability ETF,2022-06-09
DISV,Dimensional International Small Cap Value ETF,2022-06-09
FDRV,Fidelity Electric Vehicles and Future Transportation ETF,2022-06-09
FJUN,FT Cboe Vest U.S. Equity Buffer ETF - June,2022-06-09
IBMN,iShares iBonds Dec 2025 Term Muni Bond ETF,2022-06-09
LVHI,Legg Mason International Low Volatility High Dividend ETF,2022-06-09
MFUL,Mindful Conservative ETF,2022-06-09
MOHR,Mohr Growth ETF,2022-06-09
PSCW,Pacer Swan SOS Conservative (April) ETF,2022-06-09
RODE,Hartford Multifactor Diversified International ETF,2022-06-09
RULE,Adaptive Core ETF,2022-06-09
UJUN,Innovator U.S. Equity Ultra Buffer ETF - June,2022-06-09
UVIX,2x Long VIX Futures ETF,2022-06-09
UVXY,ProShares Ultra VIX Short-Term Futures ETF,2022-06-09
VIXY,ProShares VIX Short-Term Futures ETF,2022-06-09
XSHD,Invesco S&P SmallCap High Dividend Low Volatility ETF,2022-06-09
DIHP,Dimensional International High Profitability ETF,2022-06-10
DISV,Dimensional International Small Cap Value ETF,2022-06-10
FDRV,Fidelity Electric Vehicles and Future Transportation ETF,2022-06-10
FJUN,FT Cboe Vest U.S. Equity Buffer ETF - June,2022-06-10
LVHI,Legg Mason International Low Volatility High Dividend ETF,2022-06-10
MFUL,Mindful Conservative ETF,2022-06-10
MOHR,Mohr Growth ETF,2022-06-10
PSCW,Pacer Swan SOS Conservative (April) ETF,2022-06-10
QMAR,FT Cboe Vest Nasdaq-100 Buffer ETF - March,2022-06-10
RODE,Hartford Multifactor Diversified International ETF,2022-06-10
RULE,Adaptive Core ETF,2022-06-10
UJUN,Innovator U.S. Equity Ultra Buffer ETF - June,2022-06-10
UVIX,2x Long VIX Futures ETF,2022-06-10
UVXY,ProShares Ultra VIX Short-Term Futures ETF,2022-06-10
VIXY,ProShares VIX Short-Term Futures ETF,2022-06-10
DIHP,Dimensional International High Profitability ETF,2022-06-13
DISV,Dimensional International Small Cap Value ETF,2022-06-13
FDRV,Fidelity Electric Vehicles and Future Transportation ETF,2022-06-13
FJUN,FT Cboe Vest U.S. Equity Buffer ETF - June,2022-06-13
LVHI,Legg Mason International Low Volatility High Dividend ETF,2022-06-13
PSCW,Pacer Swan SOS Conservative (April) ETF,2022-06-13
QMAR,FT Cboe Vest Nasdaq-100 Buffer ETF - March,2022-06-13
RODE,Hartford Multifactor Diversified International ETF,2022-06-13
RULE,Adaptive Core ETF,2022-06-13
UJUN,Innovator U.S. Equity Ultra Buffer ETF - June,2022-06-13
UVIX,2x Long VIX Futures ETF,2022-06-13
UVXY,ProShares Ultra VIX Short-Term Futures ETF,2022-06-13
VIXY,ProShares VIX Short-Term Futures ETF,2022-06-13
VXX,iPath Series B S&P 500 VIX Short-Term Futures ETN,2022-06-13
DIHP,Dimensional International High Profitability ETF,2022-06-14
DISV,Dimensional International Small Cap Value ETF,2022-06-14
FDRV,Fidelity Electric Vehicles and Future Transportation ETF,2022-06-14
FJUN,FT Cboe Vest U.S. Equity Buffer ETF - June,2022-06-14
LVHI,Legg Mason International Low Volatility High Dividend ETF,2022-06-14
PSCW,Pacer Swan SOS Conservative (April) ETF,2022-06-14
QMAR,FT Cboe Vest Nasdaq-100 Buffer ETF - March,2022-06-14
RODE,Hartford Multifactor Diversified International ETF,2022-06-14
RULE,Adaptive Core ETF,2022-06-14
UJUN,Innovator U.S. Equity Ultra Buffer ETF - June,2022-06-14
UVIX,2x Long VIX Futures ETF,2022-06-14
VIXY,ProShares VIX Short-Term Futures ETF,2022-06-14
VXX,iPath Series B S&P 500 VIX Short-Term Futures ETN,2022-06-14
DIHP,Dimensional International High Profitability ETF,2022-06-15
DISV,Dimensional International Small Cap Value ETF,2022-06-15
FDRV,Fidelity Electric Vehicles and Future Transportation ETF,2022-06-15
FJUN,FT Cboe Vest U.S. Equity Buffer ETF - June,2022-06-15
LVHI,Legg Mason International Low Volatility High Dividend ETF,2022-06-15
PSCW,Pacer Swan SOS Conservative (April) ETF,2022-06-15
QMAR,FT Cboe Vest Nasdaq-100 Buffer ETF - March,2022-06-15
RODE,Hartford Multifactor Diversified International ETF,2022-06-15
RULE,Adaptive Core ETF,2022-06-15
UJUN,Innovator U.S. Equity Ultra Buffer ETF - June,2022-06-15
UVIX,2x Long VIX Futures ETF,2022-06-15
VIXY,ProShares VIX Short-Term Futures ETF,2022-06-15
VXX,iPath Series B S&P 500 VIX Short-Term Futures ETN,2022-06-15
DIHP,Dimensional International High Profitability ETF,2022-06-16
FDRV,Fidelity Electric Vehicles and Future Transportation ETF,2022-06-16
LVHI,Legg Mason International Low Volatility High Dividend ETF,2022-06-16
QMAR,FT Cboe Vest Nasdaq-100 Buffer ETF - March,2022-06-16
RODE,Hartford Multifactor Diversified International ETF,2022-06-16
RULE,Adaptive Core ETF,2022-06-16
UVIX,2x Long VIX Futures ETF,2022-06-16
VIXY,ProShares VIX Short-Term Futures ETF,2022-06-16
VXX,iPath Series B S&P 500 VIX Short-Term Futures ETN,2022-06-16
DFIC,Dimensional International Core Equity 2 ETF,2022-06-17
DIHP,Dimensional International High Profitability ETF,2022-06-17
FDRV,Fidelity Electric Vehicles and Future Transportation ETF,2022-06-17
HYMU,BlackRock High Yield Muni Income Bond ETF,2022-06-17
JMST,JPMorgan Ultra-Short Municipal Income ETF,2022-06-17
QMAR,FT Cboe Vest Nasdaq-100 Buffer ETF - March,2022-06-17
RULE,Adaptive Core ETF,2022-06-17
USEP,Innovator U.S. Equity Ultra Buffer ETF - September,2022-06-17
UVIX,2x Long VIX Futures ETF,2022-06-17
VIXY,ProShares VIX Short-Term Futures ETF,2022-06-17
VXX,iPath Series B S&P 500 VIX Short-Term Futures ETN,2022-06-17
DFIC,Dimensional International Core Equity 2 ETF,2022-06-21
DIHP,Dimensional International High Profitability ETF,2022-06-21
FAIL,Cambria Global Tail Risk ETF,2022-06-21
GSID,Goldman Sachs MarketBeta International Equity ETF,2022-06-21
HYMU,BlackRock High Yield Muni Income Bond ETF,2022-06-21
JMST,JPMorgan Ultra-Short Municipal Income ETF,2022-06-21
RULE,Adaptive Core ETF,2022-06-21
USEP,Innovator U.S. Equity Ultra Buffer ETF - September,2022-06-21
UVIX,2x Long VIX Futures ETF,2022-06-21
VIXY,ProShares VIX Short-Term Futures ETF,2022-06-21
VXX,iPath Series B S&P 500 VIX Short-Term Futures ETN,2022-06-21
DFIC,Dimensional International Core Equity 2 ETF,2022-06-22
DIHP,Dimensional International High Profitability ETF,2022-06-22
FAIL,Cambria Global Tail Risk ETF,2022-06-22
GSID,Goldman Sachs MarketBeta International Equity ETF,2022-06-22
HYMU,BlackRock High Yield Muni Income Bond ETF,2022-06-22
IGLD,FT Cboe Vest Gold Strategy Target Income ETF,2022-06-22
JMST,JPMorgan Ultra-Short Municipal Income ETF,2022-06-22
RULE,Adaptive Core ETF,2022-06-22
USEP,Innovator U.S. Equity Ultra Buffer ETF - September,2022-06-22
UVIX,2x Long VIX Futures ETF,2022-06-22
VIXY,ProShares VIX Short-Term Futures ETF,2022-06-22
VXX,iPath Series B S&P 500 VIX Short-Term Futures ETN,2022-06-22
DFIC,Dimensional International Core Equity 2 ETF,2022-06-23
DIHP,Dimensional International High Profitability ETF,2022-06-23
FAIL,Cambria Global Tail Risk ETF,2022-06-23
GSID,Goldman Sachs MarketBeta International Equity ETF,2022-06-23
HYMU,BlackRock High Yield Muni Income Bond ETF,2022-06-23
IGLD,FT Cboe Vest Gold Strategy Target Income ETF,2022-06-23
JMST,JPMorgan Ultra-Short Municipal Income ETF,2022-06-23
USEP,Innovator U.S. Equity Ultra Buffer ETF - September,2022-06-23
UVIX,2x Long VIX Futures ETF,2022-06-23
VIXY,ProShares VIX Short-Term Futures ETF,2022-06-23
VXX,iPath Series B S&P 500 VIX Short-Term Futures ETN,2022-06-23
DFIC,Dimensional International Core Equity 2 ETF,2022-06-24
DIHP,Dimensional International High Profitability ETF,2022-06-24
FAIL,Cambria Global Tail Risk ETF,2022-06-24
GSID,Goldman Sachs MarketBeta International Equity ETF,2022-06-24
HYMU,BlackRock High Yield Muni Income Bond ETF,2022-06-24
IGLD,FT Cboe Vest Gold Strategy Target Income ETF,2022-06-24
JMST,JPMorgan Ultra-Short Municipal Income ETF,2022-06-24
USEP,Innovator U.S. Equity Ultra Buffer ETF - September,2022-06-24
UVIX,2x Long VIX Futures ETF,2022-06-24
VIXY,ProShares VIX Short-Term Futures ETF,2022-06-24
VXX,iPath Series B S&P 500 VIX Short-Term Futures ETN,2022-06-24
DFIC,Dimensional International Core Equity 2 ETF,2022-06-27
DIHP,Dimensional International High Profitability ETF,2022-06-27
FAIL,Cambria Global Tail Risk ETF,2022-06-27
GSID,Goldman Sachs MarketBeta International Equity ETF,2022-06-27
HYMU,BlackRock High Yield Muni Income Bond ETF,2022-06-27
IGLD,FT Cboe Vest Gold Strategy Target Income ETF,2022-06-27
JMST,JPMorgan Ultra-Short Municipal Income ETF,2022-06-27
USEP,Innovator U.S. Equity Ultra Buffer ETF - September,2022-06-27
UVIX,2x Long VIX Futures ETF,2022-06-27
VIXY,ProShares VIX Short-Term Futures ETF,2022-06-27
VXX,iPath Series B S&P 500 VIX Short-Term Futures ETN,2022-06-27
DFIC,Dimensional International Core Equity 2 ETF,2022-06-28
DIHP,Dimensional International High Profitability ETF,2022-06-28
FAIL,Cambria Global Tail Risk ETF,2022-06-28
GSID,Goldman Sachs MarketBeta International Equity ETF,2022-06-28
IGLD,FT Cboe Vest Gold Strategy Target Income ETF,2022-06-28
USEP,Innovator U.S. Equity Ultra Buffer ETF - September,2022-06-28
UVIX,2x Long VIX Futures ETF,2022-06-28
VIXY,ProShares VIX Short-Term Futures ETF,2022-06-28
VXX,iPath Series B S&P 500 VIX Short-Term Futures ETN,2022-06-28
DFIC,Dimensional International Core Equity 2 ETF,2022-06-29
DIHP,Dimensional International High Profitability ETF,2022-06-29
IGLD,FT Cboe Vest Gold Strategy Target Income ETF,2022-06-29
LVHI,Franklin International Low Volatility High Dividend Index ETF,2022-06-29
UVIX,2x Long VIX Futures ETF,2022-06-29
VXX,iPath Series B S&P 500 VIX Short-Term Futures ETN,2022-06-29
YJUN,FT Cboe Vest International Equity Buffer ETF - June,2022-06-29
DFIC,Dimensional International Core Equity 2 ETF,2022-06-30
DIHP,Dimensional International High Profitability ETF,2022-06-30
IGLD,FT Cboe Vest Gold Strategy Target Income ETF,2022-06-30
LVHI,Franklin International Low Volatility High Dividend Index ETF,2022-06-30
YJUN,FT Cboe Vest International Equity Buffer ETF - June,2022-06-30
DFIC,Dimensional International Core Equity 2 ETF,2022-07-01
DIHP,Dimensional International High Profitability ETF,2022-07-01
LVHI,Franklin International Low Volatility High Dividend Index ETF,2022-07-01
UVXY,ProShares Ultra VIX Short-Term Futures ETF,2022-07-01
YJUN,FT Cboe Vest International Equity Buffer ETF - June,2022-07-01
DFIC,Dimensional International Core Equity 2 ETF,2022-07-05
DIHP,Dimensional International High Profitability ETF,2022-07-05
LVHI,Franklin International Low Volatility High Dividend Index ETF,2022-07-05
MOTG,VanEck Morningstar Global Wide Moat ETF,2022-07-05
UVXY,ProShares Ultra VIX Short-Term Futures ETF,2022-07-05
YJUN,FT Cboe Vest International Equity Buffer ETF - June,2022-07-05
DFIC,Dimensional International Core Equity 2 ETF,2022-07-06
DFIS,Dimensional International Small Cap ETF,2022-07-06
DIHP,Dimensional International High Profitability ETF,2022-07-06
IDME,International Drawdown Managed Equity ETF,2022-07-06
LVHI,Franklin International Low Volatility High Dividend Index ETF,2022-07-06
MOTG,VanEck Morningstar Global Wide Moat ETF,2022-07-06
UVXY,ProShares Ultra VIX Short-Term Futures ETF,2022-07-06
YJUN,FT Cboe Vest International Equity Buffer ETF - June,2022-07-06
DFIC,Dimensional International Core Equity 2 ETF,2022-07-07
DFIS,Dimensional International Small Cap ETF,2022-07-07
DIHP,Dimensional International High Profitability ETF,2022-07-07
FGRO,Fidelity Growth Opportunities ETF,2022-07-07
IDME,International Drawdown Managed Equity ETF,2022-07-07
LVHI,Franklin International Low Volatility High Dividend Index ETF,2022-07-07
MOTG,VanEck Morningstar Global Wide Moat ETF,2022-07-07
UVXY,ProShares Ultra VIX Short-Term Futures ETF,2022-07-07
YJUN,FT Cboe Vest International Equity Buffer ETF - June,2022-07-07
DFIC,Dimensional International Core Equity 2 ETF,2022-07-08
DFIS,Dimensional International Small Cap ETF,2022-07-08
DIHP,Dimensional International High Profitability ETF,2022-07-08
FGRO,Fidelity Growth Opportunities ETF,2022-07-08
IDME,International Drawdown Managed Equity ETF,2022-07-08
MOTG,VanEck Morningstar Global Wide Moat ETF,2022-07-08
UVXY,ProShares Ultra VIX Short-Term Futures ETF,2022-07-08
YJUN,FT Cboe Vest International Equity Buffer ETF - June,2022-07-08
DFIC,Dimensional International Core Equity 2 ETF,2022-07-11
DFIS,Dimensional International Small Cap ETF,2022-07-11
DIHP,Dimensional International High Profitability ETF,2022-07-11
FGRO,Fidelity Growth Opportunities ETF,2022-07-11
IDME,International Drawdown Managed Equity ETF,2022-07-11
MOTG,VanEck Morningstar Global Wide Moat ETF,2022-07-11
UVXY,ProShares Ultra VIX Short-Term Futures ETF,2022-07-11
YJUN,FT Cboe Vest International Equity Buffer ETF - June,2022-07-11
BUFG,FT Cboe Vest Buffered Allocation Growth ETF,2022-07-12
DFIC,Dimensional International Core Equity 2 ETF,2022-07-12
DFIS,Dimensional International Small Cap ETF,2022-07-12
DIHP,Dimensional International High Profitability ETF,2022-07-12
FGRO,Fidelity Growth Opportunities ETF,2022-07-12
IDME,International Drawdown Managed Equity ETF,2022-07-12
MBNE,SPDR Nuveen Municipal Bond ESG ETF,2022-07-12
MOTG,VanEck Morningstar Global Wide Moat ETF,2022-07-12
UVXY,ProShares Ultra VIX Short-Term Futures ETF,2022-07-12
YJUN,FT Cboe Vest International Equity Buffer ETF - June,2022-07-12
BUFG,FT Cboe Vest Buffered Allocation Growth ETF,2022-07-13
DFIC,Dimensional International Core Equity 2 ETF,2022-07-13
DFIS,Dimensional International Small Cap ETF,2022-07-13
DIHP,Dimensional International High Profitability ETF,2022-07-13
FGRO,Fidelity Growth Opportunities ETF,2022-07-13
IDME,International Drawdown Managed Equity ETF,2022-07-13
MBNE,SPDR Nuveen Municipal Bond ESG ETF,2022-07-13
UVXY,ProShares Ultra VIX Short-Term Futures ETF,2022-07-13
BUFG,FT Cboe Vest Buffered Allocation Growth ETF,2022-07-14
DFIC,Dimensional International Core Equity 2 ETF,2022-07-14
DFIS,Dimensional International Small Cap ETF,2022-07-14
DIHP,Dimensional International High Profitability ETF,2022-07-14
FGRO,Fidelity Growth Opportunities ETF,2022-07-14
MBNE,SPDR Nuveen Municipal Bond ESG ETF,2022-07-14
UVXY,ProShares Ultra VIX Short-Term Futures ETF,2022-07-14
BUFG,FT Cboe Vest Buffered Allocation Growth ETF,2022-07-15
DFIC,Dimensional International Core Equity 2 ETF,2022-07-15
DFIS,Dimensional International Small Cap ETF,2022-07-15
MBNE,SPDR Nuveen Municipal Bond ESG ETF,2022-07-15
UVXY,ProShares Ultra VIX Short-Term Futures ETF,2022-07-15
BUFG,FT Cboe Vest Buffered Allocation Growth ETF,2022-07-18
DFIC,Dimensional International Core Equity 2 ETF,2022-07-18
DFIS,Dimensional International Small Cap ETF,2022-07-18
MBNE,SPDR Nuveen Municipal Bond ESG ETF,2022-07-18
MFUL,Mindful Conservative ETF,2022-07-18
UVXY,ProShares Ultra VIX Short-Term Futures ETF,2022-07-18
BUFG,FT Cboe Vest Buffered Allocation Growth ETF,2022-07-19
DFIC,Dimensional International Core Equity 2 ETF,2022-07-19
DFIS,Dimensional International Small Cap ETF,2022-07-19
MBNE,SPDR Nuveen Municipal Bond ESG ETF,2022-07-19
MFUL,Mindful Conservative ETF,2022-07-19
PSMJ,Pacer Swan SOS Moderate (July) ETF,2022-07-19
UVXY,ProShares Ultra VIX Short-Term Futures ETF,2022-07-19
YJUN,FT Cboe Vest International Equity Buffer ETF - June,2022-07-19
BUFG,FT Cboe Vest Buffered Allocation Growth ETF,2022-07-20
DFIC,Dimensional International Core Equity 2 ETF,2022-07-20
DFIS,Dimensional International Small Cap ETF,2022-07-20
MFUL,Mindful Conservative ETF,2022-07-20
PSMJ,Pacer Swan SOS Moderate (July) ETF,2022-07-20
UVXY,ProShares Ultra VIX Short-Term Futures ETF,2022-07-20
VIXY,ProShares VIX Short-Term Futures ETF,2022-07-20
YJUN,FT Cboe Vest International Equity Buffer ETF - June,2022-07-20
BUFG,FT Cboe Vest Buffered Allocation Growth ETF,2022-07-21
DFIC,Dimensional International Core Equity 2 ETF,2022-07-21
DFIS,Dimensional International Small Cap ETF,2022-07-21
MFUL,Mindful Conservative ETF,2022-07-21
PSMJ,Pacer Swan SOS Moderate (July) ETF,2022-07-21
UVXY,ProShares Ultra VIX Short-Term Futures ETF,2022-07-21
VIXY,ProShares VIX Short-Term Futures ETF,2022-07-21
YJUN,FT Cboe Vest International Equity Buffer ETF - June,2022-07-21
BUFG,FT Cboe Vest Buffered Allocation Growth ETF,2022-07-22
DFIC,Dimensional International Core Equity 2 ETF,2022-07-22
DFIS,Dimensional International Small Cap ETF,2022-07-22
MFUL,Mindful Conservative ETF,2022-07-22
PSMJ,Pacer Swan SOS Moderate (July) ETF,2022-07-22
UVXY,ProShares Ultra VIX Short-Term Futures ETF,2022-07-22
VIXY,ProShares VIX Short-Term Futures ETF,2022-07-22
YJUN,FT Cboe Vest International Equity Buffer ETF - June,2022-07-22
DFIC,Dimensional International Core Equity 2 ETF,2022-07-25
DFIS,Dimensional International Small Cap ETF,2022-07-25
MFUL,Mindful Conservative ETF,2022-07-25
PSMJ,Pacer Swan SOS Moderate (July) ETF,2022-07-25
VIXY,ProShares VIX Short-Term Futures ETF,2022-07-25
YJUN,FT Cboe Vest International Equity Buffer ETF - June,2022-07-25
DFIC,Dimensional International Core Equity 2 ETF,2022-07-26
DFIS,Dimensional International Small Cap ETF,2022-07-26
MFUL,Mindful Conservative ETF,2022-07-26
PSMJ,Pacer Swan SOS Moderate (July) ETF,2022-07-26
VIXY,ProShares VIX Short-Term Futures ETF,2022-07-26
YJUN,FT Cboe Vest International Equity Buffer ETF - June,2022-07-26
DFIC,Dimensional International Core Equity 2 ETF,2022-07-27
DFIS,Dimensional International Small Cap ETF,2022-07-27
MFUL,Mindful Conservative ETF,2022-07-27
PSMJ,Pacer Swan SOS Moderate (July) ETF,2022-07-27
VIXY,ProShares VIX Short-Term Futures ETF,2022-07-27
YJUN,FT Cboe Vest International Equity Buffer ETF - June,2022-07-27
DFIC,Dimensional International Core Equity 2 ETF,2022-07-28
DFIS,Dimensional International Small Cap ETF,2022-07-28
MFUL,Mindful Conservative ETF,2022-07-28
PSMJ,Pacer Swan SOS Moderate (July) ETF,2022-07-28
UVIX,2x Long VIX Futures ETF,2022-07-28
VIXY,ProShares VIX Short-Term Futures ETF,2022-07-28
YJUN,FT Cboe Vest International Equity Buffer ETF - June,2022-07-28
DFIC,Dimensional International Core Equity 2 ETF,2022-07-29
DFIS,Dimensional International Small Cap ETF,2022-07-29
MFUL,Mindful Conservative ETF,2022-07-29
PSMJ,Pacer Swan SOS Moderate (July) ETF,2022-07-29
UVIX,2x Long VIX Futures ETF,2022-07-29
VIXY,ProShares VIX Short-Term Futures ETF,2022-07-29
YJUN,FT Cboe Vest International Equity Buffer ETF - June,2022-07-29
DFIC,Dimensional International Core Equity 2 ETF,2022-08-01
DFIS,Dimensional International Small Cap ETF,2022-08-01
MFUL,Mindful Conservative ETF,2022-08-01
PSMJ,Pacer Swan SOS Moderate (July) ETF,2022-08-01
UVIX,2x Long VIX Futures ETF,2022-08-01
VIXY,ProShares VIX Short-Term Futures ETF,2022-08-01
VXX,iPath Series B S&P 500 VIX Short-Term Futures ETN,2022-08-01
YJUN,FT Cboe Vest International Equity Buffer ETF - June,2022-08-01
DFIC,Dimensional International Core Equity 2 ETF,2022-08-02
DFIS,Dimensional International Small Cap ETF,2022-08-02
MFUL,Mindful Conservative ETF,2022-08-02
PSMJ,Pacer Swan SOS Moderate (July) ETF,2022-08-02
UVIX,2x Long VIX Futures ETF,2022-08-02
VIXY,ProShares VIX Short-Term Futures ETF,2022-08-02
VXX,iPath Series B S&P 500 VIX Short-Term Futures ETN,2022-08-02
YJUN,FT Cboe Vest International Equity Buffer ETF - June,2022-08-02
DFIC,Dimensional International Core Equity 2 ETF,2022-08-03
DFIS,Dimensional International Small Cap ETF,2022-08-03
MFUL,Mindful Conservative ETF,2022-08-03
PSMJ,Pacer Swan SOS Moderate (July) ETF,2022-08-03
UVIX,2x Long VIX Futures ETF,2022-08-03
VIXY,ProShares VIX Short-Term Futures ETF,2022-08-03
VXX,iPath Series B S&P 500 VIX Short-Term Futures ETN,2022-08-03
YJUN,FT Cboe Vest International Equity Buffer ETF - June,2022-08-03
DFIC,Dimensional International Core Equity 2 ETF,2022-08-04
DFIS,Dimensional International Small Cap ETF,2022-08-04
MFUL,Mindful Conservative ETF,2022-08-04
PSMJ,Pacer Swan SOS Moderate (July) ETF,2022-08-04
UVIX,2x Long VIX Futures ETF,2022-08-04
VIXY,ProShares VIX Short-Term Futures ETF,2022-08-04
VXX,iPath Series B S&P 500 VIX Short-Term Futures ETN,2022-08-04
YJUN,FT Cboe Vest International Equity Buffer ETF - June,2022-08-04
DFIC,Dimensional International Core Equity 2 ETF,2022-08-05
MFUL,Mindful Conservative ETF,2022-08-05
PSMJ,Pacer Swan SOS Moderate (July) ETF,2022-08-05
UVIX,2x Long VIX Futures ETF,2022-08-05
VIXY,ProShares VIX Short-Term Futures ETF,2022-08-05
VXX,iPath Series B S&P 500 VIX Short-Term Futures ETN,2022-08-05
DFIC,Dimensional International Core Equity 2 ETF,2022-08-08
MFUL,Mindful Conservative ETF,2022-08-08
PSMJ,Pacer Swan SOS Moderate (July) ETF,2022-08-08
UVIX,2x Long VIX Futures ETF,2022-08-08
VIXY,ProShares VIX Short-Term Futures ETF,2022-08-08
VXX,iPath Series B S&P 500 VIX Short-Term Futures ETN,2022-08-08
DFIC,Dimensional International Core Equity 2 ETF,2022-08-09
MFUL,Mindful Conservative ETF,2022-08-09
PSMJ,Pacer Swan SOS Moderate (July) ETF,2022-08-09
UVIX,2x Long VIX Futures ETF,2022-08-09
VIXY,ProShares VIX Short-Term Futures ETF,2022-08-09
VXX,iPath Series B S&P 500 VIX Short-Term Futures ETN,2022-08-09
DFIC,Dimensional International Core Equity 2 ETF,2022-08-10
FDRV,Fidelity Electric Vehicles and Future Transportation ETF,2022-08-10
MFUL,Mindful Conservative ETF,2022-08-10
PSMJ,Pacer Swan SOS Moderate (July) ETF,2022-08-10
PSMM,Invesco Moderately Conservative Multi-Asset Allocation ETF,2022-08-10
UVIX,2x Long VIX Futures ETF,2022-08-10
VIXY,ProShares VIX Short-Term Futures ETF,2022-08-10
VXX,iPath Series B S&P 500 VIX Short-Term Futures ETN,2022-08-10
BUFB,Innovator Laddered Allocation Buffer ETF,2022-08-11
DFIC,Dimensional International Core Equity 2 ETF,2022-08-11
FDRV,Fidelity Electric Vehicles and Future Transportation ETF,2022-08-11
FLQM,Franklin U.S. Mid Cap Multifactor Index ETF,2022-08-11
MFUL,Mindful Conservative ETF,2022-08-11
PSMJ,Pacer Swan SOS Moderate (July) ETF,2022-08-11
PSMM,Invesco Moderately Conservative Multi-Asset Allocation ETF,2022-08-11
UVIX,2x Long VIX Futures ETF,2022-08-11
VIXY,ProShares VIX Short-Term Futures ETF,2022-08-11
VXX,iPath Series B S&P 500 VIX Short-Term Futures ETN,2022-08-11
BUFB,Innovator Laddered Allocation Buffer ETF,2022-08-12
DFIC,Dimensional International Core Equity 2 ETF,2022-08-12
FDRV,Fidelity Electric Vehicles and Future Transportation ETF,2022-08-12
FGRO,Fidelity Growth Opportunities ETF,2022-08-12
FLQM,Franklin U.S. Mid Cap Multifactor Index ETF,2022-08-12
MFUL,Mindful Conservative ETF,2022-08-12
PSMJ,Pacer Swan SOS Moderate (July) ETF,2022-08-12
PSMM,Invesco Moderately Conservative Multi-Asset Allocation ETF,2022-08-12
UAUG,Innovator U.S. Equity Ultra Buffer ETF - August,2022-08-12
VIXY,ProShares VIX Short-Term Futures ETF,2022-08-12
VXX,iPath Series B S&P 500 VIX Short-Term Futures ETN,2022-08-12
BUFB,Innovator Laddered Allocation Buffer ETF,2022-08-15
DFIC,Dimensional International Core Equity 2 ETF,2022-08-15
FDRV,Fidelity Electric Vehicles and Future Transportation ETF,2022-08-15
FGRO,Fidelity Growth Opportunities ETF,2022-08-15
FLQM,Franklin U.S. Mid Cap Multifactor Index ETF,2022-08-15
MFUL,Mindful Conservative ETF,2022-08-15
PSMJ,Pacer Swan SOS Moderate (July) ETF,2022-08-15
PSMM,Invesco Moderately Conservative Multi-Asset Allocation ETF,2022-08-15
UAUG,Innovator U.S. Equity Ultra Buffer ETF - August,2022-08-15
VIXY,ProShares VIX Short-Term Futures ETF,2022-08-15
VXX,iPath Series B S&P 500 VIX Short-Term Futures ETN,2022-08-15
BUFB,Innovator Laddered Allocation Buffer ETF,2022-08-16
DFIC,Dimensional International Core Equity 2 ETF,2022-08-16
FDRV,Fidelity Electric Vehicles and Future Transportation ETF,2022-08-16
FGRO,Fidelity Growth Opportunities ETF,2022-08-16
FLQM,Franklin U.S. Mid Cap Multifactor Index ETF,2022-08-16
PSMM,Invesco Moderately Conservative Multi-Asset Allocation ETF,2022-08-16
UAUG,Innovator U.S. Equity Ultra Buffer ETF - August,2022-08-16
VIXY,ProShares VIX Short-Term Futures ETF,2022-08-16
VXX,iPath Series B S&P 500 VIX Short-Term Futures ETN,2022-08-16
BUFB,Innovator Laddered Allocation Buffer ETF,2022-08-17
DFIC,Dimensional International Core Equity 2 ETF,2022-08-17
FDRV,Fidelity Electric Vehicles and Future Transportation ETF,2022-08-17
FGRO,Fidelity Growth Opportunities ETF,2022-08-17
FLQM,Franklin U.S. Mid Cap Multifactor Index ETF,2022-08-17
IZRL,ARK Israel Innovative Technology ETF,2022-08-17
PSMB,Invesco Balanced Multi-Asset Allocation ETF,2022-08-17
PSMG,Invesco Growth Multi-Asset Allocation ETF,2022-08-17
PSMM,Invesco Moderately Conservative Multi-Asset Allocation ETF,2022-08-17
UAUG,Innovator U.S. Equity Ultra Buffer ETF - August,2022-08-17
VIXY,ProShares VIX Short-Term Futures ETF,2022-08-17
VXX,iPath Series B S&P 500 VIX Short-Term Futures ETN,2022-08-17
BUFB,Innovator Laddered Allocation Buffer ETF,2022-08-18
DFIC,Dimensional International Core Equity 2 ETF,2022-08-18
FGRO,Fidelity Growth Opportunities ETF,2022-08-18
FLQM,Franklin U.S. Mid Cap Multifactor Index ETF,2022-08-18
IZRL,ARK Israel Innovative Technology ETF,2022-08-18
PSMB,Invesco Balanced Multi-Asset Allocation ETF,2022-08-18
PSMC,Invesco Conservative Multi-Asset Allocation ETF,2022-08-18
PSMG,Invesco Growth Multi-Asset Allocation ETF,2022-08-18
UAUG,Innovator U.S. Equity Ultra Buffer ETF - August,2022-08-18
VIXY,ProShares VIX Short-Term Futures ETF,2022-08-18
VXX,iPath Series B S&P 500 VIX Short-Term Futures ETN,2022-08-18
FGRO,Fidelity Growth Opportunities ETF,2022-08-19
IZRL,ARK Israel Innovative Technology ETF,2022-08-19
PSMB,Invesco Balanced Multi-Asset Allocation ETF,2022-08-19
PSMC,Invesco Conservative Multi-Asset Allocation ETF,2022-08-19
PSMG,Invesco Growth Multi-Asset Allocation ETF,2022-08-19
UAUG,Innovator U.S. Equity Ultra Buffer ETF - August,2022-08-19
VIXY,ProShares VIX Short-Term Futures ETF,2022-08-19
VXX,iPath Series B S&P 500 VIX Short-Term Futures ETN,2022-08-19
IZRL,ARK Israel Innovative Technology ETF,2022-08-22
PSMB,Invesco Balanced Multi-Asset Allocation ETF,2022-08-22
PSMC,Invesco Conservative Multi-Asset Allocation ETF,2022-08-22
PSMG,Invesco Growth Multi-Asset Allocation ETF,2022-08-22
VIXY,ProShares VIX Short-Term Futures ETF,2022-08-22
VXX,iPath Series B S&P 500 VIX Short-Term Futures ETN,2022-08-22
IZRL,ARK Israel Innovative Technology ETF,2022-08-23
PSMB,Invesco Balanced Multi-Asset Allocation ETF,2022-08-23
PSMC,Invesco Conservative Multi-Asset Allocation ETF,2022-08-23
PSMG,Invesco Growth Multi-Asset Allocation ETF,2022-08-23
VIXY,ProShares VIX Short-Term Futures ETF,2022-08-23
VXX,iPath Series B S&P 500 VIX Short-Term Futures ETN,2022-08-23
IZRL,ARK Israel Innovative Technology ETF,2022-08-24
PSMB,Invesco Balanced Multi-Asset Allocation ETF,2022-08-24
PSMC,Invesco Conservative Multi-Asset Allocation ETF,2022-08-24
PSMG,Invesco Growth Multi-Asset Allocation ETF,2022-08-24
VIXY,ProShares VIX Short-Term Futures ETF,2022-08-24
VXX,iPath Series B S&P 500 VIX Short-Term Futures ETN,2022-08-24
XJUN,FT Cboe Vest U.S. Equity Enhance & Moderate Buffer ETF - June,2022-08-24
PSMB,Invesco Balanced Multi-Asset Allocation ETF,2022-08-25
PSMC,Invesco Conservative Multi-Asset Allocation ETF,2022-08-25
PSMG,Invesco Growth Multi-Asset Allocation ETF,2022-08-25
VXX,iPath Series B S&P 500 VIX Short-Term Futures ETN,2022-08-25
XJUN,FT Cboe Vest U.S. Equity Enhance & Moderate Buffer ETF - June,2022-08-25
PSMB,Invesco Balanced Multi-Asset Allocation ETF,2022-08-26
PSMG,Invesco Growth Multi-Asset Allocation ETF,2022-08-26
VXX,iPath Series B S&P 500 VIX Short-Term Futures ETN,2022-08-26
XJUN,FT Cboe Vest U.S. Equity Enhance & Moderate Buffer ETF - June,2022-08-26
MFUL,Mindful Conservative ETF,2022-08-29
PSMB,Invesco Balanced Multi-Asset Allocation ETF,2022-08-29
PSMG,Invesco Growth Multi-Asset Allocation ETF,2022-08-29
VXX,iPath Series B S&P 500 VIX Short-Term Futures ETN,2022-08-29
XDQQ,Innovator Growth Accelerated ETF - Quarterly,2022-08-29
XJUN,FT Cboe Vest U.S. Equity Enhance & Moderate Buffer ETF - June,2022-08-29
MFUL,Mindful Conservative ETF,2022-08-30
PSMB,Invesco Balanced Multi-Asset Allocation ETF,2022-08-30
PSMG,Invesco Growth Multi-Asset Allocation ETF,2022-08-30
VXX,iPath Series B S&P 500 VIX Short-Term Futures ETN,2022-08-30
XDQQ,Innovator Growth Accelerated ETF - Quarterly,2022-08-30
XJUN,FT Cboe Vest U.S. Equity Enhance & Moderate Buffer ETF - June,2022-08-30
MFUL,Mindful Conservative ETF,2022-08-31
PSMB,Invesco Balanced Multi-Asset Allocation ETF,2022-08-31
PSMG,Invesco Growth Multi-Asset Allocation ETF,2022-08-31
VXX,iPath Series B S&P 500 VIX Short-Term Futures ETN,2022-08-31
XDQQ,Innovator Growth Accelerated ETF - Quarterly,2022-08-31
XJUN,FT Cboe Vest U.S. Equity Enhance & Moderate Buffer ETF - June,2022-08-31
MFUL,Mindful Conservative ETF,2022-09-01
PSMB,Invesco Balanced Multi-Asset Allocation ETF,2022-09-01
PSMG,Invesco Growth Multi-Asset Allocation ETF,2022-09-01
VXX,iPath Series B S&P 500 VIX Short-Term Futures ETN,2022-09-01
XDQQ,Innovator Growth Accelerated ETF - Quarterly,2022-09-01
XJUN,FT Cboe Vest U.S. Equity Enhance & Moderate Buffer ETF - June,2022-09-01
MFUL,Mindful Conservative ETF,2022-09-02
PSMB,Invesco Balanced Multi-Asset Allocation ETF,2022-09-02
PSMG,Invesco Growth Multi-Asset Allocation ETF,2022-09-02
VXX,iPath Series B S&P 500 VIX Short-Term Futures ETN,2022-09-02
XDQQ,Innovator Growth Accelerated ETF - Quarterly,2022-09-02
XJUN,FT Cboe Vest U.S. Equity Enhance & Moderate Buffer ETF - June,2022-09-02
MFUL,Mindful Conservative ETF,2022-09-06
PSMB,Invesco Balanced Multi-Asset Allocation ETF,2022-09-06
PSMG,Invesco Growth Multi-Asset Allocation ETF,2022-09-06
VXX,iPath Series B S&P 500 VIX Short-Term Futures ETN,2022-09-06
XDQQ,Innovator Growth Accelerated ETF - Quarterly,2022-09-06
XJUN,FT Cboe Vest U.S. Equity Enhance & Moderate Buffer ETF - June,2022-09-06
MFUL,Mindful Conservative ETF,2022-09-07
PSMG,Invesco Growth Multi-Asset Allocation ETF,2022-09-07
VXX,iPath Series B S&P 500 VIX Short-Term Futures ETN,2022-09-07
XDQQ,Innovator Growth Accelerated ETF - Quarterly,2022-09-07
XJUN,FT Cboe Vest U.S. Equity Enhance & Moderate Buffer ETF - June,2022-09-07
MFUL,Mindful Conservative ETF,2022-09-08
PSMG,Invesco Growth Multi-Asset Allocation ETF,2022-09-08
VXX,iPath Series B S&P 500 VIX Short-Term Futures ETN,2022-09-08
XJUN,FT Cboe Vest U.S. Equity Enhance & Moderate Buffer ETF - June,2022-09-08
PSMG,Invesco Growth Multi-Asset Allocation ETF,2022-09-09
VXX,iPath Series B S&P 500 VIX Short-Term Futures ETN,2022-09-09
XJUN,FT Cboe Vest U.S. Equity Enhance & Moderate Buffer ETF - June,2022-09-09
VXX,iPath Series B S&P 500 VIX Short-Term Futures ETN,2022-09-12
XJUN,FT Cboe Vest U.S. Equity Enhance & Moderate Buffer ETF - June,2022-09-12
VXX,iPath Series B S&P 500 VIX Short-Term Futures ETN,2022-09-13
XJUN,FT Cboe Vest U.S. Equity Enhance & Moderate Buffer ETF - June,2022-09-13
VXX,iPath Series B S&P 500 VIX Short-Term Futures ETN,2022-09-14
XJUN,FT Cboe Vest U.S. Equity Enhance & Moderate Buffer ETF - June,2022-09-14
XJUN,FT Cboe Vest U.S. Equity Enhance & Moderate Buffer ETF - June,2022-09-15
XJUN,FT Cboe Vest U.S. Equity Enhance & Moderate Buffer ETF - June,2022-09-16
XJUN,FT Cboe Vest U.S. Equity Enhance & Moderate Buffer ETF - June,2022-09-19
QSPT,FT Cboe Vest Nasdaq-100 Buffer ETF - September,2022-09-20
QSPT,FT Cboe Vest Nasdaq-100 Buffer ETF - September,2022-09-21
VNM,VanEck Vietnam ETF,2022-09-21
VXX,iPath Series B S&P 500 VIX Short-Term Futures ETN,2022-09-21
DIHP,Dimensional International High Profitability ETF,2022-09-22
QSPT,FT Cboe Vest Nasdaq-100 Buffer ETF - September,2022-09-22
VNM,VanEck Vietnam ETF,2022-09-22
VXX,iPath Series B S&P 500 VIX Short-Term Futures ETN,2022-09-22
DIHP,Dimensional International High Profitability ETF,2022-09-23
QSPT,FT Cboe Vest Nasdaq-100 Buffer ETF - September,2022-09-23
VNM,VanEck Vietnam ETF,2022-09-23
VXX,iPath Series B S&P 500 VIX Short-Term Futures ETN,2022-09-23
DIHP,Dimensional International High Profitability ETF,2022-09-26
QSPT,FT Cboe Vest Nasdaq-100 Buffer ETF - September,2022-09-26
VNM,VanEck Vietnam ETF,2022-09-26
VXX,iPath Series B S&P 500 VIX Short-Term Futures ETN,2022-09-26
DIHP,Dimensional International High Profitability ETF,2022-09-27
QSPT,FT Cboe Vest Nasdaq-100 Buffer ETF - September,2022-09-27
VNM,VanEck Vietnam ETF,2022-09-27
VXX,iPath Series B S&P 500 VIX Short-Term Futures ETN,2022-09-27
YSEP,FT Cboe Vest International Equity Buffer ETF - September,2022-09-27
DIHP,Dimensional International High Profitability ETF,2022-09-28
MAMB,Monarch Ambassador Income ETF,2022-09-28
QSPT,FT Cboe Vest Nasdaq-100 Buffer ETF - September,2022-09-28
VNM,VanEck Vietnam ETF,2022-09-28
VXX,iPath Series B S&P 500 VIX Short-Term Futures ETN,2022-09-28
YSEP,FT Cboe Vest International Equity Buffer ETF - September,2022-09-28
DIHP,Dimensional International High Profitability ETF,2022-09-29
MAMB,Monarch Ambassador Income ETF,2022-09-29
QSPT,FT Cboe Vest Nasdaq-100 Buffer ETF - September,2022-09-29
VXX,iPath Series B S&P 500 VIX Short-Term Futures ETN,2022-09-29
YSEP,FT Cboe Vest International Equity Buffer ETF - September,2022-09-29
DIHP,Dimensional International High Profitability ETF,2022-09-30
MAMB,Monarch Ambassador Income ETF,2022-09-30
QSPT,FT Cboe Vest Nasdaq-100 Buffer ETF - September,2022-09-30
TDV,ProShares S&P Global Technology Dividend Aristocrats ETF,2022-09-30
UVIX,2x Long VIX Futures ETF,2022-09-30
VXX,iPath Series B S&P 500 VIX Short-Term Futures ETN,2022-09-30
XSEP,FT Cboe Vest U.S. Equity Enhance & Moderate Buffer ETF - September,2022-09-30
YSEP,FT Cboe Vest International Equity Buffer ETF - September,2022-09-30
LVHI,Franklin International Low Volatility High Dividend Index ETF,2022-10-03
MAMB,Monarch Ambassador Income ETF,2022-10-03
QSPT,FT Cboe Vest Nasdaq-100 Buffer ETF - September,2022-10-03
TDV,ProShares S&P Global Technology Dividend Aristocrats ETF,2022-10-03
UVIX,2x Long VIX Futures ETF,2022-10-03
VXX,iPath Series B S&P 500 VIX Short-Term Futures ETN,2022-10-03
XSEP,FT Cboe Vest U.S. Equity Enhance & Moderate Buffer ETF - September,2022-10-03
YSEP,FT Cboe Vest International Equity Buffer ETF - September,2022-10-03
HYMU,BlackRock High Yield Muni Income Bond ETF,2022-10-04
LVHI,Franklin International Low Volatility High Dividend Index ETF,2022-10-04
MAMB,Monarch Ambassador Income ETF,2022-10-04
QSPT,FT Cboe Vest Nasdaq-100 Buffer ETF - September,2022-10-04
TDV,ProShares S&P Global Technology Dividend Aristocrats ETF,2022-10-04
UVIX,2x Long VIX Futures ETF,2022-10-04
VXX,iPath Series B S&P 500 VIX Short-Term Futures ETN,2022-10-04
XSEP,FT Cboe Vest U.S. Equity Enhance & Moderate Buffer ETF - September,2022-10-04
YSEP,FT Cboe Vest International Equity Buffer ETF - September,2022-10-04
HYMU,BlackRock High Yield Muni Income Bond ETF,2022-10-05
LVHI,Franklin International Low Volatility High Dividend Index ETF,2022-10-05
MAMB,Monarch Ambassador Income ETF,2022-10-05
QSPT,FT Cboe Vest Nasdaq-100 Buffer ETF - September,2022-10-05
TDV,ProShares S&P Global Technology Dividend Aristocrats ETF,2022-10-05
UVIX,2x Long VIX Futures ETF,2022-10-05
XSEP,FT Cboe Vest U.S. Equity Enhance & Moderate Buffer ETF - September,2022-10-05
YSEP,FT Cboe Vest International Equity Buffer ETF - September,2022-10-05
HYMU,BlackRock High Yield Muni Income Bond ETF,2022-10-06
LVHI,Franklin International Low Volatility High Dividend Index ETF,2022-10-06
QSPT,FT Cboe Vest Nasdaq-100 Buffer ETF - September,2022-10-06
TDV,ProShares S&P Global Technology Dividend Aristocrats ETF,2022-10-06
UDEC,Innovator U.S. Equity Ultra Buffer ETF - December,2022-10-06
UVIX,2x Long VIX Futures ETF,2022-10-06
XSEP,FT Cboe Vest U.S. Equity Enhance & Moderate Buffer ETF - September,2022-10-06
YSEP,FT Cboe Vest International Equity Buffer ETF - September,2022-10-06
HYMU,BlackRock High Yield Muni Income Bond ETF,2022-10-07
LVHI,Franklin International Low Volatility High Dividend Index ETF,2022-10-07
QSPT,FT Cboe Vest Nasdaq-100 Buffer ETF - September,2022-10-07
TDV,ProShares S&P Global Technology Dividend Aristocrats ETF,2022-10-07
UDEC,Innovator U.S. Equity Ultra Buffer ETF - December,2022-10-07
UVIX,2x Long VIX Futures ETF,2022-10-07
XSEP,FT Cboe Vest U.S. Equity Enhance & Moderate Buffer ETF - September,2022-10-07
YSEP,FT Cboe Vest International Equity Buffer ETF - September,2022-10-07
HYMU,BlackRock High Yield Muni Income Bond ETF,2022-10-11
KOCT,Innovator U.S. Small Cap Power Buffer ETF - October,2022-10-11
LVHI,Franklin International Low Volatility High Dividend Index ETF,2022-10-11
QSPT,FT Cboe Vest Nasdaq-100 Buffer ETF - September,2022-10-11
UDEC,Innovator U.S. Equity Ultra Buffer ETF - December,2022-10-11
VNM,VanEck Vietnam ETF,2022-10-11
XSEP,FT Cboe Vest U.S. Equity Enhance & Moderate Buffer ETF - September,2022-10-11
YSEP,FT Cboe Vest International Equity Buffer ETF - September,2022-10-11
HYMU,BlackRock High Yield Muni Income Bond ETF,2022-10-12
KOCT,Innovator U.S. Small Cap Power Buffer ETF - October,2022-10-12
QSPT,FT Cboe Vest Nasdaq-100 Buffer ETF - September,2022-10-12
UDEC,Innovator U.S. Equity Ultra Buffer ETF - December,2022-10-12
VNM,VanEck Vietnam ETF,2022-10-12
XSEP,FT Cboe Vest U.S. Equity Enhance & Moderate Buffer ETF - September,2022-10-12
YSEP,FT Cboe Vest International Equity Buffer ETF - September,2022-10-12
HYMU,BlackRock High Yield Muni Income Bond ETF,2022-10-13
JBBB,Janus Henderson B-BBB CLO ETF,2022-10-13
KOCT,Innovator U.S. Small Cap Power Buffer ETF - October,2022-10-13
QSPT,FT Cboe Vest Nasdaq-100 Buffer ETF - September,2022-10-13
UDEC,Innovator U.S. Equity Ultra Buffer ETF - December,2022-10-13
VNM,VanEck Vietnam ETF,2022-10-13
XSEP,FT Cboe Vest U.S. Equity Enhance & Moderate Buffer ETF - September,2022-10-13
YSEP,FT Cboe Vest International Equity Buffer ETF - September,2022-10-13
FMIL,Fidelity New Millennium ETF,2022-10-14
HYMU,BlackRock High Yield Muni Income Bond ETF,2022-10-14
JBBB,Janus Henderson B-BBB CLO ETF,2022-10-14
KOCT,Innovator U.S. Small Cap Power Buffer ETF - October,2022-10-14
QSPT,FT Cboe Vest Nasdaq-100 Buffer ETF - September,2022-10-14
UDEC,Innovator U.S. Equity Ultra Buffer ETF - December,2022-10-14
VNM,VanEck Vietnam ETF,2022-10-14
XSEP,FT Cboe Vest U.S. Equity Enhance & Moderate Buffer ETF - September,2022-10-14
YSEP,FT Cboe Vest International Equity Buffer ETF - September,2022-10-14
FMIL,Fidelity New Millennium ETF,2022-10-17
HYMU,BlackRock High Yield Muni Income Bond ETF,2022-10-17
JBBB,Janus Henderson B-BBB CLO ETF,2022-10-17
KOCT,Innovator U.S. Small Cap Power Buffer ETF - October,2022-10-17
UDEC,Innovator U.S. Equity Ultra Buffer ETF - December,2022-10-17
VNM,VanEck Vietnam ETF,2022-10-17
XSEP,FT Cboe Vest U.S. Equity Enhance & Moderate Buffer ETF - September,2022-10-17
YSEP,FT Cboe Vest International Equity Buffer ETF - September,2022-10-17
FMIL,Fidelity New Millennium ETF,2022-10-18
JBBB,Janus Henderson B-BBB CLO ETF,2022-10-18
KOCT,Innovator U.S. Small Cap Power Buffer ETF - October,2022-10-18
VNM,VanEck Vietnam ETF,2022-10-18
XSEP,FT Cboe Vest U.S. Equity Enhance & Moderate Buffer ETF - September,2022-10-18
YSEP,FT Cboe Vest International Equity Buffer ETF - September,2022-10-18
FMIL,Fidelity New Millennium ETF,2022-10-19
JBBB,Janus Henderson B-BBB CLO ETF,2022-10-19
KOCT,Innovator U.S. Small Cap Power Buffer ETF - October,2022-10-19
VNM,VanEck Vietnam ETF,2022-10-19
XSEP,FT Cboe Vest U.S. Equity Enhance & Moderate Buffer ETF - September,2022-10-19
YSEP,FT Cboe Vest International Equity Buffer ETF - September,2022-10-19
FMIL,Fidelity New Millennium ETF,2022-10-20
JBBB,Janus Henderson B-BBB CLO ETF,2022-10-20
KOCT,Innovator U.S. Small Cap Power Buffer ETF - October,2022-10-20
TBJL,Innovator 20+ Year Treasury Bond 9 Buffer ETF - July,2022-10-20
VNM,VanEck Vietnam ETF,2022-10-20
XSEP,FT Cboe Vest U.S. Equity Enhance & Moderate Buffer ETF - September,2022-10-20
YSEP,FT Cboe Vest International Equity Buffer ETF - September,2022-10-20
FMIL,Fidelity New Millennium ETF,2022-10-21
FYLD,Cambria Foreign Shareholder Yield ETF,2022-10-21
KOCT,Innovator U.S. Small Cap Power Buffer ETF - October,2022-10-21
TBJL,Innovator 20+ Year Treasury Bond 9 Buffer ETF - July,2022-10-21
XSEP,FT Cboe Vest U.S. Equity Enhance & Moderate Buffer ETF - September,2022-10-21
YSEP,FT Cboe Vest International Equity Buffer ETF - September,2022-10-21
FMIL,Fidelity New Millennium ETF,2022-10-24
FYLD,Cambria Foreign Shareholder Yield ETF,2022-10-24
IPDP,Dividend Performers ETF,2022-10-24
KOCT,Innovator U.S. Small Cap Power Buffer ETF - October,2022-10-24
TBJL,Innovator 20+ Year Treasury Bond 9 Buffer ETF - July,2022-10-24
XSEP,FT Cboe Vest U.S. Equity Enhance & Moderate Buffer ETF - September,2022-10-24
YSEP,FT Cboe Vest International Equity Buffer ETF - September,2022-10-24
FMIL,Fidelity New Millennium ETF,2022-10-25
FYLD,Cambria Foreign Shareholder Yield ETF,2022-10-25
IPDP,Dividend Performers ETF,2022-10-25
KOCT,Innovator U.S. Small Cap Power Buffer ETF - October,2022-10-25
TBJL,Innovator 20+ Year Treasury Bond 9 Buffer ETF - July,2022-10-25
XSEP,FT Cboe Vest U.S. Equity Enhance & Moderate Buffer ETF - September,2022-10-25
YSEP,FT Cboe Vest International Equity Buffer ETF - September,2022-10-25
FMIL,Fidelity New Millennium ETF,2022-10-26
FYLD,Cambria Foreign Shareholder Yield ETF,2022-10-26
IPDP,Dividend Performers ETF,2022-10-26
KOCT,Innovator U.S. Small Cap Power Buffer ETF - October,2022-10-26
TBJL,Innovator 20+ Year Treasury Bond 9 Buffer ETF - July,2022-10-26
XSEP,FT Cboe Vest U.S. Equity Enhance & Moderate Buffer ETF - September,2022-10-26
YSEP,FT Cboe Vest International Equity Buffer ETF - September,2022-10-26
FMIL,Fidelity New Millennium ETF,2022-10-27
FYLD,Cambria Foreign Shareholder Yield ETF,2022-10-27
IPDP,Dividend Performers ETF,2022-10-27
KOCT,Innovator U.S. Small Cap Power Buffer ETF - October,2022-10-27
TBJL,Innovator 20+ Year Treasury Bond 9 Buffer ETF - July,2022-10-27
XSEP,FT Cboe Vest U.S. Equity Enhance & Moderate Buffer ETF - September,2022-10-27
YSEP,FT Cboe Vest International Equity Buffer ETF - September,2022-10-27
DUSA,Davis Select U.S. Equity ETF,2022-10-28
FMIL,Fidelity New Millennium ETF,2022-10-28
FYLD,Cambria Foreign Shareholder Yield ETF,2022-10-28
IPDP,Dividend Performers ETF,2022-10-28
KOCT,Innovator U.S. Small Cap Power Buffer ETF - October,2022-10-28
UVXY,ProShares Ultra VIX Short-Term Futures ETF,2022-10-28
XSEP,FT Cboe Vest U.S. Equity Enhance & Moderate Buffer ETF - September,2022-10-28
YSEP,FT Cboe Vest International Equity Buffer ETF - September,2022-10-28
DUSA,Davis Select U.S. Equity ETF,2022-10-31
FMIL,Fidelity New Millennium ETF,2022-10-31
FYLD,Cambria Foreign Shareholder Yield ETF,2022-10-31
IPDP,Dividend Performers ETF,2022-10-31
KOCT,Innovator U.S. Small Cap Power Buffer ETF - October,2022-10-31
UVXY,ProShares Ultra VIX Short-Term Futures ETF,2022-10-31
XSEP,FT Cboe Vest U.S. Equity Enhance & Moderate Buffer ETF - September,2022-10-31
YSEP,FT Cboe Vest International Equity Buffer ETF - September,2022-10-31
DUSA,Davis Select U.S. Equity ETF,2022-11-01
FMIL,Fidelity New Millennium ETF,2022-11-01
KOCT,Innovator U.S. Small Cap Power Buffer ETF - October,2022-11-01
UVXY,ProShares Ultra VIX Short-Term Futures ETF,2022-11-01
XSEP,FT Cboe Vest U.S. Equity Enhance & Moderate Buffer ETF - September,2022-11-01
YSEP,FT Cboe Vest International Equity Buffer ETF - September,2022-11-01
DUSA,Davis Select U.S. Equity ETF,2022-11-02
EMCA,Emerge EMPWR Sustainable Dividend Equity ETF,2022-11-02
KOCT,Innovator U.S. Small Cap Power Buffer ETF - October,2022-11-02
UVXY,ProShares Ultra VIX Short-Term Futures ETF,2022-11-02
XSEP,FT Cboe Vest U.S. Equity Enhance & Moderate Buffer ETF - September,2022-11-02
YSEP,FT Cboe Vest International Equity Buffer ETF - September,2022-11-02
DUSA,Davis Select U.S. Equity ETF,2022-11-03
EMCA,Emerge EMPWR Sustainable Dividend Equity ETF,2022-11-03
HYD,VanEck High Yield Muni ETF,2022-11-03
UVXY,ProShares Ultra VIX Short-Term Futures ETF,2022-11-03
XSEP,FT Cboe Vest U.S. Equity Enhance & Moderate Buffer ETF - September,2022-11-03
YSEP,FT Cboe Vest International Equity Buffer ETF - September,2022-11-03
DUSA,Davis Select U.S. Equity ETF,2022-11-04
EMCA,Emerge EMPWR Sustainable Dividend Equity ETF,2022-11-04
HYD,VanEck High Yield Muni ETF,2022-11-04
QCON,American Century Quality Convertible Securities ETF,2022-11-04
UVXY,ProShares Ultra VIX Short-Term Futures ETF,2022-11-04
VCEB,Vanguard ESG U.S. Corporate Bond ETF,2022-11-04
XSEP,FT Cboe Vest U.S. Equity Enhance & Moderate Buffer ETF - September,2022-11-04
YSEP,FT Cboe Vest International Equity Buffer ETF - September,2022-11-04
DUSA,Davis Select U.S. Equity ETF,2022-11-07
EMCA,Emerge EMPWR Sustainable Dividend Equity ETF,2022-11-07
HYD,VanEck High Yield Muni ETF,2022-11-07
QCON,American Century Quality Convertible Securities ETF,2022-11-07
UVXY,ProShares Ultra VIX Short-Term Futures ETF,2022-11-07
VCEB,Vanguard ESG U.S. Corporate Bond ETF,2022-11-07
XSEP,FT Cboe Vest U.S. Equity Enhance & Moderate Buffer ETF - September,2022-11-07
YSEP,FT Cboe Vest International Equity Buffer ETF - September,2022-11-07
DUSA,Davis Select U.S. Equity ETF,2022-11-08
EMCA,Emerge EMPWR Sustainable Dividend Equity ETF,2022-11-08
HYD,VanEck High Yield Muni ETF,2022-11-08
QCON,American Century Quality Convertible Securities ETF,2022-11-08
RDVI,FT Cboe Vest Rising Dividend Achievers Target Income ETF,2022-11-08
UVXY,ProShares Ultra VIX Short-Term Futures ETF,2022-11-08
VCEB,Vanguard ESG U.S. Corporate Bond ETF,2022-11-08
XSEP,FT Cboe Vest U.S. Equity Enhance & Moderate Buffer ETF - September,2022-11-08
YSEP,FT Cboe Vest International Equity Buffer ETF - September,2022-11-08
DUSA,Davis Select U.S. Equity ETF,2022-11-09
EMCA,Emerge EMPWR Sustainable Dividend Equity ETF,2022-11-09
HYD,VanEck High Yield Muni ETF,2022-11-09
QCON,American Century Quality Convertible Securities ETF,2022-11-09
RDVI,FT Cboe Vest Rising Dividend Achievers Target Income ETF,2022-11-09
UVXY,ProShares Ultra VIX Short-Term Futures ETF,2022-11-09
VCEB,Vanguard ESG U.S. Corporate Bond ETF,2022-11-09
XSEP,FT Cboe Vest U.S. Equity Enhance & Moderate Buffer ETF - September,2022-11-09
YSEP,FT Cboe Vest International Equity Buffer ETF - September,2022-11-09
DDWM,WisdomTree Dynamic Currency Hedged International Equity Fund,2022-11-10
EMCA,Emerge EMPWR Sustainable Dividend Equity ETF,2022-11-10
HYD,VanEck High Yield Muni ETF,2022-11-10
QCON,American Century Quality Convertible Securities ETF,2022-11-10
RDVI,FT Cboe Vest Rising Dividend Achievers Target Income ETF,2022-11-10
UVXY,ProShares Ultra VIX Short-Term Futures ETF,2022-11-10
VCEB,Vanguard ESG U.S. Corporate Bond ETF,2022-11-10
XSEP,FT Cboe Vest U.S. Equity Enhance & Moderate Buffer ETF - September,2022-11-10
BUFB,Innovator Laddered Allocation Buffer ETF,2022-11-14
DDWM,WisdomTree Dynamic Currency Hedged International Equity Fund,2022-11-14
EMCA,Emerge EMPWR Sustainable Dividend Equity ETF,2022-11-14
QCON,American Century Quality Convertible Securities ETF,2022-11-14
RDVI,FT Cboe Vest Rising Dividend Achievers Target Income ETF,2022-11-14
UVXY,ProShares Ultra VIX Short-Term Futures ETF,2022-11-14
VCEB,Vanguard ESG U.S. Corporate Bond ETF,2022-11-14
XSEP,FT Cboe Vest U.S. Equity Enhance & Moderate Buffer ETF - September,2022-11-14
BUFB,Innovator Laddered Allocation Buffer ETF,2022-11-15
DDWM,WisdomTree Dynamic Currency Hedged International Equity Fund,2022-11-15
EMCA,Emerge EMPWR Sustainable Dividend Equity ETF,2022-11-15
QCON,American Century Quality Convertible Securities ETF,2022-11-15
RDVI,FT Cboe Vest Rising Dividend Achievers Target Income ETF,2022-11-15
UVXY,ProShares Ultra VIX Short-Term Futures ETF,2022-11-15
XSEP,FT Cboe Vest U.S. Equity Enhance & Moderate Buffer ETF - September,2022-11-15
BUFB,Innovator Laddered Allocation Buffer ETF,2022-11-16
DDWM,WisdomTree Dynamic Currency Hedged International Equity Fund,2022-11-16
QCON,American Century Quality Convertible Securities ETF,2022-11-16
RDVI,FT Cboe Vest Rising Dividend Achievers Target Income ETF,2022-11-16
UVXY,ProShares Ultra VIX Short-Term Futures ETF,2022-11-16
XSEP,FT Cboe Vest U.S. Equity Enhance & Moderate Buffer ETF - September,2022-11-16
BUFB,Innovator Laddered Allocation Buffer ETF,2022-11-17
DDWM,WisdomTree Dynamic Currency Hedged International Equity Fund,2022-11-17
FYLD,Cambria Foreign Shareholder Yield ETF,2022-11-17
QCON,American Century Quality Convertible Securities ETF,2022-11-17
RDVI,FT Cboe Vest Rising Dividend Achievers Target Income ETF,2022-11-17
XSEP,FT Cboe Vest U.S. Equity Enhance & Moderate Buffer ETF - September,2022-11-17
BUFB,Innovator Laddered Allocation Buffer ETF,2022-11-18
DDWM,WisdomTree Dynamic Currency Hedged International Equity Fund,2022-11-18
FYLD,Cambria Foreign Shareholder Yield ETF,2022-11-18
QCON,American Century Quality Convertible Securities ETF,2022-11-18
UFEB,Innovator U.S. Equity Ultra Buffer ETF - February,2022-11-18
XSEP,FT Cboe Vest U.S. Equity Enhance & Moderate Buffer ETF - September,2022-11-18
BUFB,Innovator Laddered Allocation Buffer ETF,2022-11-21
DDWM,WisdomTree Dynamic Currency Hedged International Equity Fund,2022-11-21
FYLD,Cambria Foreign Shareholder Yield ETF,2022-11-21
QCON,American Century Quality Convertible Securities ETF,2022-11-21
UFEB,Innovator U.S. Equity Ultra Buffer ETF - February,2022-11-21
VNM,VanEck Vietnam ETF,2022-11-21
BUFB,Innovator Laddered Allocation Buffer ETF,2022-11-22
BUFQ,FT Cboe Vest Fund of Nasdaq-100 Buffer ETFs,2022-11-22
DDWM,WisdomTree Dynamic Currency Hedged International Equity Fund,2022-11-22
FYLD,Cambria Foreign Shareholder Yield ETF,2022-11-22
IBHE,iShares iBonds 2025 Term High Yield and Income ETF,2022-11-22
UFEB,Innovator U.S. Equity Ultra Buffer ETF - February,2022-11-22
VNM,VanEck Vietnam ETF,2022-11-22
BUFB,Innovator Laddered Allocation Buffer ETF,2022-11-23
BUFQ,FT Cboe Vest Fund of Nasdaq-100 Buffer ETFs,2022-11-23
DDWM,WisdomTree Dynamic Currency Hedged International Equity Fund,2022-11-23
FYLD,Cambria Foreign Shareholder Yield ETF,2022-11-23
IBHE,iShares iBonds 2025 Term High Yield and Income ETF,2022-11-23
TMAT,Main Thematic Innovation ETF,2022-11-23
UFEB,Innovator U.S. Equity Ultra Buffer ETF - February,2022-11-23
VNM,VanEck Vietnam ETF,2022-11-23
BUFB,Innovator Laddered Allocation Buffer ETF,2022-11-25
BUFQ,FT Cboe Vest Fund of Nasdaq-100 Buffer ETFs,2022-11-25
DDWM,WisdomTree Dynamic Currency Hedged International Equity Fund,2022-11-25
FYLD,Cambria Foreign Shareholder Yield ETF,2022-11-25
IBHE,iShares iBonds 2025 Term High Yield and Income ETF,2022-11-25
TMAT,Main Thematic Innovation ETF,2022-11-25
UFEB,Innovator U.S. Equity Ultra Buffer ETF - February,2022-11-25
VNM,VanEck Vietnam ETF,2022-11-25
BUFB,Innovator Laddered Allocation Buffer ETF,2022-11-28
BUFQ,FT Cboe Vest Fund of Nasdaq-100 Buffer ETFs,2022-11-28
GMOM,Cambria Global Momentum ETF,2022-11-28
IBHE,iShares iBonds 2025 Term High Yield and Income ETF,2022-11-28
TMAT,Main Thematic Innovation ETF,2022-11-28
UFEB,Innovator U.S. Equity Ultra Buffer ETF - February,2022-11-28
VNM,VanEck Vietnam ETF,2022-11-28
BUFB,Innovator Laddered Allocation Buffer ETF,2022-11-29
BUFQ,FT Cboe Vest Fund of Nasdaq-100 Buffer ETFs,2022-11-29
GMOM,Cambria Global Momentum ETF,2022-11-29
IBHE,iShares iBonds 2025 Term High Yield and Income ETF,2022-11-29
TMAT,Main Thematic Innovation ETF,2022-11-29
UFEB,Innovator U.S. Equity Ultra Buffer ETF - February,2022-11-29
VNM,VanEck Vietnam ETF,2022-11-29
BUFB,Innovator Laddered Allocation Buffer ETF,2022-11-30
BUFQ,FT Cboe Vest Fund of Nasdaq-100 Buffer ETFs,2022-11-30
GMOM,Cambria Global Momentum ETF,2022-11-30
IBHE,iShares iBonds 2025 Term High Yield and Income ETF,2022-11-30
RDVI,FT Cboe Vest Rising Dividend Achievers Target Income ETF,2022-11-30
TMAT,Main Thematic Innovation ETF,2022-11-30
BUFB,Innovator Laddered Allocation Buffer ETF,2022-12-01
GMOM,Cambria Global Momentum ETF,2022-12-01
IBHE,iShares iBonds 2025 Term High Yield and Income ETF,2022-12-01
RDVI,FT Cboe Vest Rising Dividend Achievers Target Income ETF,2022-12-01
TMAT,Main Thematic Innovation ETF,2022-12-01
BUFB,Innovator Laddered Allocation Buffer ETF,2022-12-02
GMOM,Cambria Global Momentum ETF,2022-12-02
IBHE,iShares iBonds 2025 Term High Yield and Income ETF,2022-12-02
RDVI,FT Cboe Vest Rising Dividend Achievers Target Income ETF,2022-12-02
GMOM,Cambria Global Momentum ETF,2022-12-05
IBHE,iShares iBonds 2025 Term High Yield and Income ETF,2022-12-05
RDVI,FT Cboe Vest Rising Dividend Achievers Target Income ETF,2022-12-05
GMOM,Cambria Global Momentum ETF,2022-12-06
RDVI,FT Cboe Vest Rising Dividend Achievers Target Income ETF,2022-12-06
GMOM,Cambria Global Momentum ETF,2022-12-07
RDVI,FT Cboe Vest Rising Dividend Achievers Target Income ETF,2022-12-07
GMOM,Cambria Global Momentum ETF,2022-12-08
RDVI,FT Cboe Vest Rising Dividend Achievers Target Income ETF,2022-12-08
GMOM,Cambria Global Momentum ETF,2022-12-09
RDVI,FT Cboe Vest Rising Dividend Achievers Target Income ETF,2022-12-09
YPS,Arrow Reverse Cap 500 ETF,2022-12-09
GMOM,Cambria Global Momentum ETF,2022-12-12
RDVI,FT Cboe Vest Rising Dividend Achievers Target Income ETF,2022-12-12
YPS,Arrow Reverse Cap 500 ETF,2022-12-12
GMOM,Cambria Global Momentum ETF,2022-12-13
HIDE,Alpha Architect High Inflation and Deflation ETF,2022-12-13
RDVI,FT Cboe Vest Rising Dividend Achievers Target Income ETF,2022-12-13
YPS,Arrow Reverse Cap 500 ETF,2022-12-13
GMOM,Cambria Global Momentum ETF,2022-12-14
HIDE,Alpha Architect High Inflation and Deflation ETF,2022-12-14
RDVI,FT Cboe Vest Rising Dividend Achievers Target Income ETF,2022-12-14
YPS,Arrow Reverse Cap 500 ETF,2022-12-14
GMOM,Cambria Global Momentum ETF,2022-12-15
HIDE,Alpha Architect High Inflation and Deflation ETF,2022-12-15
RDVI,FT Cboe Vest Rising Dividend Achievers Target Income ETF,2022-12-15
YPS,Arrow Reverse Cap 500 ETF,2022-12-15
GMOM,Cambria Global Momentum ETF,2022-12-16
HIDE,Alpha Architect High Inflation and Deflation ETF,2022-12-16
RDVI,FT Cboe Vest Rising Dividend Achievers Target Income ETF,2022-12-16
YPS,Arrow Reverse Cap 500 ETF,2022-12-16
FRDM,Freedom 100 Emerging Markets ETF,2022-12-19
GMOM,Cambria Global Momentum ETF,2022-12-19
HIDE,Alpha Architect High Inflation and Deflation ETF,2022-12-19
RDVI,FT Cboe Vest Rising Dividend Achievers Target Income ETF,2022-12-19
YPS,Arrow Reverse Cap 500 ETF,2022-12-19
FRDM,Freedom 100 Emerging Markets ETF,2022-12-20
GMOM,Cambria Global Momentum ETF,2022-12-20
HIDE,Alpha Architect High Inflation and Deflation ETF,2022-12-20
PSMB,Invesco Balanced Multi-Asset Allocation ETF,2022-12-20
RDVI,FT Cboe Vest Rising Dividend Achievers Target Income ETF,2022-12-20
UDEC,Innovator U.S. Equity Ultra Buffer ETF - December,2022-12-20
YPS,Arrow Reverse Cap 500 ETF,2022-12-20
FRDM,Freedom 100 Emerging Markets ETF,2022-12-21
PSMB,Invesco Balanced Multi-Asset Allocation ETF,2022-12-21
QVOY,Q3 All-Season Active Rotation ETF,2022-12-21
RDVI,FT Cboe Vest Rising Dividend Achievers Target Income ETF,2022-12-21
UDEC,Innovator U.S. Equity Ultra Buffer ETF - December,2022-12-21
YPS,Arrow Reverse Cap 500 ETF,2022-12-21
FRDM,Freedom 100 Emerging Markets ETF,2022-12-22
PBND,Invesco PureBeta US Aggregate Bond ETF,2022-12-22
PSMB,Invesco Balanced Multi-Asset Allocation ETF,2022-12-22
PSMC,Invesco Conservative Multi-Asset Allocation ETF,2022-12-22
QVOY,Q3 All-Season Active Rotation ETF,2022-12-22
RDVI,FT Cboe Vest Rising Dividend Achievers Target Income ETF,2022-12-22
UDEC,Innovator U.S. Equity Ultra Buffer ETF - December,2022-12-22
WEED,Roundhill Cannabis ETF,2022-12-22
YPS,Arrow Reverse Cap 500 ETF,2022-12-22
FRDM,Freedom 100 Emerging Markets ETF,2022-12-23
PBND,Invesco PureBeta US Aggregate Bond ETF,2022-12-23
PSMB,Invesco Balanced Multi-Asset Allocation ETF,2022-12-23
PSMC,Invesco Conservative Multi-Asset Allocation ETF,2022-12-23
QVOY,Q3 All-Season Active Rotation ETF,2022-12-23
RDVI,FT Cboe Vest Rising Dividend Achievers Target Income ETF,2022-12-23
SVIX,-1x Short VIX Futures ETF,2022-12-23
UDEC,Innovator U.S. Equity Ultra Buffer ETF - December,2022-12-23
WEED,Roundhill Cannabis ETF,2022-12-23
YPS,Arrow Reverse Cap 500 ETF,2022-12-23
FRDM,Freedom 100 Emerging Markets ETF,2022-12-27
PBND,Invesco PureBeta US Aggregate Bond ETF,2022-12-27
PSMB,Invesco Balanced Multi-Asset Allocation ETF,2022-12-27
PSMC,Invesco Conservative Multi-Asset Allocation ETF,2022-12-27
QVOY,Q3 All-Season Active Rotation ETF,2022-12-27
RDVI,FT Cboe Vest Rising Dividend Achievers Target Income ETF,2022-12-27
SVIX,-1x Short VIX Futures ETF,2022-12-27
UDEC,Innovator U.S. Equity Ultra Buffer ETF - December,2022-12-27
WEED,Roundhill Cannabis ETF,2022-12-27
YPS,Arrow Reverse Cap 500 ETF,2022-12-27
FRDM,Freedom 100 Emerging Markets ETF,2022-12-28
PBND,Invesco PureBeta US Aggregate Bond ETF,2022-12-28
PSMB,Invesco Balanced Multi-Asset Allocation ETF,2022-12-28
PSMC,Invesco Conservative Multi-Asset Allocation ETF,2022-12-28
QVOY,Q3 All-Season Active Rotation ETF,2022-12-28
RDVI,FT Cboe Vest Rising Dividend Achievers Target Income ETF,2022-12-28
SVIX,-1x Short VIX Futures ETF,2022-12-28
UDEC,Innovator U.S. Equity Ultra Buffer ETF - December,2022-12-28
WEED,Roundhill Cannabis ETF,2022-12-28
YPS,Arrow Reverse Cap 500 ETF,2022-12-28
FRDM,Freedom 100 Emerging Markets ETF,2022-12-29
PBND,Invesco PureBeta US Aggregate Bond ETF,2022-12-29
PSMC,Invesco Conservative Multi-Asset Allocation ETF,2022-12-29
QVOY,Q3 All-Season Active Rotation ETF,2022-12-29
RDVI,FT Cboe Vest Rising Dividend Achievers Target Income ETF,2022-12-29
SVIX,-1x Short VIX Futures ETF,2022-12-29
UDEC,Innovator U.S. Equity Ultra Buffer ETF - December,2022-12-29
WEED,Roundhill Cannabis ETF,2022-12-29
YPS,Arrow Reverse Cap 500 ETF,2022-12-29
FRDM,Freedom 100 Emerging Markets ETF,2022-12-30
PBND,Invesco PureBeta US Aggregate Bond ETF,2022-12-30
PSMC,Invesco Conservative Multi-Asset Allocation ETF,2022-12-30
QVOY,Q3 All-Season Active Rotation ETF,2022-12-30
RDVI,FT Cboe Vest Rising Dividend Achievers Target Income ETF,2022-12-30
SVIX,-1x Short VIX Futures ETF,2022-12-30
WEED,Roundhill Cannabis ETF,2022-12-30
YPS,Arrow Reverse Cap 500 ETF,2022-12-30
FRDM,Freedom 100 Emerging Markets ETF,2023-01-03
RDVI,FT Cboe Vest Rising Dividend Achievers Target Income ETF,2023-01-03
SVIX,-1x Short VIX Futures ETF,2023-01-03
WEED,Roundhill Cannabis ETF,2023-01-03
YPS,Arrow Reverse Cap 500 ETF,2023-01-03
FRDM,Freedom 100 Emerging Markets ETF,2023-01-04
RDVI,FT Cboe Vest Rising Dividend Achievers Target Income ETF,2023-01-04
SVIX,-1x Short VIX Futures ETF,2023-01-04
WEED,Roundhill Cannabis ETF,2023-01-04
YPS,Arrow Reverse Cap 500 ETF,2023-01-04
FRDM,Freedom 100 Emerging Markets ETF,2023-01-05
RDVI,FT Cboe Vest Rising Dividend Achievers Target Income ETF,2023-01-05
SVIX,-1x Short VIX Futures ETF,2023-01-05
WEED,Roundhill Cannabis ETF,2023-01-05
FRDM,Freedom 100 Emerging Markets ETF,2023-01-06
RDVI,FT Cboe Vest Rising Dividend Achievers Target Income ETF,2023-01-06
SVIX,-1x Short VIX Futures ETF,2023-01-06
WEED,Roundhill Cannabis ETF,2023-01-06
FRDM,Freedom 100 Emerging Markets ETF,2023-01-09
RDVI,FT Cboe Vest Rising Dividend Achievers Target Income ETF,2023-01-09
SVIX,-1x Short VIX Futures ETF,2023-01-09
WEED,Roundhill Cannabis ETF,2023-01-09
FRDM,Freedom 100 Emerging Markets ETF,2023-01-10
NJAN,Innovator Growth-100 Power Buffer ETF - January,2023-01-10
RDVI,FT Cboe Vest Rising Dividend Achievers Target Income ETF,2023-01-10
SVIX,-1x Short VIX Futures ETF,2023-01-10
WEED,Roundhill Cannabis ETF,2023-01-10
FRDM,Freedom 100 Emerging Markets ETF,2023-01-11
NJAN,Innovator Growth-100 Power Buffer ETF - January,2023-01-11
RDVI,FT Cboe Vest Rising Dividend Achievers Target Income ETF,2023-01-11
SVIX,-1x Short VIX Futures ETF,2023-01-11
WEED,Roundhill Cannabis ETF,2023-01-11
FRDM,Freedom 100 Emerging Markets ETF,2023-01-12
NJAN,Innovator Growth-100 Power Buffer ETF - January,2023-01-12
RDVI,FT Cboe Vest Rising Dividend Achievers Target Income ETF,2023-01-12
SVIX,-1x Short VIX Futures ETF,2023-01-12
WEED,Roundhill Cannabis ETF,2023-01-12
FRDM,Freedom 100 Emerging Markets ETF,2023-01-13
NJAN,Innovator Growth-100 Power Buffer ETF - January,2023-01-13
RDVI,FT Cboe Vest Rising Dividend Achievers Target Income ETF,2023-01-13
SVIX,-1x Short VIX Futures ETF,2023-01-13
WEED,Roundhill Cannabis ETF,2023-01-13
FRDM,Freedom 100 Emerging Markets ETF,2023-01-17
NJAN,Innovator Growth-100 Power Buffer ETF - January,2023-01-17
RDVI,FT Cboe Vest Rising Dividend Achievers Target Income ETF,2023-01-17
SVIX,-1x Short VIX Futures ETF,2023-01-17
FRDM,Freedom 100 Emerging Markets ETF,2023-01-18
NJAN,Innovator Growth-100 Power Buffer ETF - January,2023-01-18
RDVI,FT Cboe Vest Rising Dividend Achievers Target Income ETF,2023-01-18
SVIX,-1x Short VIX Futures ETF,2023-01-18
NJAN,Innovator Growth-100 Power Buffer ETF - January,2023-01-19
RDVI,FT Cboe Vest Rising Dividend Achievers Target Income ETF,2023-01-19
SVIX,-1x Short VIX Futures ETF,2023-01-19
NJAN,Innovator Growth-100 Power Buffer ETF - January,2023-01-20
RDVI,FT Cboe Vest Rising Dividend Achievers Target Income ETF,2023-01-20
SVIX,-1x Short VIX Futures ETF,2023-01-20
GAA,Cambria Global Asset Allocation ETF,2023-01-23
GHTA,Goose Hollow Tactical Allocation ETF,2023-01-23
IGRO,iShares International Dividend Growth ETF,2023-01-23
NJAN,Innovator Growth-100 Power Buffer ETF - January,2023-01-23
RDVI,FT Cboe Vest Rising Dividend Achievers Target Income ETF,2023-01-23
SVIX,-1x Short VIX Futures ETF,2023-01-23
GAA,Cambria Global Asset Allocation ETF,2023-01-24
GHTA,Goose Hollow Tactical Allocation ETF,2023-01-24
IGRO,iShares International Dividend Growth ETF,2023-01-24
NJAN,Innovator Growth-100 Power Buffer ETF - January,2023-01-24
RDVI,FT Cboe Vest Rising Dividend Achievers Target Income ETF,2023-01-24
SVIX,-1x Short VIX Futures ETF,2023-01-24
GAA,Cambria Global Asset Allocation ETF,2023-01-25
GHTA,Goose Hollow Tactical Allocation ETF,2023-01-25
IGRO,iShares International Dividend Growth ETF,2023-01-25
MLN,VanEck Long Muni ETF,2023-01-25
NJAN,Innovator Growth-100 Power Buffer ETF - January,2023-01-25
RDVI,FT Cboe Vest Rising Dividend Achievers Target Income ETF,2023-01-25
SVIX,-1x Short VIX Futures ETF,2023-01-25
GAA,Cambria Global Asset Allocation ETF,2023-01-26
GHTA,Goose Hollow Tactical Allocation ETF,2023-01-26
IGRO,iShares International Dividend Growth ETF,2023-01-26
MLN,VanEck Long Muni ETF,2023-01-26
RDVI,FT Cboe Vest Rising Dividend Achievers Target Income ETF,2023-01-26
SVIX,-1x Short VIX Futures ETF,2023-01-26
GAA,Cambria Global Asset Allocation ETF,2023-01-27
GHTA,Goose Hollow Tactical Allocation ETF,2023-01-27
IGRO,iShares International Dividend Growth ETF,2023-01-27
MLN,VanEck Long Muni ETF,2023-01-27
RDVI,FT Cboe Vest Rising Dividend Achievers Target Income ETF,2023-01-27
SVIX,-1x Short VIX Futures ETF,2023-01-27
GAA,Cambria Global Asset Allocation ETF,2023-01-30
GHTA,Goose Hollow Tactical Allocation ETF,2023-01-30
IGRO,iShares International Dividend Growth ETF,2023-01-30
MLN,VanEck Long Muni ETF,2023-01-30
RDVI,FT Cboe Vest Rising Dividend Achievers Target Income ETF,2023-01-30
SVIX,-1x Short VIX Futures ETF,2023-01-30
BUYW,Main BuyWrite ETF,2023-01-31
GHTA,Goose Hollow Tactical Allocation ETF,2023-01-31
IGRO,iShares International Dividend Growth ETF,2023-01-31
INTL,Main International ETF,2023-01-31
MLN,VanEck Long Muni ETF,2023-01-31
MOTI,VanEck Morningstar International Moat ETF,2023-01-31
RDVI,FT Cboe Vest Rising Dividend Achievers Target Income ETF,2023-01-31
SVIX,-1x Short VIX Futures ETF,2023-01-31
BUYW,Main BuyWrite ETF,2023-02-01
IGRO,iShares International Dividend Growth ETF,2023-02-01
INTL,Main International ETF,2023-02-01
MLN,VanEck Long Muni ETF,2023-02-01
MOTI,VanEck Morningstar International Moat ETF,2023-02-01
RDVI,FT Cboe Vest Rising Dividend Achievers Target Income ETF,2023-02-01
SVIX,-1x Short VIX Futures ETF,2023-02-01
BUYW,Main BuyWrite ETF,2023-02-02
IGRO,iShares International Dividend Growth ETF,2023-02-02
INTL,Main International ETF,2023-02-02
MLN,VanEck Long Muni ETF,2023-02-02
MOTI,VanEck Morningstar International Moat ETF,2023-02-02
RDVI,FT Cboe Vest Rising Dividend Achievers Target Income ETF,2023-02-02
SVIX,-1x Short VIX Futures ETF,2023-02-02
BUYW,Main BuyWrite ETF,2023-02-03
IGRO,iShares International Dividend Growth ETF,2023-02-03
INTL,Main International ETF,2023-02-03
MLN,VanEck Long Muni ETF,2023-02-03
MOTI,VanEck Morningstar International Moat ETF,2023-02-03
RDVI,FT Cboe Vest Rising Dividend Achievers Target Income ETF,2023-02-03
SVIX,-1x Short VIX Futures ETF,2023-02-03
BUYW,Main BuyWrite ETF,2023-02-06
IGRO,iShares International Dividend Growth ETF,2023-02-06
INTL,Main International ETF,2023-02-06
MLN,VanEck Long Muni ETF,2023-02-06
MOTI,VanEck Morningstar International Moat ETF,2023-02-06
RDVI,FT Cboe Vest Rising Dividend Achievers Target Income ETF,2023-02-06
SVIX,-1x Short VIX Futures ETF,2023-02-06
SVXY,ProShares Short VIX Short-Term Futures ETF,2023-02-06
BUYW,Main BuyWrite ETF,2023-02-07
INTL,Main International ETF,2023-02-07
LQDI,iShares Inflation Hedged Corporate Bond ETF,2023-02-07
MLN,VanEck Long Muni ETF,2023-02-07
MOTI,VanEck Morningstar International Moat ETF,2023-02-07
RDVI,FT Cboe Vest Rising Dividend Achievers Target Income ETF,2023-02-07
SVIX,-1x Short VIX Futures ETF,2023-02-07
SVXY,ProShares Short VIX Short-Term Futures ETF,2023-02-07
BUYW,Main BuyWrite ETF,2023-02-08
INTL,Main International ETF,2023-02-08
LQDI,iShares Inflation Hedged Corporate Bond ETF,2023-02-08
MLN,VanEck Long Muni ETF,2023-02-08
MOTI,VanEck Morningstar International Moat ETF,2023-02-08
RDVI,FT Cboe Vest Rising Dividend Achievers Target Income ETF,2023-02-08
SVIX,-1x Short VIX Futures ETF,2023-02-08
SVXY,ProShares Short VIX Short-Term Futures ETF,2023-02-08
BUYW,Main BuyWrite ETF,2023-02-09
FLIA,Franklin International Aggregate Bond ETF,2023-02-09
INTL,Main International ETF,2023-02-09
LQDI,iShares Inflation Hedged Corporate Bond ETF,2023-02-09
MLN,VanEck Long Muni ETF,2023-02-09
MOTI,VanEck Morningstar International Moat ETF,2023-02-09
RDVI,FT Cboe Vest Rising Dividend Achievers Target Income ETF,2023-02-09
SVIX,-1x Short VIX Futures ETF,2023-02-09
SVXY,ProShares Short VIX Short-Term Futures ETF,2023-02-09
BUYW,Main BuyWrite ETF,2023-02-10
FLIA,Franklin International Aggregate Bond ETF,2023-02-10
INTL,Main International ETF,2023-02-10
LQDI,iShares Inflation Hedged Corporate Bond ETF,2023-02-10
MLN,VanEck Long Muni ETF,2023-02-10
MOTI,VanEck Morningstar International Moat ETF,2023-02-10
RDVI,FT Cboe Vest Rising Dividend Achievers Target Income ETF,2023-02-10
SVIX,-1x Short VIX Futures ETF,2023-02-10
SVXY,ProShares Short VIX Short-Term Futures ETF,2023-02-10
BUYW,Main BuyWrite ETF,2023-02-13
FLIA,Franklin International Aggregate Bond ETF,2023-02-13
INTL,Main International ETF,2023-02-13
LQDI,iShares Inflation Hedged Corporate Bond ETF,2023-02-13
MOTI,VanEck Morningstar International Moat ETF,2023-02-13
RDVI,FT Cboe Vest Rising Dividend Achievers Target Income ETF,2023-02-13
SVIX,-1x Short VIX Futures ETF,2023-02-13
SVXY,ProShares Short VIX Short-Term Futures ETF,2023-02-13
BUYW,Main BuyWrite ETF,2023-02-14
FLIA,Franklin International Aggregate Bond ETF,2023-02-14
LQDI,iShares Inflation Hedged Corporate Bond ETF,2023-02-14
MOTI,VanEck Morningstar International Moat ETF,2023-02-14
RDVI,FT Cboe Vest Rising Dividend Achievers Target Income ETF,2023-02-14
SVIX,-1x Short VIX Futures ETF,2023-02-14
SVXY,ProShares Short VIX Short-Term Futures ETF,2023-02-14
BUYW,Main BuyWrite ETF,2023-02-15
FLIA,Franklin International Aggregate Bond ETF,2023-02-15
LQDI,iShares Inflation Hedged Corporate Bond ETF,2023-02-15
MOTI,VanEck Morningstar International Moat ETF,2023-02-15
RDVI,FT Cboe Vest Rising Dividend Achievers Target Income ETF,2023-02-15
SVIX,-1x Short VIX Futures ETF,2023-02-15
SVXY,ProShares Short VIX Short-Term Futures ETF,2023-02-15
BUFQ,FT Cboe Vest Fund of Nasdaq-100 Buffer ETFs,2023-02-16
BUYW,Main BuyWrite ETF,2023-02-16
FLIA,Franklin International Aggregate Bond ETF,2023-02-16
LQDI,iShares Inflation Hedged Corporate Bond ETF,2023-02-16
MOTI,VanEck Morningstar International Moat ETF,2023-02-16
RDVI,FT Cboe Vest Rising Dividend Achievers Target Income ETF,2023-02-16
SVIX,-1x Short VIX Futures ETF,2023-02-16
SVXY,ProShares Short VIX Short-Term Futures ETF,2023-02-16
BUFQ,FT Cboe Vest Fund of Nasdaq-100 Buffer ETFs,2023-02-17
FLIA,Franklin International Aggregate Bond ETF,2023-02-17
LQDI,iShares Inflation Hedged Corporate Bond ETF,2023-02-17
RDVI,FT Cboe Vest Rising Dividend Achievers Target Income ETF,2023-02-17
SVIX,-1x Short VIX Futures ETF,2023-02-17
SVXY,ProShares Short VIX Short-Term Futures ETF,2023-02-17
BUFQ,FT Cboe Vest Fund of Nasdaq-100 Buffer ETFs,2023-02-21
FLIA,Franklin International Aggregate Bond ETF,2023-02-21
LQDI,iShares Inflation Hedged Corporate Bond ETF,2023-02-21
MLN,VanEck Long Muni ETF,2023-02-21
RDVI,FT Cboe Vest Rising Dividend Achievers Target Income ETF,2023-02-21
SVIX,-1x Short VIX Futures ETF,2023-02-21
SVXY,ProShares Short VIX Short-Term Futures ETF,2023-02-21
BUFQ,FT Cboe Vest Fund of Nasdaq-100 Buffer ETFs,2023-02-22
FLIA,Franklin International Aggregate Bond ETF,2023-02-22
MLN,VanEck Long Muni ETF,2023-02-22
RDVI,FT Cboe Vest Rising Dividend Achievers Target Income ETF,2023-02-22
SVIX,-1x Short VIX Futures ETF,2023-02-22
SVXY,ProShares Short VIX Short-Term Futures ETF,2023-02-22
BUFQ,FT Cboe Vest Fund of Nasdaq-100 Buffer ETFs,2023-02-23
FLIA,Franklin International Aggregate Bond ETF,2023-02-23
MLN,VanEck Long Muni ETF,2023-02-23
RDVI,FT Cboe Vest Rising Dividend Achievers Target Income ETF,2023-02-23
SVIX,-1x Short VIX Futures ETF,2023-02-23
SVXY,ProShares Short VIX Short-Term Futures ETF,2023-02-23
BUFQ,FT Cboe Vest Fund of Nasdaq-100 Buffer ETFs,2023-02-24
FLIA,Franklin International Aggregate Bond ETF,2023-02-24
MLN,VanEck Long Muni ETF,2023-02-24
RDVI,FT Cboe Vest Rising Dividend Achievers Target Income ETF,2023-02-24
SVIX,-1x Short VIX Futures ETF,2023-02-24
SVXY,ProShares Short VIX Short-Term Futures ETF,2023-02-24
BUFQ,FT Cboe Vest Fund of Nasdaq-100 Buffer ETFs,2023-02-27
FLIA,Franklin International Aggregate Bond ETF,2023-02-27
MLN,VanEck Long Muni ETF,2023-02-27
MOTI,VanEck Morningstar International Moat ETF,2023-02-27
RDVI,FT Cboe Vest Rising Dividend Achievers Target Income ETF,2023-02-27
SVIX,-1x Short VIX Futures ETF,2023-02-27
SVXY,ProShares Short VIX Short-Term Futures ETF,2023-02-27
XDAT,Franklin Exponential Data ETF,2023-02-27
BUFQ,FT Cboe Vest Fund of Nasdaq-100 Buffer ETFs,2023-02-28
FLIA,Franklin International Aggregate Bond ETF,2023-02-28
MLN,VanEck Long Muni ETF,2023-02-28
MOTI,VanEck Morningstar International Moat ETF,2023-02-28
RDVI,FT Cboe Vest Rising Dividend Achievers Target Income ETF,2023-02-28
SVIX,-1x Short VIX Futures ETF,2023-02-28
SVXY,ProShares Short VIX Short-Term Futures ETF,2023-02-28
XDAT,Franklin Exponential Data ETF,2023-02-28
BUFQ,FT Cboe Vest Fund of Nasdaq-100 Buffer ETFs,2023-03-01
FLIA,Franklin International Aggregate Bond ETF,2023-03-01
MOTI,VanEck Morningstar International Moat ETF,2023-03-01
RDVI,FT Cboe Vest Rising Dividend Achievers Target Income ETF,2023-03-01
SVIX,-1x Short VIX Futures ETF,2023-03-01
SVXY,ProShares Short VIX Short-Term Futures ETF,2023-03-01
XDAT,Franklin Exponential Data ETF,2023-03-01
FLIA,Franklin International Aggregate Bond ETF,2023-03-02
MOTI,VanEck Morningstar International Moat ETF,2023-03-02
RDVI,FT Cboe Vest Rising Dividend Achievers Target Income ETF,2023-03-02
SVIX,-1x Short VIX Futures ETF,2023-03-02
SVXY,ProShares Short VIX Short-Term Futures ETF,2023-03-02
UVIX,2x Long VIX Futures ETF,2023-03-02
XDAT,Franklin Exponential Data ETF,2023-03-02
FLIA,Franklin International Aggregate Bond ETF,2023-03-03
MOTI,VanEck Morningstar International Moat ETF,2023-03-03
RDVI,FT Cboe Vest Rising Dividend Achievers Target Income ETF,2023-03-03
SVIX,-1x Short VIX Futures ETF,2023-03-03
SVXY,ProShares Short VIX Short-Term Futures ETF,2023-03-03
UVIX,2x Long VIX Futures ETF,2023-03-03
XDAT,Franklin Exponential Data ETF,2023-03-03
MOTI,VanEck Morningstar International Moat ETF,2023-03-06
RDVI,FT Cboe Vest Rising Dividend Achievers Target Income ETF,2023-03-06
SVIX,-1x Short VIX Futures ETF,2023-03-06
SVXY,ProShares Short VIX Short-Term Futures ETF,2023-03-06
UVIX,2x Long VIX Futures ETF,2023-03-06
XDAT,Franklin Exponential Data ETF,2023-03-06
MOTI,VanEck Morningstar International Moat ETF,2023-03-07
RDVI,FT Cboe Vest Rising Dividend Achievers Target Income ETF,2023-03-07
SVIX,-1x Short VIX Futures ETF,2023-03-07
SVXY,ProShares Short VIX Short-Term Futures ETF,2023-03-07
UVIX,2x Long VIX Futures ETF,2023-03-07
MOTI,VanEck Morningstar International Moat ETF,2023-03-08
RDVI,FT Cboe Vest Rising Dividend Achievers Target Income ETF,2023-03-08
SVXY,ProShares Short VIX Short-Term Futures ETF,2023-03-08
UVIX,2x Long VIX Futures ETF,2023-03-08
MOTI,VanEck Morningstar International Moat ETF,2023-03-09
MSMR,McElhenny Sheffield Managed Risk ETF,2023-03-09
RDVI,FT Cboe Vest Rising Dividend Achievers Target Income ETF,2023-03-09
SVXY,ProShares Short VIX Short-Term Futures ETF,2023-03-09
UVIX,2x Long VIX Futures ETF,2023-03-09
MOTI,VanEck Morningstar International Moat ETF,2023-03-10
MSMR,McElhenny Sheffield Managed Risk ETF,2023-03-10
RDVI,FT Cboe Vest Rising Dividend Achievers Target Income ETF,2023-03-10
SVXY,ProShares Short VIX Short-Term Futures ETF,2023-03-10
UVIX,2x Long VIX Futures ETF,2023-03-10
MSMR,McElhenny Sheffield Managed Risk ETF,2023-03-13
RDVI,FT Cboe Vest Rising Dividend Achievers Target Income ETF,2023-03-13
SVXY,ProShares Short VIX Short-Term Futures ETF,2023-03-13
UVIX,2x Long VIX Futures ETF,2023-03-13
MSMR,McElhenny Sheffield Managed Risk ETF,2023-03-14
RDVI,FT Cboe Vest Rising Dividend Achievers Target Income ETF,2023-03-14
SVXY,ProShares Short VIX Short-Term Futures ETF,2023-03-14
UVIX,2x Long VIX Futures ETF,2023-03-14
HIDE,Alpha Architect High Inflation and Deflation ETF,2023-03-15
MSMR,McElhenny Sheffield Managed Risk ETF,2023-03-15
RDVI,FT Cboe Vest Rising Dividend Achievers Target Income ETF,2023-03-15
SVXY,ProShares Short VIX Short-Term Futures ETF,2023-03-15
UVIX,2x Long VIX Futures ETF,2023-03-15
HIDE,Alpha Architect High Inflation and Deflation ETF,2023-03-16
MSMR,McElhenny Sheffield Managed Risk ETF,2023-03-16
RDVI,FT Cboe Vest Rising Dividend Achievers Target Income ETF,2023-03-16
SVXY,ProShares Short VIX Short-Term Futures ETF,2023-03-16
UVIX,2x Long VIX Futures ETF,2023-03-16
HIDE,Alpha Architect High Inflation and Deflation ETF,2023-03-17
RDVI,FT Cboe Vest Rising Dividend Achievers Target Income ETF,2023-03-17
SVXY,ProShares Short VIX Short-Term Futures ETF,2023-03-17
UVIX,2x Long VIX Futures ETF,2023-03-17
HIDE,Alpha Architect High Inflation and Deflation ETF,2023-03-20
RDVI,FT Cboe Vest Rising Dividend Achievers Target Income ETF,2023-03-20
SVXY,ProShares Short VIX Short-Term Futures ETF,2023-03-20
UVIX,2x Long VIX Futures ETF,2023-03-20
HIDE,Alpha Architect High Inflation and Deflation ETF,2023-03-21
RDVI,FT Cboe Vest Rising Dividend Achievers Target Income ETF,2023-03-21
SVXY,ProShares Short VIX Short-Term Futures ETF,2023-03-21
UVIX,2x Long VIX Futures ETF,2023-03-21
UVXY,ProShares Ultra VIX Short-Term Futures ETF,2023-03-21
BGLD,FT Cboe Vest Gold Strategy Quarterly Buffer ETF,2023-03-22
HIDE,Alpha Architect High Inflation and Deflation ETF,2023-03-22
RDVI,FT Cboe Vest Rising Dividend Achievers Target Income ETF,2023-03-22
SVXY,ProShares Short VIX Short-Term Futures ETF,2023-03-22
UVIX,2x Long VIX Futures ETF,2023-03-22
UVXY,ProShares Ultra VIX Short-Term Futures ETF,2023-03-22
BGLD,FT Cboe Vest Gold Strategy Quarterly Buffer ETF,2023-03-23
HIDE,Alpha Architect High Inflation and Deflation ETF,2023-03-23
RDVI,FT Cboe Vest Rising Dividend Achievers Target Income ETF,2023-03-23
SVXY,ProShares Short VIX Short-Term Futures ETF,2023-03-23
UVIX,2x Long VIX Futures ETF,2023-03-23
UVXY,ProShares Ultra VIX Short-Term Futures ETF,2023-03-23
BGLD,FT Cboe Vest Gold Strategy Quarterly Buffer ETF,2023-03-24
HIDE,Alpha Architect High Inflation and Deflation ETF,2023-03-24
RDVI,FT Cboe Vest Rising Dividend Achievers Target Income ETF,2023-03-24
SVXY,ProShares Short VIX Short-Term Futures ETF,2023-03-24
UVIX,2x Long VIX Futures ETF,2023-03-24
UVXY,ProShares Ultra VIX Short-Term Futures ETF,2023-03-24
VXX,iPath Series B S&P 500 VIX Short-Term Futures ETN,2023-03-24
BGLD,FT Cboe Vest Gold Strategy Quarterly Buffer ETF,2023-03-27
HIDE,Alpha Architect High Inflation and Deflation ETF,2023-03-27
RDVI,FT Cboe Vest Rising Dividend Achievers Target Income ETF,2023-03-27
UVIX,2x Long VIX Futures ETF,2023-03-27
UVXY,ProShares Ultra VIX Short-Term Futures ETF,2023-03-27
VXX,iPath Series B S&P 500 VIX Short-Term Futures ETN,2023-03-27
BGLD,FT Cboe Vest Gold Strategy Quarterly Buffer ETF,2023-03-28
GMAR,FT Cboe Vest U.S. Equity Moderate Buffer ETF - March,2023-03-28
HIDE,Alpha Architect High Inflation and Deflation ETF,2023-03-28
RDVI,FT Cboe Vest Rising Dividend Achievers Target Income ETF,2023-03-28
UVIX,2x Long VIX Futures ETF,2023-03-28
UVXY,ProShares Ultra VIX Short-Term Futures ETF,2023-03-28
VXX,iPath Series B S&P 500 VIX Short-Term Futures ETN,2023-03-28
BGLD,FT Cboe Vest Gold Strategy Quarterly Buffer ETF,2023-03-29
GMAR,FT Cboe Vest U.S. Equity Moderate Buffer ETF - March,2023-03-29
HIDE,Alpha Architect High Inflation and Deflation ETF,2023-03-29
RDVI,FT Cboe Vest Rising Dividend Achievers Target Income ETF,2023-03-29
UVIX,2x Long VIX Futures ETF,2023-03-29
UVXY,ProShares Ultra VIX Short-Term Futures ETF,2023-03-29
VXX,iPath Series B S&P 500 VIX Short-Term Futures ETN,2023-03-29
BGLD,FT Cboe Vest Gold Strategy Quarterly Buffer ETF,2023-03-30
GMAR,FT Cboe Vest U.S. Equity Moderate Buffer ETF - March,2023-03-30
HIDE,Alpha Architect High Inflation and Deflation ETF,2023-03-30
RDVI,FT Cboe Vest Rising Dividend Achievers Target Income ETF,2023-03-30
UVIX,2x Long VIX Futures ETF,2023-03-30
UVXY,ProShares Ultra VIX Short-Term Futures ETF,2023-03-30
VXX,iPath Series B S&P 500 VIX Short-Term Futures ETN,2023-03-30
GMAR,FT Cboe Vest U.S. Equity Moderate Buffer ETF - March,2023-03-31
HIDE,Alpha Architect High Inflation and Deflation ETF,2023-03-31
PSMC,Invesco Conservative Multi-Asset Allocation ETF,2023-03-31
RDVI,FT Cboe Vest Rising Dividend Achievers Target Income ETF,2023-03-31
UVIX,2x Long VIX Futures ETF,2023-03-31
VXX,iPath Series B S&P 500 VIX Short-Term Futures ETN,2023-03-31
GMAR,FT Cboe Vest U.S. Equity Moderate Buffer ETF - March,2023-04-03
HIDE,Alpha Architect High Inflation and Deflation ETF,2023-04-03
PSMC,Invesco Conservative Multi-Asset Allocation ETF,2023-04-03
RDVI,FT Cboe Vest Rising Dividend Achievers Target Income ETF,2023-04-03
UVIX,2x Long VIX Futures ETF,2023-04-03
VXX,iPath Series B S&P 500 VIX Short-Term Futures ETN,2023-04-03
GMAR,FT Cboe Vest U.S. Equity Moderate Buffer ETF - March,2023-04-04
HIDE,Alpha Architect High Inflation and Deflation ETF,2023-04-04
PSMC,Invesco Conservative Multi-Asset Allocation ETF,2023-04-04
RDVI,FT Cboe Vest Rising Dividend Achievers Target Income ETF,2023-04-04
UVIX,2x Long VIX Futures ETF,2023-04-04
VXX,iPath Series B S&P 500 VIX Short-Term Futures ETN,2023-04-04
GMAR,FT Cboe Vest U.S. Equity Moderate Buffer ETF - March,2023-04-05
HIDE,Alpha Architect High Inflation and Deflation ETF,2023-04-05
PSMC,Invesco Conservative Multi-Asset Allocation ETF,2023-04-05
RDVI,FT Cboe Vest Rising Dividend Achievers Target Income ETF,2023-04-05
UVIX,2x Long VIX Futures ETF,2023-04-05
VXX,iPath Series B S&P 500 VIX Short-Term Futures ETN,2023-04-05
GMAR,FT Cboe Vest U.S. Equity Moderate Buffer ETF - March,2023-04-06
HIDE,Alpha Architect High Inflation and Deflation ETF,2023-04-06
PSMC,Invesco Conservative Multi-Asset Allocation ETF,2023-04-06
RDVI,FT Cboe Vest Rising Dividend Achievers Target Income ETF,2023-04-06
UVIX,2x Long VIX Futures ETF,2023-04-06
VXX,iPath Series B S&P 500 VIX Short-Term Futures ETN,2023-04-06
GMAR,FT Cboe Vest U.S. Equity Moderate Buffer ETF - March,2023-04-10
PSMC,Invesco Conservative Multi-Asset Allocation ETF,2023-04-10
RDVI,FT Cboe Vest Rising Dividend Achievers Target Income ETF,2023-04-10
UVIX,2x Long VIX Futures ETF,2023-04-10
VXX,iPath Series B S&P 500 VIX Short-Term Futures ETN,2023-04-10
BUFQ,FT Cboe Vest Fund of Nasdaq-100 Buffer ETFs,2023-04-11
GMAR,FT Cboe Vest U.S. Equity Moderate Buffer ETF - March,2023-04-11
RDVI,FT Cboe Vest Rising Dividend Achievers Target Income ETF,2023-04-11
UVIX,2x Long VIX Futures ETF,2023-04-11
VXX,iPath Series B S&P 500 VIX Short-Term Futures ETN,2023-04-11
BUFQ,FT Cboe Vest Fund of Nasdaq-100 Buffer ETFs,2023-04-12
IYZ,iShares U.S. Telecommunications ETF,2023-04-12
RDVI,FT Cboe Vest Rising Dividend Achievers Target Income ETF,2023-04-12
UVIX,2x Long VIX Futures ETF,2023-04-12
VXX,iPath Series B S&P 500 VIX Short-Term Futures ETN,2023-04-12
XDSQ,Innovator U.S. Equity Accelerated ETF - Quarterly,2023-04-12
BUFQ,FT Cboe Vest Fund of Nasdaq-100 Buffer ETFs,2023-04-13
IYZ,iShares U.S. Telecommunications ETF,2023-04-13
RDVI,FT Cboe Vest Rising Dividend Achievers Target Income ETF,2023-04-13
SVIX,-1x Short VIX Futures ETF,2023-04-13
UVIX,2x Long VIX Futures ETF,2023-04-13
VXX,iPath Series B S&P 500 VIX Short-Term Futures ETN,2023-04-13
XDSQ,Innovator U.S. Equity Accelerated ETF - Quarterly,2023-04-13
APRQ,Innovator Premium Income 40 Barrier ETF - April,2023-04-14
BUFQ,FT Cboe Vest Fund of Nasdaq-100 Buffer ETFs,2023-04-14
IYZ,iShares U.S. Telecommunications ETF,2023-04-14
QMAR,FT Cboe Vest Nasdaq-100 Buffer ETF - March,2023-04-14
RDVI,FT Cboe Vest Rising Dividend Achievers Target Income ETF,2023-04-14
SVIX,-1x Short VIX Futures ETF,2023-04-14
UVIX,2x Long VIX Futures ETF,2023-04-14
VIXY,ProShares VIX Short-Term Futures ETF,2023-04-14
VXX,iPath Series B S&P 500 VIX Short-Term Futures ETN,2023-04-14
XDSQ,Innovator U.S. Equity Accelerated ETF - Quarterly,2023-04-14
APRJ,Innovator Premium Income 30 Barrier ETF - April,2023-04-17
APRQ,Innovator Premium Income 40 Barrier ETF - April,2023-04-17
BUFQ,FT Cboe Vest Fund of Nasdaq-100 Buffer ETFs,2023-04-17
IYZ,iShares U.S. Telecommunications ETF,2023-04-17
QMAR,FT Cboe Vest Nasdaq-100 Buffer ETF - March,2023-04-17
RDVI,FT Cboe Vest Rising Dividend Achievers Target Income ETF,2023-04-17
RESD,WisdomTree International ESG Fund,2023-04-17
SVIX,-1x Short VIX Futures ETF,2023-04-17
UVIX,2x Long VIX Futures ETF,2023-04-17
VIXY,ProShares VIX Short-Term Futures ETF,2023-04-17
XDSQ,Innovator U.S. Equity Accelerated ETF - Quarterly,2023-04-17
APRJ,Innovator Premium Income 30 Barrier ETF - April,2023-04-18
APRQ,Innovator Premium Income 40 Barrier ETF - April,2023-04-18
BUFQ,FT Cboe Vest Fund of Nasdaq-100 Buffer ETFs,2023-04-18
IYZ,iShares U.S. Telecommunications ETF,2023-04-18
QMAR,FT Cboe Vest Nasdaq-100 Buffer ETF - March,2023-04-18
RDVI,FT Cboe Vest Rising Dividend Achievers Target Income ETF,2023-04-18
RESD,WisdomTree International ESG Fund,2023-04-18
SVIX,-1x Short VIX Futures ETF,2023-04-18
UVIX,2x Long VIX Futures ETF,2023-04-18
VIXY,ProShares VIX Short-Term Futures ETF,2023-04-18
XDSQ,Innovator U.S. Equity Accelerated ETF - Quarterly,2023-04-18
APRJ,Innovator Premium Income 30 Barrier ETF - April,2023-04-19
APRQ,Innovator Premium Income 40 Barrier ETF - April,2023-04-19
BUFQ,FT Cboe Vest Fund of Nasdaq-100 Buffer ETFs,2023-04-19
IYZ,iShares U.S. Telecommunications ETF,2023-04-19
QMAR,FT Cboe Vest Nasdaq-100 Buffer ETF - March,2023-04-19
RDVI,FT Cboe Vest Rising Dividend Achievers Target Income ETF,2023-04-19
RESD,WisdomTree International ESG Fund,2023-04-19
SVIX,-1x Short VIX Futures ETF,2023-04-19
UVIX,2x Long VIX Futures ETF,2023-04-19
VIXY,ProShares VIX Short-Term Futures ETF,2023-04-19
XDSQ,Innovator U.S. Equity Accelerated ETF - Quarterly,2023-04-19
APRJ,Innovator Premium Income 30 Barrier ETF - April,2023-04-20
APRQ,Innovator Premium Income 40 Barrier ETF - April,2023-04-20
BUFQ,FT Cboe Vest Fund of Nasdaq-100 Buffer ETFs,2023-04-20
IYZ,iShares U.S. Telecommunications ETF,2023-04-20
QMAR,FT Cboe Vest Nasdaq-100 Buffer ETF - March,2023-04-20
RDVI,FT Cboe Vest Rising Dividend Achievers Target Income ETF,2023-04-20
RESD,WisdomTree International ESG Fund,2023-04-20
SVIX,-1x Short VIX Futures ETF,2023-04-20
UVIX,2x Long VIX Futures ETF,2023-04-20
VIXY,ProShares VIX Short-Term Futures ETF,2023-04-20
APRJ,Innovator Premium Income 30 Barrier ETF - April,2023-04-21
APRQ,Innovator Premium Income 40 Barrier ETF - April,2023-04-21
IYZ,iShares U.S. Telecommunications ETF,2023-04-21
QMAR,FT Cboe Vest Nasdaq-100 Buffer ETF - March,2023-04-21
RDVI,FT Cboe Vest Rising Dividend Achievers Target Income ETF,2023-04-21
RESD,WisdomTree International ESG Fund,2023-04-21
SVIX,-1x Short VIX Futures ETF,2023-04-21
UVIX,2x Long VIX Futures ETF,2023-04-21
UVXY,ProShares Ultra VIX Short-Term Futures ETF,2023-04-21
VIXY,ProShares VIX Short-Term Futures ETF,2023-04-21
XMAR,FT Cboe Vest U.S. Equity Enhance & Moderate Buffer ETF - March,2023-04-21
APRJ,Innovator Premium Income 30 Barrier ETF - April,2023-04-24
APRQ,Innovator Premium Income 40 Barrier ETF - April,2023-04-24
QMAR,FT Cboe Vest Nasdaq-100 Buffer ETF - March,2023-04-24
RDVI,FT Cboe Vest Rising Dividend Achievers Target Income ETF,2023-04-24
RESD,WisdomTree International ESG Fund,2023-04-24
SVIX,-1x Short VIX Futures ETF,2023-04-24
UVIX,2x Long VIX Futures ETF,2023-04-24
UVXY,ProShares Ultra VIX Short-Term Futures ETF,2023-04-24
VIXY,ProShares VIX Short-Term Futures ETF,2023-04-24
XMAR,FT Cboe Vest U.S. Equity Enhance & Moderate Buffer ETF - March,2023-04-24
APRJ,Innovator Premium Income 30 Barrier ETF - April,2023-04-25
APRQ,Innovator Premium Income 40 Barrier ETF - April,2023-04-25
QMAR,FT Cboe Vest Nasdaq-100 Buffer ETF - March,2023-04-25
RDVI,FT Cboe Vest Rising Dividend Achievers Target Income ETF,2023-04-25
SVIX,-1x Short VIX Futures ETF,2023-04-25
UVIX,2x Long VIX Futures ETF,2023-04-25
UVXY,ProShares Ultra VIX Short-Term Futures ETF,2023-04-25
VIXY,ProShares VIX Short-Term Futures ETF,2023-04-25
XMAR,FT Cboe Vest U.S. Equity Enhance & Moderate Buffer ETF - March,2023-04-25
APRJ,Innovator Premium Income 30 Barrier ETF - April,2023-04-26
APRQ,Innovator Premium Income 40 Barrier ETF - April,2023-04-26
QMAR,FT Cboe Vest Nasdaq-100 Buffer ETF - March,2023-04-26
SVIX,-1x Short VIX Futures ETF,2023-04-26
UVIX,2x Long VIX Futures ETF,2023-04-26
UVXY,ProShares Ultra VIX Short-Term Futures ETF,2023-04-26
VIXY,ProShares VIX Short-Term Futures ETF,2023-04-26
XMAR,FT Cboe Vest U.S. Equity Enhance & Moderate Buffer ETF - March,2023-04-26
APRJ,Innovator Premium Income 30 Barrier ETF - April,2023-04-27
APRQ,Innovator Premium Income 40 Barrier ETF - April,2023-04-27
QMAR,FT Cboe Vest Nasdaq-100 Buffer ETF - March,2023-04-27
SVIX,-1x Short VIX Futures ETF,2023-04-27
UVIX,2x Long VIX Futures ETF,2023-04-27
UVXY,ProShares Ultra VIX Short-Term Futures ETF,2023-04-27
VIXY,ProShares VIX Short-Term Futures ETF,2023-04-27
XMAR,FT Cboe Vest U.S. Equity Enhance & Moderate Buffer ETF - March,2023-04-27
APRJ,Innovator Premium Income 30 Barrier ETF - April,2023-04-28
APRQ,Innovator Premium Income 40 Barrier ETF - April,2023-04-28
QMAR,FT Cboe Vest Nasdaq-100 Buffer ETF - March,2023-04-28
SVIX,-1x Short VIX Futures ETF,2023-04-28
UVIX,2x Long VIX Futures ETF,2023-04-28
UVXY,ProShares Ultra VIX Short-Term Futures ETF,2023-04-28
VIXY,ProShares VIX Short-Term Futures ETF,2023-04-28
XMAR,FT Cboe Vest U.S. Equity Enhance & Moderate Buffer ETF - March,2023-04-28
APRJ,Innovator Premium Income 30 Barrier ETF - April,2023-05-01
APRQ,Innovator Premium Income 40 Barrier ETF - April,2023-05-01
QMAR,FT Cboe Vest Nasdaq-100 Buffer ETF - March,2023-05-01
SVIX,-1x Short VIX Futures ETF,2023-05-01
UVIX,2x Long VIX Futures ETF,2023-05-01
UVXY,ProShares Ultra VIX Short-Term Futures ETF,2023-05-01
VIXY,ProShares VIX Short-Term Futures ETF,2023-05-01
VXX,iPath Series B S&P 500 VIX Short-Term Futures ETN,2023-05-01
XMAR,FT Cboe Vest U.S. Equity Enhance & Moderate Buffer ETF - March,2023-05-01
APRJ,Innovator Premium Income 30 Barrier ETF - April,2023-05-02
APRQ,Innovator Premium Income 40 Barrier ETF - April,2023-05-02
SVIX,-1x Short VIX Futures ETF,2023-05-02
UVIX,2x Long VIX Futures ETF,2023-05-02
UVXY,ProShares Ultra VIX Short-Term Futures ETF,2023-05-02
VIXY,ProShares VIX Short-Term Futures ETF,2023-05-02
VXX,iPath Series B S&P 500 VIX Short-Term Futures ETN,2023-05-02
XMAR,FT Cboe Vest U.S. Equity Enhance & Moderate Buffer ETF - March,2023-05-02
APRJ,Innovator Premium Income 30 Barrier ETF - April,2023-05-03
APRQ,Innovator Premium Income 40 Barrier ETF - April,2023-05-03
DMAY,FT Cboe Vest U.S. Equity Deep Buffer ETF - May,2023-05-03
SVIX,-1x Short VIX Futures ETF,2023-05-03
UVIX,2x Long VIX Futures ETF,2023-05-03
UVXY,ProShares Ultra VIX Short-Term Futures ETF,2023-05-03
VIXY,ProShares VIX Short-Term Futures ETF,2023-05-03
VXX,iPath Series B S&P 500 VIX Short-Term Futures ETN,2023-05-03
XMAR,FT Cboe Vest U.S. Equity Enhance & Moderate Buffer ETF - March,2023-05-03
APRJ,Innovator Premium Income 30 Barrier ETF - April,2023-05-04
DMAY,FT Cboe Vest U.S. Equity Deep Buffer ETF - May,2023-05-04
SVIX,-1x Short VIX Futures ETF,2023-05-04
UVIX,2x Long VIX Futures ETF,2023-05-04
VIXY,ProShares VIX Short-Term Futures ETF,2023-05-04
VXX,iPath Series B S&P 500 VIX Short-Term Futures ETN,2023-05-04
XMAR,FT Cboe Vest U.S. Equity Enhance & Moderate Buffer ETF - March,2023-05-04
APRJ,Innovator Premium Income 30 Barrier ETF - April,2023-05-05
DMAY,FT Cboe Vest U.S. Equity Deep Buffer ETF - May,2023-05-05
SVIX,-1x Short VIX Futures ETF,2023-05-05
UVIX,2x Long VIX Futures ETF,2023-05-05
VIXY,ProShares VIX Short-Term Futures ETF,2023-05-05
VXX,iPath Series B S&P 500 VIX Short-Term Futures ETN,2023-05-05
XMAR,FT Cboe Vest U.S. Equity Enhance & Moderate Buffer ETF - March,2023-05-05
APRJ,Innovator Premium Income 30 Barrier ETF - April,2023-05-08
DMAY,FT Cboe Vest U.S. Equity Deep Buffer ETF - May,2023-05-08
SVIX,-1x Short VIX Futures ETF,2023-05-08
UVIX,2x Long VIX Futures ETF,2023-05-08
VIXY,ProShares VIX Short-Term Futures ETF,2023-05-08
VXX,iPath Series B S&P 500 VIX Short-Term Futures ETN,2023-05-08
XMAR,FT Cboe Vest U.S. Equity Enhance & Moderate Buffer ETF - March,2023-05-08
APRJ,Innovator Premium Income 30 Barrier ETF - April,2023-05-09
DMAY,FT Cboe Vest U.S. Equity Deep Buffer ETF - May,2023-05-09
SVIX,-1x Short VIX Futures ETF,2023-05-09
UVIX,2x Long VIX Futures ETF,2023-05-09
VIXY,ProShares VIX Short-Term Futures ETF,2023-05-09
VXX,iPath Series B S&P 500 VIX Short-Term Futures ETN,2023-05-09
XMAR,FT Cboe Vest U.S. Equity Enhance & Moderate Buffer ETF - March,2023-05-09
APRJ,Innovator Premium Income 30 Barrier ETF - April,2023-05-10
DMAY,FT Cboe Vest U.S. Equity Deep Buffer ETF - May,2023-05-10
SVIX,-1x Short VIX Futures ETF,2023-05-10
SVXY,ProShares Short VIX Short-Term Futures ETF,2023-05-10
UVIX,2x Long VIX Futures ETF,2023-05-10
VIXY,ProShares VIX Short-Term Futures ETF,2023-05-10
XMAR,FT Cboe Vest U.S. Equity Enhance & Moderate Buffer ETF - March,2023-05-10
APRJ,Innovator Premium Income 30 Barrier ETF - April,2023-05-11
SVIX,-1x Short VIX Futures ETF,2023-05-11
SVXY,ProShares Short VIX Short-Term Futures ETF,2023-05-11
UVIX,2x Long VIX Futures ETF,2023-05-11
XMAR,FT Cboe Vest U.S. Equity Enhance & Moderate Buffer ETF - March,2023-05-11
APRJ,Innovator Premium Income 30 Barrier ETF - April,2023-05-12
SVIX,-1x Short VIX Futures ETF,2023-05-12
SVXY,ProShares Short VIX Short-Term Futures ETF,2023-05-12
UVIX,2x Long VIX Futures ETF,2023-05-12
XMAR,FT Cboe Vest U.S. Equity Enhance & Moderate Buffer ETF - March,2023-05-12
APRJ,Innovator Premium Income 30 Barrier ETF - April,2023-05-15
PTEU,Pacer TrendpilotTM European Index ETF,2023-05-15
SVIX,-1x Short VIX Futures ETF,2023-05-15
SVXY,ProShares Short VIX Short-Term Futures ETF,2023-05-15
UVIX,2x Long VIX Futures ETF,2023-05-15
XMAR,FT Cboe Vest U.S. Equity Enhance & Moderate Buffer ETF - March,2023-05-15
APRJ,Innovator Premium Income 30 Barrier ETF - April,2023-05-16
PTEU,Pacer TrendpilotTM European Index ETF,2023-05-16
SVIX,-1x Short VIX Futures ETF,2023-05-16
SVXY,ProShares Short VIX Short-Term Futures ETF,2023-05-16
UVIX,2x Long VIX Futures ETF,2023-05-16
XMAR,FT Cboe Vest U.S. Equity Enhance & Moderate Buffer ETF - March,2023-05-16
APRJ,Innovator Premium Income 30 Barrier ETF - April,2023-05-17
PTEU,Pacer TrendpilotTM European Index ETF,2023-05-17
SVIX,-1x Short VIX Futures ETF,2023-05-17
SVXY,ProShares Short VIX Short-Term Futures ETF,2023-05-17
UVIX,2x Long VIX Futures ETF,2023-05-17
APRJ,Innovator Premium Income 30 Barrier ETF - April,2023-05-18
PTEU,Pacer TrendpilotTM European Index ETF,2023-05-18
SVIX,-1x Short VIX Futures ETF,2023-05-18
SVXY,ProShares Short VIX Short-Term Futures ETF,2023-05-18
UVIX,2x Long VIX Futures ETF,2023-05-18
APRH,Innovator Premium Income 20 Barrier ETF - April,2023-05-19
APRJ,Innovator Premium Income 30 Barrier ETF - April,2023-05-19
PTEU,Pacer TrendpilotTM European Index ETF,2023-05-19
SVIX,-1x Short VIX Futures ETF,2023-05-19
SVXY,ProShares Short VIX Short-Term Futures ETF,2023-05-19
UVIX,2x Long VIX Futures ETF,2023-05-19
APRH,Innovator Premium Income 20 Barrier ETF - April,2023-05-22
APRJ,Innovator Premium Income 30 Barrier ETF - April,2023-05-22
PTEU,Pacer TrendpilotTM European Index ETF,2023-05-22
SVIX,-1x Short VIX Futures ETF,2023-05-22
SVXY,ProShares Short VIX Short-Term Futures ETF,2023-05-22
UVIX,2x Long VIX Futures ETF,2023-05-22
APRH,Innovator Premium Income 20 Barrier ETF - April,2023-05-23
APRJ,Innovator Premium Income 30 Barrier ETF - April,2023-05-23
FDEM,Fidelity Emerging Markets Multifactor ETF,2023-05-23
SVIX,-1x Short VIX Futures ETF,2023-05-23
SVXY,ProShares Short VIX Short-Term Futures ETF,2023-05-23
UVIX,2x Long VIX Futures ETF,2023-05-23
VIXY,ProShares VIX Short-Term Futures ETF,2023-05-23
APRH,Innovator Premium Income 20 Barrier ETF - April,2023-05-24
APRJ,Innovator Premium Income 30 Barrier ETF - April,2023-05-24
FDEM,Fidelity Emerging Markets Multifactor ETF,2023-05-24
SVIX,-1x Short VIX Futures ETF,2023-05-24
UVIX,2x Long VIX Futures ETF,2023-05-24
VIXY,ProShares VIX Short-Term Futures ETF,2023-05-24
APRH,Innovator Premium Income 20 Barrier ETF - April,2023-05-25
APRJ,Innovator Premium Income 30 Barrier ETF - April,2023-05-25
FDEM,Fidelity Emerging Markets Multifactor ETF,2023-05-25
SVIX,-1x Short VIX Futures ETF,2023-05-25
UVIX,2x Long VIX Futures ETF,2023-05-25
VIXY,ProShares VIX Short-Term Futures ETF,2023-05-25
APRH,Innovator Premium Income 20 Barrier ETF - April,2023-05-26
APRJ,Innovator Premium Income 30 Barrier ETF - April,2023-05-26
FDEM,Fidelity Emerging Markets Multifactor ETF,2023-05-26
SVIX,-1x Short VIX Futures ETF,2023-05-26
UVIX,2x Long VIX Futures ETF,2023-05-26
VIXY,ProShares VIX Short-Term Futures ETF,2023-05-26
APRH,Innovator Premium Income 20 Barrier ETF - April,2023-05-30
APRJ,Innovator Premium Income 30 Barrier ETF - April,2023-05-30
FDEM,Fidelity Emerging Markets Multifactor ETF,2023-05-30
MOTE,VanEck Morningstar ESG Moat ETF,2023-05-30
SVIX,-1x Short VIX Futures ETF,2023-05-30
UVIX,2x Long VIX Futures ETF,2023-05-30
VIXY,ProShares VIX Short-Term Futures ETF,2023-05-30
APRH,Innovator Premium Income 20 Barrier ETF - April,2023-05-31
APRJ,Innovator Premium Income 30 Barrier ETF - April,2023-05-31
FDEM,Fidelity Emerging Markets Multifactor ETF,2023-05-31
MDLV,Morgan Dempsey Large Cap Value ETF,2023-05-31
MOTE,VanEck Morningstar ESG Moat ETF,2023-05-31
RDVI,FT Cboe Vest Rising Dividend Achievers Target Income ETF,2023-05-31
SVIX,-1x Short VIX Futures ETF,2023-05-31
UVIX,2x Long VIX Futures ETF,2023-05-31
VIXY,ProShares VIX Short-Term Futures ETF,2023-05-31
APRH,Innovator Premium Income 20 Barrier ETF - April,2023-06-01
APRJ,Innovator Premium Income 30 Barrier ETF - April,2023-06-01
FDEM,Fidelity Emerging Markets Multifactor ETF,2023-06-01
MDLV,Morgan Dempsey Large Cap Value ETF,2023-06-01
MOTE,VanEck Morningstar ESG Moat ETF,2023-06-01
RDVI,FT Cboe Vest Rising Dividend Achievers Target Income ETF,2023-06-01
SVIX,-1x Short VIX Futures ETF,2023-06-01
UVIX,2x Long VIX Futures ETF,2023-06-01
VIXY,ProShares VIX Short-Term Futures ETF,2023-06-01
APRH,Innovator Premium Income 20 Barrier ETF - April,2023-06-02
APRJ,Innovator Premium Income 30 Barrier ETF - April,2023-06-02
MDLV,Morgan Dempsey Large Cap Value ETF,2023-06-02
MOTE,VanEck Morningstar ESG Moat ETF,2023-06-02
RDVI,FT Cboe Vest Rising Dividend Achievers Target Income ETF,2023-06-02
SVIX,-1x Short VIX Futures ETF,2023-06-02
UVIX,2x Long VIX Futures ETF,2023-06-02
VIXY,ProShares VIX Short-Term Futures ETF,2023-06-02
VWID,Virtus WMC International Dividend ETF,2023-06-02
APRH,Innovator Premium Income 20 Barrier ETF - April,2023-06-05
APRJ,Innovator Premium Income 30 Barrier ETF - April,2023-06-05
MDLV,Morgan Dempsey Large Cap Value ETF,2023-06-05
MOTE,VanEck Morningstar ESG Moat ETF,2023-06-05
RDVI,FT Cboe Vest Rising Dividend Achievers Target Income ETF,2023-06-05
SVIX,-1x Short VIX Futures ETF,2023-06-05
UVIX,2x Long VIX Futures ETF,2023-06-05
VIXY,ProShares VIX Short-Term Futures ETF,2023-06-05
VWID,Virtus WMC International Dividend ETF,2023-06-05
APRH,Innovator Premium Income 20 Barrier ETF - April,2023-06-06
APRJ,Innovator Premium Income 30 Barrier ETF - April,2023-06-06
MDLV,Morgan Dempsey Large Cap Value ETF,2023-06-06
MOTE,VanEck Morningstar ESG Moat ETF,2023-06-06
RDVI,FT Cboe Vest Rising Dividend Achievers Target Income ETF,2023-06-06
SVIX,-1x Short VIX Futures ETF,2023-06-06
UVIX,2x Long VIX Futures ETF,2023-06-06
VWID,Virtus WMC International Dividend ETF,2023-06-06
APRH,Innovator Premium Income 20 Barrier ETF - April,2023-06-07
APRJ,Innovator Premium Income 30 Barrier ETF - April,2023-06-07
MDLV,Morgan Dempsey Large Cap Value ETF,2023-06-07
MOTE,VanEck Morningstar ESG Moat ETF,2023-06-07
RDVI,FT Cboe Vest Rising Dividend Achievers Target Income ETF,2023-06-07
SVIX,-1x Short VIX Futures ETF,2023-06-07
UVIX,2x Long VIX Futures ETF,2023-06-07
VWID,Virtus WMC International Dividend ETF,2023-06-07
APRJ,Innovator Premium Income 30 Barrier ETF - April,2023-06-08
EFG,iShares MSCI EAFE Growth ETF,2023-06-08
MOTE,VanEck Morningstar ESG Moat ETF,2023-06-08
RDVI,FT Cboe Vest Rising Dividend Achievers Target Income ETF,2023-06-08
SVIX,-1x Short VIX Futures ETF,2023-06-08
UVIX,2x Long VIX Futures ETF,2023-06-08
VWID,Virtus WMC International Dividend ETF,2023-06-08
APRJ,Innovator Premium Income 30 Barrier ETF - April,2023-06-09
EFG,iShares MSCI EAFE Growth ETF,2023-06-09
RDVI,FT Cboe Vest Rising Dividend Achievers Target Income ETF,2023-06-09
SVIX,-1x Short VIX Futures ETF,2023-06-09
UVIX,2x Long VIX Futures ETF,2023-06-09
VWID,Virtus WMC International Dividend ETF,2023-06-09
APRJ,Innovator Premium Income 30 Barrier ETF - April,2023-06-12
EFG,iShares MSCI EAFE Growth ETF,2023-06-12
RDVI,FT Cboe Vest Rising Dividend Achievers Target Income ETF,2023-06-12
SVIX,-1x Short VIX Futures ETF,2023-06-12
UVIX,2x Long VIX Futures ETF,2023-06-12
APRJ,Innovator Premium Income 30 Barrier ETF - April,2023-06-13
EFG,iShares MSCI EAFE Growth ETF,2023-06-13
RDVI,FT Cboe Vest Rising Dividend Achievers Target Income ETF,2023-06-13
SVIX,-1x Short VIX Futures ETF,2023-06-13
UVIX,2x Long VIX Futures ETF,2023-06-13
VXX,iPath Series B S&P 500 VIX Short-Term Futures ETN,2023-06-13
APRJ,Innovator Premium Income 30 Barrier ETF - April,2023-06-14
EFG,iShares MSCI EAFE Growth ETF,2023-06-14
RDVI,FT Cboe Vest Rising Dividend Achievers Target Income ETF,2023-06-14
SVIX,-1x Short VIX Futures ETF,2023-06-14
UVIX,2x Long VIX Futures ETF,2023-06-14
VXX,iPath Series B S&P 500 VIX Short-Term Futures ETN,2023-06-14
BUFB,Innovator Laddered Allocation Buffer ETF,2023-06-15
EFG,iShares MSCI EAFE Growth ETF,2023-06-15
RDVI,FT Cboe Vest Rising Dividend Achievers Target Income ETF,2023-06-15
SVIX,-1x Short VIX Futures ETF,2023-06-15
UVIX,2x Long VIX Futures ETF,2023-06-15
VIXY,ProShares VIX Short-Term Futures ETF,2023-06-15
VXX,iPath Series B S&P 500 VIX Short-Term Futures ETN,2023-06-15
BUFB,Innovator Laddered Allocation Buffer ETF,2023-06-16
RDVI,FT Cboe Vest Rising Dividend Achievers Target Income ETF,2023-06-16
SVIX,-1x Short VIX Futures ETF,2023-06-16
UVIX,2x Long VIX Futures ETF,2023-06-16
VIXY,ProShares VIX Short-Term Futures ETF,2023-06-16
VXX,iPath Series B S&P 500 VIX Short-Term Futures ETN,2023-06-16
BUFB,Innovator Laddered Allocation Buffer ETF,2023-06-20
RDVI,FT Cboe Vest Rising Dividend Achievers Target Income ETF,2023-06-20
SVIX,-1x Short VIX Futures ETF,2023-06-20
UVIX,2x Long VIX Futures ETF,2023-06-20
VIXY,ProShares VIX Short-Term Futures ETF,2023-06-20
VXX,iPath Series B S&P 500 VIX Short-Term Futures ETN,2023-06-20
BUFB,Innovator Laddered Allocation Buffer ETF,2023-06-21
RDVI,FT Cboe Vest Rising Dividend Achievers Target Income ETF,2023-06-21
SVIX,-1x Short VIX Futures ETF,2023-06-21
UVIX,2x Long VIX Futures ETF,2023-06-21
VIXY,ProShares VIX Short-Term Futures ETF,2023-06-21
VXX,iPath Series B S&P 500 VIX Short-Term Futures ETN,2023-06-21
BUFB,Innovator Laddered Allocation Buffer ETF,2023-06-22
SVIX,-1x Short VIX Futures ETF,2023-06-22
UVIX,2x Long VIX Futures ETF,2023-06-22
VIXY,ProShares VIX Short-Term Futures ETF,2023-06-22
VXX,iPath Series B S&P 500 VIX Short-Term Futures ETN,2023-06-22
BUFB,Innovator Laddered Allocation Buffer ETF,2023-06-23
SVIX,-1x Short VIX Futures ETF,2023-06-23
UVIX,2x Long VIX Futures ETF,2023-06-23
VIXY,ProShares VIX Short-Term Futures ETF,2023-06-23
VXX,iPath Series B S&P 500 VIX Short-Term Futures ETN,2023-06-23
BUFB,Innovator Laddered Allocation Buffer ETF,2023-06-26
SVIX,-1x Short VIX Futures ETF,2023-06-26
UVIX,2x Long VIX Futures ETF,2023-06-26
VIXY,ProShares VIX Short-Term Futures ETF,2023-06-26
VXX,iPath Series B S&P 500 VIX Short-Term Futures ETN,2023-06-26
BUFB,Innovator Laddered Allocation Buffer ETF,2023-06-27
HYBL,SPDR Blackstone High Income ETF,2023-06-27
SVIX,-1x Short VIX Futures ETF,2023-06-27
UVIX,2x Long VIX Futures ETF,2023-06-27
VIXY,ProShares VIX Short-Term Futures ETF,2023-06-27
VXX,iPath Series B S&P 500 VIX Short-Term Futures ETN,2023-06-27
HYBL,SPDR Blackstone High Income ETF,2023-06-28
SVIX,-1x Short VIX Futures ETF,2023-06-28
UVIX,2x Long VIX Futures ETF,2023-06-28
VIXY,ProShares VIX Short-Term Futures ETF,2023-06-28
VXX,iPath Series B S&P 500 VIX Short-Term Futures ETN,2023-06-28
HYBL,SPDR Blackstone High Income ETF,2023-06-29
SVIX,-1x Short VIX Futures ETF,2023-06-29
UVIX,2x Long VIX Futures ETF,2023-06-29
VIXY,ProShares VIX Short-Term Futures ETF,2023-06-29
VXX,iPath Series B S&P 500 VIX Short-Term Futures ETN,2023-06-29
HYBL,SPDR Blackstone High Income ETF,2023-06-30
SVIX,-1x Short VIX Futures ETF,2023-06-30
UVIX,2x Long VIX Futures ETF,2023-06-30
VXX,iPath Series B S&P 500 VIX Short-Term Futures ETN,2023-06-30
XDQQ,Innovator Growth Accelerated ETF - Quarterly,2023-06-30
HYBL,SPDR Blackstone High Income ETF,2023-07-03
SVIX,-1x Short VIX Futures ETF,2023-07-03
UVIX,2x Long VIX Futures ETF,2023-07-03
VXX,iPath Series B S&P 500 VIX Short-Term Futures ETN,2023-07-03
XDQQ,Innovator Growth Accelerated ETF - Quarterly,2023-07-03
HYBL,SPDR Blackstone High Income ETF,2023-07-05
SVIX,-1x Short VIX Futures ETF,2023-07-05
UVIX,2x Long VIX Futures ETF,2023-07-05
VXX,iPath Series B S&P 500 VIX Short-Term Futures ETN,2023-07-05
XDQQ,Innovator Growth Accelerated ETF - Quarterly,2023-07-05
HYBL,SPDR Blackstone High Income ETF,2023-07-06
SVIX,-1x Short VIX Futures ETF,2023-07-06
UVIX,2x Long VIX Futures ETF,2023-07-06
VXX,iPath Series B S&P 500 VIX Short-Term Futures ETN,2023-07-06
XDQQ,Innovator Growth Accelerated ETF - Quarterly,2023-07-06
HYBL,SPDR Blackstone High Income ETF,2023-07-07
SVIX,-1x Short VIX Futures ETF,2023-07-07
UVIX,2x Long VIX Futures ETF,2023-07-07
VXX,iPath Series B S&P 500 VIX Short-Term Futures ETN,2023-07-07
XDQQ,Innovator Growth Accelerated ETF - Quarterly,2023-07-07
XVOL,Acruence Active Hedge U.S. Equity ETF,2023-07-07
HYBL,SPDR Blackstone High Income ETF,2023-07-10
SVIX,-1x Short VIX Futures ETF,2023-07-10
UVIX,2x Long VIX Futures ETF,2023-07-10
VXX,iPath Series B S&P 500 VIX Short-Term Futures ETN,2023-07-10
XDQQ,Innovator Growth Accelerated ETF - Quarterly,2023-07-10
XVOL,Acruence Active Hedge U.S. Equity ETF,2023-07-10
HYBL,SPDR Blackstone High Income ETF,2023-07-11
SVIX,-1x Short VIX Futures ETF,2023-07-11
UVIX,2x Long VIX Futures ETF,2023-07-11
VXX,iPath Series B S&P 500 VIX Short-Term Futures ETN,2023-07-11
XDQQ,Innovator Growth Accelerated ETF - Quarterly,2023-07-11
XVOL,Acruence Active Hedge U.S. Equity ETF,2023-07-11
HYBL,SPDR Blackstone High Income ETF,2023-07-12
JULJ,Innovator Premium Income 30 Barrier ETF - July,2023-07-12
SVIX,-1x Short VIX Futures ETF,2023-07-12
UVIX,2x Long VIX Futures ETF,2023-07-12
VXX,iPath Series B S&P 500 VIX Short-Term Futures ETN,2023-07-12
XBJA,Innovator U.S. Equity Accelerated 9 Buffer ETF - January,2023-07-12
XVOL,Acruence Active Hedge U.S. Equity ETF,2023-07-12
HYBL,SPDR Blackstone High Income ETF,2023-07-13
JULJ,Innovator Premium Income 30 Barrier ETF - July,2023-07-13
SVIX,-1x Short VIX Futures ETF,2023-07-13
UVIX,2x Long VIX Futures ETF,2023-07-13
VXX,iPath Series B S&P 500 VIX Short-Term Futures ETN,2023-07-13
XBJA,Innovator U.S. Equity Accelerated 9 Buffer ETF - January,2023-07-13
XVOL,Acruence Active Hedge U.S. Equity ETF,2023-07-13
HYBL,SPDR Blackstone High Income ETF,2023-07-14
JULJ,Innovator Premium Income 30 Barrier ETF - July,2023-07-14
SVIX,-1x Short VIX Futures ETF,2023-07-14
UVIX,2x Long VIX Futures ETF,2023-07-14
VXX,iPath Series B S&P 500 VIX Short-Term Futures ETN,2023-07-14
XBJA,Innovator U.S. Equity Accelerated 9 Buffer ETF - January,2023-07-14
XVOL,Acruence Active Hedge U.S. Equity ETF,2023-07-14
HYBL,SPDR Blackstone High Income ETF,2023-07-17
JULH,Innovator Premium Income 20 Barrier ETF - July,2023-07-17
JULJ,Innovator Premium Income 30 Barrier ETF - July,2023-07-17
SVIX,-1x Short VIX Futures ETF,2023-07-17
UVIX,2x Long VIX Futures ETF,2023-07-17
VXX,iPath Series B S&P 500 VIX Short-Term Futures ETN,2023-07-17
XBJA,Innovator U.S. Equity Accelerated 9 Buffer ETF - January,2023-07-17
XVOL,Acruence Active Hedge U.S. Equity ETF,2023-07-17
JULH,Innovator Premium Income 20 Barrier ETF - July,2023-07-18
JULJ,Innovator Premium Income 30 Barrier ETF - July,2023-07-18
SVIX,-1x Short VIX Futures ETF,2023-07-18
VXX,iPath Series B S&P 500 VIX Short-Term Futures ETN,2023-07-18
XBJA,Innovator U.S. Equity Accelerated 9 Buffer ETF - January,2023-07-18
JULH,Innovator Premium Income 20 Barrier ETF - July,2023-07-19
JULJ,Innovator Premium Income 30 Barrier ETF - July,2023-07-19
SVIX,-1x Short VIX Futures ETF,2023-07-19
VXX,iPath Series B S&P 500 VIX Short-Term Futures ETN,2023-07-19
XBJA,Innovator U.S. Equity Accelerated 9 Buffer ETF - January,2023-07-19
JULH,Innovator Premium Income 20 Barrier ETF - July,2023-07-20
SVIX,-1x Short VIX Futures ETF,2023-07-20
UVXY,ProShares Ultra VIX Short-Term Futures ETF,2023-07-20
VXX,iPath Series B S&P 500 VIX Short-Term Futures ETN,2023-07-20
XBJA,Innovator U.S. Equity Accelerated 9 Buffer ETF - January,2023-07-20
JULH,Innovator Premium Income 20 Barrier ETF - July,2023-07-21
SVIX,-1x Short VIX Futures ETF,2023-07-21
UVXY,ProShares Ultra VIX Short-Term Futures ETF,2023-07-21
VXX,iPath Series B S&P 500 VIX Short-Term Futures ETN,2023-07-21
JULH,Innovator Premium Income 20 Barrier ETF - July,2023-07-24
JULQ,Innovator Premium Income 40 Barrier ETF - July,2023-07-24
MSMR,McElhenny Sheffield Managed Risk ETF,2023-07-24
SVIX,-1x Short VIX Futures ETF,2023-07-24
UVXY,ProShares Ultra VIX Short-Term Futures ETF,2023-07-24
VXX,iPath Series B S&P 500 VIX Short-Term Futures ETN,2023-07-24
JULH,Innovator Premium Income 20 Barrier ETF - July,2023-07-25
JULQ,Innovator Premium Income 40 Barrier ETF - July,2023-07-25
MSMR,McElhenny Sheffield Managed Risk ETF,2023-07-25
SVIX,-1x Short VIX Futures ETF,2023-07-25
UVIX,2x Long VIX Futures ETF,2023-07-25
UVXY,ProShares Ultra VIX Short-Term Futures ETF,2023-07-25
VXX,iPath Series B S&P 500 VIX Short-Term Futures ETN,2023-07-25
JULH,Innovator Premium Income 20 Barrier ETF - July,2023-07-26
JULQ,Innovator Premium Income 40 Barrier ETF - July,2023-07-26
MSMR,McElhenny Sheffield Managed Risk ETF,2023-07-26
SVIX,-1x Short VIX Futures ETF,2023-07-26
UVIX,2x Long VIX Futures ETF,2023-07-26
UVXY,ProShares Ultra VIX Short-Term Futures ETF,2023-07-26
VXX,iPath Series B S&P 500 VIX Short-Term Futures ETN,2023-07-26
JULH,Innovator Premium Income 20 Barrier ETF - July,2023-07-27
JULQ,Innovator Premium Income 40 Barrier ETF - July,2023-07-27
MSMR,McElhenny Sheffield Managed Risk ETF,2023-07-27
RULE,Adaptive Core ETF,2023-07-27
SVIX,-1x Short VIX Futures ETF,2023-07-27
UVIX,2x Long VIX Futures ETF,2023-07-27
UVXY,ProShares Ultra VIX Short-Term Futures ETF,2023-07-27
VXX,iPath Series B S&P 500 VIX Short-Term Futures ETN,2023-07-27
DJUL,FT Cboe Vest U.S. Equity Deep Buffer ETF - July,2023-07-28
JULQ,Innovator Premium Income 40 Barrier ETF - July,2023-07-28
MSMR,McElhenny Sheffield Managed Risk ETF,2023-07-28
RULE,Adaptive Core ETF,2023-07-28
SVIX,-1x Short VIX Futures ETF,2023-07-28
UVIX,2x Long VIX Futures ETF,2023-07-28
UVXY,ProShares Ultra VIX Short-Term Futures ETF,2023-07-28
VXX,iPath Series B S&P 500 VIX Short-Term Futures ETN,2023-07-28
DJUL,FT Cboe Vest U.S. Equity Deep Buffer ETF - July,2023-07-31
JULQ,Innovator Premium Income 40 Barrier ETF - July,2023-07-31
MSMR,McElhenny Sheffield Managed Risk ETF,2023-07-31
RULE,Adaptive Core ETF,2023-07-31
SVIX,-1x Short VIX Futures ETF,2023-07-31
UVIX,2x Long VIX Futures ETF,2023-07-31
UVXY,ProShares Ultra VIX Short-Term Futures ETF,2023-07-31
VXX,iPath Series B S&P 500 VIX Short-Term Futures ETN,2023-07-31
DJUL,FT Cboe Vest U.S. Equity Deep Buffer ETF - July,2023-08-01
JULQ,Innovator Premium Income 40 Barrier ETF - July,2023-08-01
RULE,Adaptive Core ETF,2023-08-01
SVIX,-1x Short VIX Futures ETF,2023-08-01
UVIX,2x Long VIX Futures ETF,2023-08-01
UVXY,ProShares Ultra VIX Short-Term Futures ETF,2023-08-01
VXX,iPath Series B S&P 500 VIX Short-Term Futures ETN,2023-08-01
XJUL,FT Cboe Vest U.S. Equity Enhance & Moderate Buffer ETF - July,2023-08-01
DJUL,FT Cboe Vest U.S. Equity Deep Buffer ETF - July,2023-08-02
JULQ,Innovator Premium Income 40 Barrier ETF - July,2023-08-02
RULE,Adaptive Core ETF,2023-08-02
SVIX,-1x Short VIX Futures ETF,2023-08-02
UVIX,2x Long VIX Futures ETF,2023-08-02
UVXY,ProShares Ultra VIX Short-Term Futures ETF,2023-08-02
VXX,iPath Series B S&P 500 VIX Short-Term Futures ETN,2023-08-02
XJUL,FT Cboe Vest U.S. Equity Enhance & Moderate Buffer ETF - July,2023-08-02
DJUL,FT Cboe Vest U.S. Equity Deep Buffer ETF - July,2023-08-03
JULQ,Innovator Premium Income 40 Barrier ETF - July,2023-08-03
RULE,Adaptive Core ETF,2023-08-03
SVIX,-1x Short VIX Futures ETF,2023-08-03
UVIX,2x Long VIX Futures ETF,2023-08-03
UVXY,ProShares Ultra VIX Short-Term Futures ETF,2023-08-03
VXX,iPath Series B S&P 500 VIX Short-Term Futures ETN,2023-08-03
XJUL,FT Cboe Vest U.S. Equity Enhance & Moderate Buffer ETF - July,2023-08-03
DJUL,FT Cboe Vest U.S. Equity Deep Buffer ETF - July,2023-08-04
SVIX,-1x Short VIX Futures ETF,2023-08-04
UVIX,2x Long VIX Futures ETF,2023-08-04
UVXY,ProShares Ultra VIX Short-Term Futures ETF,2023-08-04
VXX,iPath Series B S&P 500 VIX Short-Term Futures ETN,2023-08-04
XJUL,FT Cboe Vest U.S. Equity Enhance & Moderate Buffer ETF - July,2023-08-04
SVIX,-1x Short VIX Futures ETF,2023-08-07
UVIX,2x Long VIX Futures ETF,2023-08-07
UVXY,ProShares Ultra VIX Short-Term Futures ETF,2023-08-07
XJUL,FT Cboe Vest U.S. Equity Enhance & Moderate Buffer ETF - July,2023-08-07
SVIX,-1x Short VIX Futures ETF,2023-08-08
UVIX,2x Long VIX Futures ETF,2023-08-08
UVXY,ProShares Ultra VIX Short-Term Futures ETF,2023-08-08
XJUL,FT Cboe Vest U.S. Equity Enhance & Moderate Buffer ETF - July,2023-08-08
SVIX,-1x Short VIX Futures ETF,2023-08-09
UVIX,2x Long VIX Futures ETF,2023-08-09
UVXY,ProShares Ultra VIX Short-Term Futures ETF,2023-08-09
XJUL,FT Cboe Vest U.S. Equity Enhance & Moderate Buffer ETF - July,2023-08-09
SVIX,-1x Short VIX Futures ETF,2023-08-10
UVIX,2x Long VIX Futures ETF,2023-08-10
UVXY,ProShares Ultra VIX Short-Term Futures ETF,2023-08-10
XJUL,FT Cboe Vest U.S. Equity Enhance & Moderate Buffer ETF - July,2023-08-10
MSMR,McElhenny Sheffield Managed Risk ETF,2023-08-11
SVIX,-1x Short VIX Futures ETF,2023-08-11
UVIX,2x Long VIX Futures ETF,2023-08-11
UVXY,ProShares Ultra VIX Short-Term Futures ETF,2023-08-11
XJUL,FT Cboe Vest U.S. Equity Enhance & Moderate Buffer ETF - July,2023-08-11
MSMR,McElhenny Sheffield Managed Risk ETF,2023-08-14
SVIX,-1x Short VIX Futures ETF,2023-08-14
UVIX,2x Long VIX Futures ETF,2023-08-14
UVXY,ProShares Ultra VIX Short-Term Futures ETF,2023-08-14
XJUL,FT Cboe Vest U.S. Equity Enhance & Moderate Buffer ETF - July,2023-08-14
MSMR,McElhenny Sheffield Managed Risk ETF,2023-08-15
SVIX,-1x Short VIX Futures ETF,2023-08-15
UVIX,2x Long VIX Futures ETF,2023-08-15
UVXY,ProShares Ultra VIX Short-Term Futures ETF,2023-08-15
XJUL,FT Cboe Vest U.S. Equity Enhance & Moderate Buffer ETF - July,2023-08-15
MSMR,McElhenny Sheffield Managed Risk ETF,2023-08-16
SVIX,-1x Short VIX Futures ETF,2023-08-16
UVIX,2x Long VIX Futures ETF,2023-08-16
UVXY,ProShares Ultra VIX Short-Term Futures ETF,2023-08-16
XJUL,FT Cboe Vest U.S. Equity Enhance & Moderate Buffer ETF - July,2023-08-16
MSMR,McElhenny Sheffield Managed Risk ETF,2023-08-17
QTJL,Innovator Growth Accelerated Plus ETF - July,2023-08-17
SVIX,-1x Short VIX Futures ETF,2023-08-17
UVIX,2x Long VIX Futures ETF,2023-08-17
UVXY,ProShares Ultra VIX Short-Term Futures ETF,2023-08-17
XJUL,FT Cboe Vest U.S. Equity Enhance & Moderate Buffer ETF - July,2023-08-17
MSMR,McElhenny Sheffield Managed Risk ETF,2023-08-18
QTJL,Innovator Growth Accelerated Plus ETF - July,2023-08-18
UVIX,2x Long VIX Futures ETF,2023-08-18
UVXY,ProShares Ultra VIX Short-Term Futures ETF,2023-08-18
XJUL,FT Cboe Vest U.S. Equity Enhance & Moderate Buffer ETF - July,2023-08-18
QTJL,Innovator Growth Accelerated Plus ETF - July,2023-08-21
UVIX,2x Long VIX Futures ETF,2023-08-21
UVXY,ProShares Ultra VIX Short-Term Futures ETF,2023-08-21
XJUL,FT Cboe Vest U.S. Equity Enhance & Moderate Buffer ETF - July,2023-08-21
QTJL,Innovator Growth Accelerated Plus ETF - July,2023-08-22
UVIX,2x Long VIX Futures ETF,2023-08-22
UVXY,ProShares Ultra VIX Short-Term Futures ETF,2023-08-22
XJUL,FT Cboe Vest U.S. Equity Enhance & Moderate Buffer ETF - July,2023-08-22
QTJL,Innovator Growth Accelerated Plus ETF - July,2023-08-23
UVIX,2x Long VIX Futures ETF,2023-08-23
UVXY,ProShares Ultra VIX Short-Term Futures ETF,2023-08-23
XJUL,FT Cboe Vest U.S. Equity Enhance & Moderate Buffer ETF - July,2023-08-23
QTJL,Innovator Growth Accelerated Plus ETF - July,2023-08-24
SVIX,-1x Short VIX Futures ETF,2023-08-24
UVIX,2x Long VIX Futures ETF,2023-08-24
UVXY,ProShares Ultra VIX Short-Term Futures ETF,2023-08-24
XJUL,FT Cboe Vest U.S. Equity Enhance & Moderate Buffer ETF - July,2023-08-24
IVVB,iShares Large Cap Deep Buffer ETF,2023-08-25
QTJL,Innovator Growth Accelerated Plus ETF - July,2023-08-25
SVIX,-1x Short VIX Futures ETF,2023-08-25
UVIX,2x Long VIX Futures ETF,2023-08-25
UVXY,ProShares Ultra VIX Short-Term Futures ETF,2023-08-25
XJUL,FT Cboe Vest U.S. Equity Enhance & Moderate Buffer ETF - July,2023-08-25
IVVB,iShares Large Cap Deep Buffer ETF,2023-08-28
QTJL,Innovator Growth Accelerated Plus ETF - July,2023-08-28
SVIX,-1x Short VIX Futures ETF,2023-08-28
UVIX,2x Long VIX Futures ETF,2023-08-28
UVXY,ProShares Ultra VIX Short-Term Futures ETF,2023-08-28
XJUL,FT Cboe Vest U.S. Equity Enhance & Moderate Buffer ETF - July,2023-08-28
IVVB,iShares Large Cap Deep Buffer ETF,2023-08-29
SVIX,-1x Short VIX Futures ETF,2023-08-29
UVIX,2x Long VIX Futures ETF,2023-08-29
UVXY,ProShares Ultra VIX Short-Term Futures ETF,2023-08-29
XJUL,FT Cboe Vest U.S. Equity Enhance & Moderate Buffer ETF - July,2023-08-29
IVVB,iShares Large Cap Deep Buffer ETF,2023-08-30
SVIX,-1x Short VIX Futures ETF,2023-08-30
UVIX,2x Long VIX Futures ETF,2023-08-30
UVXY,ProShares Ultra VIX Short-Term Futures ETF,2023-08-30
XJUL,FT Cboe Vest U.S. Equity Enhance & Moderate Buffer ETF - July,2023-08-30
IVVB,iShares Large Cap Deep Buffer ETF,2023-08-31
JULQ,Innovator Premium Income 40 Barrier ETF - July,2023-08-31
SVIX,-1x Short VIX Futures ETF,2023-08-31
UVIX,2x Long VIX Futures ETF,2023-08-31
UVXY,ProShares Ultra VIX Short-Term Futures ETF,2023-08-31
XJUL,FT Cboe Vest U.S. Equity Enhance & Moderate Buffer ETF - July,2023-08-31
IVVB,iShares Large Cap Deep Buffer ETF,2023-09-01
JULQ,Innovator Premium Income 40 Barrier ETF - July,2023-09-01
SVIX,-1x Short VIX Futures ETF,2023-09-01
UVIX,2x Long VIX Futures ETF,2023-09-01
UVXY,ProShares Ultra VIX Short-Term Futures ETF,2023-09-01
XJUL,FT Cboe Vest U.S. Equity Enhance & Moderate Buffer ETF - July,2023-09-01
IVVB,iShares Large Cap Deep Buffer ETF,2023-09-05
JULQ,Innovator Premium Income 40 Barrier ETF - July,2023-09-05
SVIX,-1x Short VIX Futures ETF,2023-09-05
UVIX,2x Long VIX Futures ETF,2023-09-05
UVXY,ProShares Ultra VIX Short-Term Futures ETF,2023-09-05
XJUL,FT Cboe Vest U.S. Equity Enhance & Moderate Buffer ETF - July,2023-09-05
IVVB,iShares Large Cap Deep Buffer ETF,2023-09-06
JULQ,Innovator Premium Income 40 Barrier ETF - July,2023-09-06
SVIX,-1x Short VIX Futures ETF,2023-09-06
UVIX,2x Long VIX Futures ETF,2023-09-06
UVXY,ProShares Ultra VIX Short-Term Futures ETF,2023-09-06
XJUL,FT Cboe Vest U.S. Equity Enhance & Moderate Buffer ETF - July,2023-09-06
IVVB,iShares Large Cap Deep Buffer ETF,2023-09-07
JULQ,Innovator Premium Income 40 Barrier ETF - July,2023-09-07
SDVD,FT Cboe Vest SMID Rising Dividend Achievers Target Income ETF,2023-09-07
SVIX,-1x Short VIX Futures ETF,2023-09-07
UVIX,2x Long VIX Futures ETF,2023-09-07
UVXY,ProShares Ultra VIX Short-Term Futures ETF,2023-09-07
XJUL,FT Cboe Vest U.S. Equity Enhance & Moderate Buffer ETF - July,2023-09-07
JULQ,Innovator Premium Income 40 Barrier ETF - July,2023-09-08
SDVD,FT Cboe Vest SMID Rising Dividend Achievers Target Income ETF,2023-09-08
SVIX,-1x Short VIX Futures ETF,2023-09-08
UVIX,2x Long VIX Futures ETF,2023-09-08
UVXY,ProShares Ultra VIX Short-Term Futures ETF,2023-09-08
XJUL,FT Cboe Vest U.S. Equity Enhance & Moderate Buffer ETF - July,2023-09-08
SDVD,FT Cboe Vest SMID Rising Dividend Achievers Target Income ETF,2023-09-11
SVIX,-1x Short VIX Futures ETF,2023-09-11
UVIX,2x Long VIX Futures ETF,2023-09-11
UVXY,ProShares Ultra VIX Short-Term Futures ETF,2023-09-11
XJUL,FT Cboe Vest U.S. Equity Enhance & Moderate Buffer ETF - July,2023-09-11
SDVD,FT Cboe Vest SMID Rising Dividend Achievers Target Income ETF,2023-09-12
SVIX,-1x Short VIX Futures ETF,2023-09-12
UVIX,2x Long VIX Futures ETF,2023-09-12
XJUL,FT Cboe Vest U.S. Equity Enhance & Moderate Buffer ETF - July,2023-09-12
SDVD,FT Cboe Vest SMID Rising Dividend Achievers Target Income ETF,2023-09-13
SVIX,-1x Short VIX Futures ETF,2023-09-13
UVIX,2x Long VIX Futures ETF,2023-09-13
XJUL,FT Cboe Vest U.S. Equity Enhance & Moderate Buffer ETF - July,2023-09-13
SDVD,FT Cboe Vest SMID Rising Dividend Achievers Target Income ETF,2023-09-14
SVIX,-1x Short VIX Futures ETF,2023-09-14
UVIX,2x Long VIX Futures ETF,2023-09-14
XJUL,FT Cboe Vest U.S. Equity Enhance & Moderate Buffer ETF - July,2023-09-14
SVIX,-1x Short VIX Futures ETF,2023-09-15
UVIX,2x Long VIX Futures ETF,2023-09-15
XJUL,FT Cboe Vest U.S. Equity Enhance & Moderate Buffer ETF - July,2023-09-15
SVIX,-1x Short VIX Futures ETF,2023-09-18
UVIX,2x Long VIX Futures ETF,2023-09-18
XJUL,FT Cboe Vest U.S. Equity Enhance & Moderate Buffer ETF - July,2023-09-18
SVIX,-1x Short VIX Futures ETF,2023-09-19
UVIX,2x Long VIX Futures ETF,2023-09-19
XJUL,FT Cboe Vest U.S. Equity Enhance & Moderate Buffer ETF - July,2023-09-19
SVIX,-1x Short VIX Futures ETF,2023-09-20
UVIX,2x Long VIX Futures ETF,2023-09-20
XJUL,FT Cboe Vest U.S. Equity Enhance & Moderate Buffer ETF - July,2023-09-20
SVIX,-1x Short VIX Futures ETF,2023-09-21
UVIX,2x Long VIX Futures ETF,2023-09-21
XJUL,FT Cboe Vest U.S. Equity Enhance & Moderate Buffer ETF - July,2023-09-21
SVIX,-1x Short VIX Futures ETF,2023-09-22
UVIX,2x Long VIX Futures ETF,2023-09-22
XJUL,FT Cboe Vest U.S. Equity Enhance & Moderate Buffer ETF - July,2023-09-22
SVIX,-1x Short VIX Futures ETF,2023-09-25
UVIX,2x Long VIX Futures ETF,2023-09-25
XJUL,FT Cboe Vest U.S. Equity Enhance & Moderate Buffer ETF - July,2023-09-25
GSEP,FT Cboe Vest U.S. Equity Moderate Buffer ETF - September,2023-09-26
SVIX,-1x Short VIX Futures ETF,2023-09-26
UVIX,2x Long VIX Futures ETF,2023-09-26
XJUL,FT Cboe Vest U.S. Equity Enhance & Moderate Buffer ETF - July,2023-09-26
GSEP,FT Cboe Vest U.S. Equity Moderate Buffer ETF - September,2023-09-27
SVIX,-1x Short VIX Futures ETF,2023-09-27
SVXY,ProShares Short VIX Short-Term Futures ETF,2023-09-27
UVIX,2x Long VIX Futures ETF,2023-09-27
XJUL,FT Cboe Vest U.S. Equity Enhance & Moderate Buffer ETF - July,2023-09-27
GSEP,FT Cboe Vest U.S. Equity Moderate Buffer ETF - September,2023-09-28
HYBL,SPDR Blackstone High Income ETF,2023-09-28
SVIX,-1x Short VIX Futures ETF,2023-09-28
SVXY,ProShares Short VIX Short-Term Futures ETF,2023-09-28
UVIX,2x Long VIX Futures ETF,2023-09-28
XJUL,FT Cboe Vest U.S. Equity Enhance & Moderate Buffer ETF - July,2023-09-28
DSEP,FT Cboe Vest U.S. Equity Deep Buffer ETF - September,2023-09-29
GSEP,FT Cboe Vest U.S. Equity Moderate Buffer ETF - September,2023-09-29
HYBL,SPDR Blackstone High Income ETF,2023-09-29
SVIX,-1x Short VIX Futures ETF,2023-09-29
SVXY,ProShares Short VIX Short-Term Futures ETF,2023-09-29
UVIX,2x Long VIX Futures ETF,2023-09-29
UVXY,ProShares Ultra VIX Short-Term Futures ETF,2023-09-29
DSEP,FT Cboe Vest U.S. Equity Deep Buffer ETF - September,2023-10-02
GSEP,FT Cboe Vest U.S. Equity Moderate Buffer ETF - September,2023-10-02
HYBL,SPDR Blackstone High Income ETF,2023-10-02
SVIX,-1x Short VIX Futures ETF,2023-10-02
SVXY,ProShares Short VIX Short-Term Futures ETF,2023-10-02
UVIX,2x Long VIX Futures ETF,2023-10-02
UVXY,ProShares Ultra VIX Short-Term Futures ETF,2023-10-02
DSEP,FT Cboe Vest U.S. Equity Deep Buffer ETF - September,2023-10-03
GSEP,FT Cboe Vest U.S. Equity Moderate Buffer ETF - September,2023-10-03
HYBL,SPDR Blackstone High Income ETF,2023-10-03
SVIX,-1x Short VIX Futures ETF,2023-10-03
SVXY,ProShares Short VIX Short-Term Futures ETF,2023-10-03
UVIX,2x Long VIX Futures ETF,2023-10-03
UVXY,ProShares Ultra VIX Short-Term Futures ETF,2023-10-03
DSEP,FT Cboe Vest U.S. Equity Deep Buffer ETF - September,2023-10-04
GSEP,FT Cboe Vest U.S. Equity Moderate Buffer ETF - September,2023-10-04
HYBL,SPDR Blackstone High Income ETF,2023-10-04
SVIX,-1x Short VIX Futures ETF,2023-10-04
SVXY,ProShares Short VIX Short-Term Futures ETF,2023-10-04
UVIX,2x Long VIX Futures ETF,2023-10-04
UVXY,ProShares Ultra VIX Short-Term Futures ETF,2023-10-04
DSEP,FT Cboe Vest U.S. Equity Deep Buffer ETF - September,2023-10-05
GSEP,FT Cboe Vest U.S. Equity Moderate Buffer ETF - September,2023-10-05
HYBL,SPDR Blackstone High Income ETF,2023-10-05
SVIX,-1x Short VIX Futures ETF,2023-10-05
SVXY,ProShares Short VIX Short-Term Futures ETF,2023-10-05
UVIX,2x Long VIX Futures ETF,2023-10-05
UVXY,ProShares Ultra VIX Short-Term Futures ETF,2023-10-05
XSEP,FT Cboe Vest U.S. Equity Enhance & Moderate Buffer ETF - September,2023-10-05
DSEP,FT Cboe Vest U.S. Equity Deep Buffer ETF - September,2023-10-06
GSEP,FT Cboe Vest U.S. Equity Moderate Buffer ETF - September,2023-10-06
HYBL,SPDR Blackstone High Income ETF,2023-10-06
SVIX,-1x Short VIX Futures ETF,2023-10-06
SVXY,ProShares Short VIX Short-Term Futures ETF,2023-10-06
UVIX,2x Long VIX Futures ETF,2023-10-06
UVXY,ProShares Ultra VIX Short-Term Futures ETF,2023-10-06
XSEP,FT Cboe Vest U.S. Equity Enhance & Moderate Buffer ETF - September,2023-10-06
BBEM,JPMorgan BetaBuilders Emerging Markets Equity ETF,2023-10-10
DSEP,FT Cboe Vest U.S. Equity Deep Buffer ETF - September,2023-10-10
GSEP,FT Cboe Vest U.S. Equity Moderate Buffer ETF - September,2023-10-10
HYBL,SPDR Blackstone High Income ETF,2023-10-10
SVIX,-1x Short VIX Futures ETF,2023-10-10
SVXY,ProShares Short VIX Short-Term Futures ETF,2023-10-10
UVIX,2x Long VIX Futures ETF,2023-10-10
UVXY,ProShares Ultra VIX Short-Term Futures ETF,2023-10-10
XSEP,FT Cboe Vest U.S. Equity Enhance & Moderate Buffer ETF - September,2023-10-10
BBEM,JPMorgan BetaBuilders Emerging Markets Equity ETF,2023-10-11
GSEP,FT Cboe Vest U.S. Equity Moderate Buffer ETF - September,2023-10-11
HYBL,SPDR Blackstone High Income ETF,2023-10-11
SVIX,-1x Short VIX Futures ETF,2023-10-11
SVXY,ProShares Short VIX Short-Term Futures ETF,2023-10-11
UVIX,2x Long VIX Futures ETF,2023-10-11
UVXY,ProShares Ultra VIX Short-Term Futures ETF,2023-10-11
XSEP,FT Cboe Vest U.S. Equity Enhance & Moderate Buffer ETF - September,2023-10-11
BBEM,JPMorgan BetaBuilders Emerging Markets Equity ETF,2023-10-12
GSEP,FT Cboe Vest U.S. Equity Moderate Buffer ETF - September,2023-10-12
HYBL,SPDR Blackstone High Income ETF,2023-10-12
SVIX,-1x Short VIX Futures ETF,2023-10-12
SVXY,ProShares Short VIX Short-Term Futures ETF,2023-10-12
UVIX,2x Long VIX Futures ETF,2023-10-12
UVXY,ProShares Ultra VIX Short-Term Futures ETF,2023-10-12
XSEP,FT Cboe Vest U.S. Equity Enhance & Moderate Buffer ETF - September,2023-10-12
BBEM,JPMorgan BetaBuilders Emerging Markets Equity ETF,2023-10-13
GSEP,FT Cboe Vest U.S. Equity Moderate Buffer ETF - September,2023-10-13
HYBL,SPDR Blackstone High Income ETF,2023-10-13
SVIX,-1x Short VIX Futures ETF,2023-10-13
SVXY,ProShares Short VIX Short-Term Futures ETF,2023-10-13
UVIX,2x Long VIX Futures ETF,2023-10-13
UVXY,ProShares Ultra VIX Short-Term Futures ETF,2023-10-13
XSEP,FT Cboe Vest U.S. Equity Enhance & Moderate Buffer ETF - September,2023-10-13
BBEM,JPMorgan BetaBuilders Emerging Markets Equity ETF,2023-10-16
GSEP,FT Cboe Vest U.S. Equity Moderate Buffer ETF - September,2023-10-16
SVIX,-1x Short VIX Futures ETF,2023-10-16
SVXY,ProShares Short VIX Short-Term Futures ETF,2023-10-16
UVIX,2x Long VIX Futures ETF,2023-10-16
UVXY,ProShares Ultra VIX Short-Term Futures ETF,2023-10-16
XSEP,FT Cboe Vest U.S. Equity Enhance & Moderate Buffer ETF - September,2023-10-16
BBEM,JPMorgan BetaBuilders Emerging Markets Equity ETF,2023-10-17
GSEP,FT Cboe Vest U.S. Equity Moderate Buffer ETF - September,2023-10-17
SVIX,-1x Short VIX Futures ETF,2023-10-17
SVXY,ProShares Short VIX Short-Term Futures ETF,2023-10-17
UVIX,2x Long VIX Futures ETF,2023-10-17
UVXY,ProShares Ultra VIX Short-Term Futures ETF,2023-10-17
XSEP,FT Cboe Vest U.S. Equity Enhance & Moderate Buffer ETF - September,2023-10-17
GSEP,FT Cboe Vest U.S. Equity Moderate Buffer ETF - September,2023-10-18
SVIX,-1x Short VIX Futures ETF,2023-10-18
SVXY,ProShares Short VIX Short-Term Futures ETF,2023-10-18
UVIX,2x Long VIX Futures ETF,2023-10-18
UVXY,ProShares Ultra VIX Short-Term Futures ETF,2023-10-18
XSEP,FT Cboe Vest U.S. Equity Enhance & Moderate Buffer ETF - September,2023-10-18
GSEP,FT Cboe Vest U.S. Equity Moderate Buffer ETF - September,2023-10-19
SVIX,-1x Short VIX Futures ETF,2023-10-19
UVIX,2x Long VIX Futures ETF,2023-10-19
UVXY,ProShares Ultra VIX Short-Term Futures ETF,2023-10-19
GSEP,FT Cboe Vest U.S. Equity Moderate Buffer ETF - September,2023-10-20
SVIX,-1x Short VIX Futures ETF,2023-10-20
UVIX,2x Long VIX Futures ETF,2023-10-20
UVXY,ProShares Ultra VIX Short-Term Futures ETF,2023-10-20
GSEP,FT Cboe Vest U.S. Equity Moderate Buffer ETF - September,2023-10-23
SVIX,-1x Short VIX Futures ETF,2023-10-23
UVIX,2x Long VIX Futures ETF,2023-10-23
UVXY,ProShares Ultra VIX Short-Term Futures ETF,2023-10-23
GSEP,FT Cboe Vest U.S. Equity Moderate Buffer ETF - September,2023-10-24
SVIX,-1x Short VIX Futures ETF,2023-10-24
UVIX,2x Long VIX Futures ETF,2023-10-24
UVXY,ProShares Ultra VIX Short-Term Futures ETF,2023-10-24
GSEP,FT Cboe Vest U.S. Equity Moderate Buffer ETF - September,2023-10-25
SVIX,-1x Short VIX Futures ETF,2023-10-25
UVIX,2x Long VIX Futures ETF,2023-10-25
UVXY,ProShares Ultra VIX Short-Term Futures ETF,2023-10-25
GSEP,FT Cboe Vest U.S. Equity Moderate Buffer ETF - September,2023-10-26
SVIX,-1x Short VIX Futures ETF,2023-10-26
UVIX,2x Long VIX Futures ETF,2023-10-26
UVXY,ProShares Ultra VIX Short-Term Futures ETF,2023-10-26
GSEP,FT Cboe Vest U.S. Equity Moderate Buffer ETF - September,2023-10-27
SVIX,-1x Short VIX Futures ETF,2023-10-27
UVIX,2x Long VIX Futures ETF,2023-10-27
UVXY,ProShares Ultra VIX Short-Term Futures ETF,2023-10-27
GSEP,FT Cboe Vest U.S. Equity Moderate Buffer ETF - September,2023-10-30
SVIX,-1x Short VIX Futures ETF,2023-10-30
UVIX,2x Long VIX Futures ETF,2023-10-30
UVXY,ProShares Ultra VIX Short-Term Futures ETF,2023-10-30
GSEP,FT Cboe Vest U.S. Equity Moderate Buffer ETF - September,2023-10-31
OCTJ,Innovator Premium Income 30 Barrier ETF - October,2023-10-31
SVIX,-1x Short VIX Futures ETF,2023-10-31
UVIX,2x Long VIX Futures ETF,2023-10-31
UVXY,ProShares Ultra VIX Short-Term Futures ETF,2023-10-31
BCHP,Principal Focused Blue Chip ETF,2023-11-01
GSEP,FT Cboe Vest U.S. Equity Moderate Buffer ETF - September,2023-11-01
OCTJ,Innovator Premium Income 30 Barrier ETF - October,2023-11-01
SVIX,-1x Short VIX Futures ETF,2023-11-01
USEP,Innovator U.S. Equity Ultra Buffer ETF - September,2023-11-01
UVIX,2x Long VIX Futures ETF,2023-11-01
UVXY,ProShares Ultra VIX Short-Term Futures ETF,2023-11-01
BCHP,Principal Focused Blue Chip ETF,2023-11-02
GSEP,FT Cboe Vest U.S. Equity Moderate Buffer ETF - September,2023-11-02
OCTJ,Innovator Premium Income 30 Barrier ETF - October,2023-11-02
SVIX,-1x Short VIX Futures ETF,2023-11-02
USEP,Innovator U.S. Equity Ultra Buffer ETF - September,2023-11-02
UVIX,2x Long VIX Futures ETF,2023-11-02
UVXY,ProShares Ultra VIX Short-Term Futures ETF,2023-11-02
BCHP,Principal Focused Blue Chip ETF,2023-11-03
GSEP,FT Cboe Vest U.S. Equity Moderate Buffer ETF - September,2023-11-03
OCTJ,Innovator Premium Income 30 Barrier ETF - October,2023-11-03
SHYD,VanEck Short High Yield Muni ETF,2023-11-03
SVIX,-1x Short VIX Futures ETF,2023-11-03
USEP,Innovator U.S. Equity Ultra Buffer ETF - September,2023-11-03
UVIX,2x Long VIX Futures ETF,2023-11-03
UVXY,ProShares Ultra VIX Short-Term Futures ETF,2023-11-03
BCHP,Principal Focused Blue Chip ETF,2023-11-06
OCTJ,Innovator Premium Income 30 Barrier ETF - October,2023-11-06
SHYD,VanEck Short High Yield Muni ETF,2023-11-06
SVIX,-1x Short VIX Futures ETF,2023-11-06
USEP,Innovator U.S. Equity Ultra Buffer ETF - September,2023-11-06
UVIX,2x Long VIX Futures ETF,2023-11-06
UVXY,ProShares Ultra VIX Short-Term Futures ETF,2023-11-06
BCHP,Principal Focused Blue Chip ETF,2023-11-07
BUSA,Brandes U.S. Value ETF,2023-11-07
OCTJ,Innovator Premium Income 30 Barrier ETF - October,2023-11-07
SHYD,VanEck Short High Yield Muni ETF,2023-11-07
SVIX,-1x Short VIX Futures ETF,2023-11-07
USEP,Innovator U.S. Equity Ultra Buffer ETF - September,2023-11-07
UVIX,2x Long VIX Futures ETF,2023-11-07
UVXY,ProShares Ultra VIX Short-Term Futures ETF,2023-11-07
BCHP,Principal Focused Blue Chip ETF,2023-11-08
BINV,Brandes International ETF,2023-11-08
BUSA,Brandes U.S. Value ETF,2023-11-08
OCTJ,Innovator Premium Income 30 Barrier ETF - October,2023-11-08
SHYD,VanEck Short High Yield Muni ETF,2023-11-08
SVIX,-1x Short VIX Futures ETF,2023-11-08
USEP,Innovator U.S. Equity Ultra Buffer ETF - September,2023-11-08
UVIX,2x Long VIX Futures ETF,2023-11-08
UVXY,ProShares Ultra VIX Short-Term Futures ETF,2023-11-08
BINV,Brandes International ETF,2023-11-09
BUSA,Brandes U.S. Value ETF,2023-11-09
OCTJ,Innovator Premium Income 30 Barrier ETF - October,2023-11-09
SHYD,VanEck Short High Yield Muni ETF,2023-11-09
SVIX,-1x Short VIX Futures ETF,2023-11-09
UVIX,2x Long VIX Futures ETF,2023-11-09
UVXY,ProShares Ultra VIX Short-Term Futures ETF,2023-11-09
BINV,Brandes International ETF,2023-11-13
BUSA,Brandes U.S. Value ETF,2023-11-13
OCTJ,Innovator Premium Income 30 Barrier ETF - October,2023-11-13
SHYD,VanEck Short High Yield Muni ETF,2023-11-13
SVIX,-1x Short VIX Futures ETF,2023-11-13
UVIX,2x Long VIX Futures ETF,2023-11-13
UVXY,ProShares Ultra VIX Short-Term Futures ETF,2023-11-13
BINV,Brandes International ETF,2023-11-14
BUSA,Brandes U.S. Value ETF,2023-11-14
OCTJ,Innovator Premium Income 30 Barrier ETF - October,2023-11-14
SVIX,-1x Short VIX Futures ETF,2023-11-14
UVIX,2x Long VIX Futures ETF,2023-11-14
UVXY,ProShares Ultra VIX Short-Term Futures ETF,2023-11-14
BINV,Brandes International ETF,2023-11-15
BUSA,Brandes U.S. Value ETF,2023-11-15
HOCT,Innovator Premium Income 9 Buffer ETF - October,2023-11-15
OCTJ,Innovator Premium Income 30 Barrier ETF - October,2023-11-15
UVIX,2x Long VIX Futures ETF,2023-11-15
UVXY,ProShares Ultra VIX Short-Term Futures ETF,2023-11-15
BINV,Brandes International ETF,2023-11-16
BUSA,Brandes U.S. Value ETF,2023-11-16
HOCT,Innovator Premium Income 9 Buffer ETF - October,2023-11-16
OCTJ,Innovator Premium Income 30 Barrier ETF - October,2023-11-16
UVIX,2x Long VIX Futures ETF,2023-11-16
UVXY,ProShares Ultra VIX Short-Term Futures ETF,2023-11-16
BINV,Brandes International ETF,2023-11-17
BUSA,Brandes U.S. Value ETF,2023-11-17
HOCT,Innovator Premium Income 9 Buffer ETF - October,2023-11-17
UVIX,2x Long VIX Futures ETF,2023-11-17
UVXY,ProShares Ultra VIX Short-Term Futures ETF,2023-11-17
BINV,Brandes International ETF,2023-11-20
BUSA,Brandes U.S. Value ETF,2023-11-20
HOCT,Innovator Premium Income 9 Buffer ETF - October,2023-11-20
MDLV,Morgan Dempsey Large Cap Value ETF,2023-11-20
UVIX,2x Long VIX Futures ETF,2023-11-20
UVXY,ProShares Ultra VIX Short-Term Futures ETF,2023-11-20
BINV,Brandes International ETF,2023-11-21
BUSA,Brandes U.S. Value ETF,2023-11-21
HOCT,Innovator Premium Income 9 Buffer ETF - October,2023-11-21
LOCT,Innovator Premium Income 15 Buffer ETF - October,2023-11-21
MDLV,Morgan Dempsey Large Cap Value ETF,2023-11-21
UVIX,2x Long VIX Futures ETF,2023-11-21
UVXY,ProShares Ultra VIX Short-Term Futures ETF,2023-11-21
BINV,Brandes International ETF,2023-11-22
BUSA,Brandes U.S. Value ETF,2023-11-22
HOCT,Innovator Premium Income 9 Buffer ETF - October,2023-11-22
LOCT,Innovator Premium Income 15 Buffer ETF - October,2023-11-22
MDLV,Morgan Dempsey Large Cap Value ETF,2023-11-22
UVIX,2x Long VIX Futures ETF,2023-11-22
UVXY,ProShares Ultra VIX Short-Term Futures ETF,2023-11-22
BINV,Brandes International ETF,2023-11-24
BUSA,Brandes U.S. Value ETF,2023-11-24
HOCT,Innovator Premium Income 9 Buffer ETF - October,2023-11-24
LOCT,Innovator Premium Income 15 Buffer ETF - October,2023-11-24
MDLV,Morgan Dempsey Large Cap Value ETF,2023-11-24
UVIX,2x Long VIX Futures ETF,2023-11-24
UVXY,ProShares Ultra VIX Short-Term Futures ETF,2023-11-24
BUSA,Brandes U.S. Value ETF,2023-11-27
HOCT,Innovator Premium Income 9 Buffer ETF - October,2023-11-27
LOCT,Innovator Premium Income 15 Buffer ETF - October,2023-11-27
MDLV,Morgan Dempsey Large Cap Value ETF,2023-11-27
UVIX,2x Long VIX Futures ETF,2023-11-27
UVXY,ProShares Ultra VIX Short-Term Futures ETF,2023-11-27
BUSA,Brandes U.S. Value ETF,2023-11-28
HOCT,Innovator Premium Income 9 Buffer ETF - October,2023-11-28
LOCT,Innovator Premium Income 15 Buffer ETF - October,2023-11-28
MDLV,Morgan Dempsey Large Cap Value ETF,2023-11-28
UVIX,2x Long VIX Futures ETF,2023-11-28
UVXY,ProShares Ultra VIX Short-Term Futures ETF,2023-11-28
BUSA,Brandes U.S. Value ETF,2023-11-29
GNOV,FT Cboe Vest U.S. Equity Moderate Buffer ETF - November,2023-11-29
HOCT,Innovator Premium Income 9 Buffer ETF - October,2023-11-29
LOCT,Innovator Premium Income 15 Buffer ETF - October,2023-11-29
MDLV,Morgan Dempsey Large Cap Value ETF,2023-11-29
UVIX,2x Long VIX Futures ETF,2023-11-29
UVXY,ProShares Ultra VIX Short-Term Futures ETF,2023-11-29
BUSA,Brandes U.S. Value ETF,2023-11-30
GNOV,FT Cboe Vest U.S. Equity Moderate Buffer ETF - November,2023-11-30
HOCT,Innovator Premium Income 9 Buffer ETF - October,2023-11-30
LOCT,Innovator Premium Income 15 Buffer ETF - October,2023-11-30
UVIX,2x Long VIX Futures ETF,2023-11-30
UVXY,ProShares Ultra VIX Short-Term Futures ETF,2023-11-30
BUSA,Brandes U.S. Value ETF,2023-12-01
GNOV,FT Cboe Vest U.S. Equity Moderate Buffer ETF - November,2023-12-01
LOCT,Innovator Premium Income 15 Buffer ETF - October,2023-12-01
UVIX,2x Long VIX Futures ETF,2023-12-01
UVXY,ProShares Ultra VIX Short-Term Futures ETF,2023-12-01
BUSA,Brandes U.S. Value ETF,2023-12-04
GNOV,FT Cboe Vest U.S. Equity Moderate Buffer ETF - November,2023-12-04
LOCT,Innovator Premium Income 15 Buffer ETF - October,2023-12-04
UVIX,2x Long VIX Futures ETF,2023-12-04
UVXY,ProShares Ultra VIX Short-Term Futures ETF,2023-12-04
BUSA,Brandes U.S. Value ETF,2023-12-05
GNOV,FT Cboe Vest U.S. Equity Moderate Buffer ETF - November,2023-12-05
LOCT,Innovator Premium Income 15 Buffer ETF - October,2023-12-05
UVIX,2x Long VIX Futures ETF,2023-12-05
UVXY,ProShares Ultra VIX Short-Term Futures ETF,2023-12-05
BUSA,Brandes U.S. Value ETF,2023-12-06
GNOV,FT Cboe Vest U.S. Equity Moderate Buffer ETF - November,2023-12-06
LOCT,Innovator Premium Income 15 Buffer ETF - October,2023-12-06
PSFF,Pacer Swan SOS Fund of Funds ETF,2023-12-06
UVIX,2x Long VIX Futures ETF,2023-12-06
UVXY,ProShares Ultra VIX Short-Term Futures ETF,2023-12-06
BUSA,Brandes U.S. Value ETF,2023-12-07
GNOV,FT Cboe Vest U.S. Equity Moderate Buffer ETF - November,2023-12-07
LOCT,Innovator Premium Income 15 Buffer ETF - October,2023-12-07
PSFF,Pacer Swan SOS Fund of Funds ETF,2023-12-07
UVIX,2x Long VIX Futures ETF,2023-12-07
UVXY,ProShares Ultra VIX Short-Term Futures ETF,2023-12-07
BUSA,Brandes U.S. Value ETF,2023-12-08
GNOV,FT Cboe Vest U.S. Equity Moderate Buffer ETF - November,2023-12-08
LBO,WHITEWOLF Publicly Listed Private Equity ETF,2023-12-08
LOCT,Innovator Premium Income 15 Buffer ETF - October,2023-12-08
PSFF,Pacer Swan SOS Fund of Funds ETF,2023-12-08
UVIX,2x Long VIX Futures ETF,2023-12-08
UVXY,ProShares Ultra VIX Short-Term Futures ETF,2023-12-08
BUSA,Brandes U.S. Value ETF,2023-12-11
GNOV,FT Cboe Vest U.S. Equity Moderate Buffer ETF - November,2023-12-11
JEMA,JPMorgan ActiveBuilders Emerging Markets Equity ETF,2023-12-11
LBO,WHITEWOLF Publicly Listed Private Equity ETF,2023-12-11
LOCT,Innovator Premium Income 15 Buffer ETF - October,2023-12-11
PSFF,Pacer Swan SOS Fund of Funds ETF,2023-12-11
UVIX,2x Long VIX Futures ETF,2023-12-11
UVXY,ProShares Ultra VIX Short-Term Futures ETF,2023-12-11
BUSA,Brandes U.S. Value ETF,2023-12-12
GNOV,FT Cboe Vest U.S. Equity Moderate Buffer ETF - November,2023-12-12
JEMA,JPMorgan ActiveBuilders Emerging Markets Equity ETF,2023-12-12
LBO,WHITEWOLF Publicly Listed Private Equity ETF,2023-12-12
LOCT,Innovator Premium Income 15 Buffer ETF - October,2023-12-12
PSFF,Pacer Swan SOS Fund of Funds ETF,2023-12-12
UVIX,2x Long VIX Futures ETF,2023-12-12
BUSA,Brandes U.S. Value ETF,2023-12-13
GNOV,FT Cboe Vest U.S. Equity Moderate Buffer ETF - November,2023-12-13
JEMA,JPMorgan ActiveBuilders Emerging Markets Equity ETF,2023-12-13
LBO,WHITEWOLF Publicly Listed Private Equity ETF,2023-12-13
LOCT,Innovator Premium Income 15 Buffer ETF - October,2023-12-13
PSFF,Pacer Swan SOS Fund of Funds ETF,2023-12-13
UVIX,2x Long VIX Futures ETF,2023-12-13
BUSA,Brandes U.S. Value ETF,2023-12-14
FLDR,Fidelity Low Duration Bond Factor ETF,2023-12-14
GNOV,FT Cboe Vest U.S. Equity Moderate Buffer ETF - November,2023-12-14
JEMA,JPMorgan ActiveBuilders Emerging Markets Equity ETF,2023-12-14
LBO,WHITEWOLF Publicly Listed Private Equity ETF,2023-12-14
LOCT,Innovator Premium Income 15 Buffer ETF - October,2023-12-14
UVIX,2x Long VIX Futures ETF,2023-12-14
BUSA,Brandes U.S. Value ETF,2023-12-15
FLDR,Fidelity Low Duration Bond Factor ETF,2023-12-15
GNOV,FT Cboe Vest U.S. Equity Moderate Buffer ETF - November,2023-12-15
JEMA,JPMorgan ActiveBuilders Emerging Markets Equity ETF,2023-12-15
LBO,WHITEWOLF Publicly Listed Private Equity ETF,2023-12-15
UVIX,2x Long VIX Futures ETF,2023-12-15
FLDR,Fidelity Low Duration Bond Factor ETF,2023-12-18
JEMA,JPMorgan ActiveBuilders Emerging Markets Equity ETF,2023-12-18
UVIX,2x Long VIX Futures ETF,2023-12-18
FLDR,Fidelity Low Duration Bond Factor ETF,2023-12-19
UVIX,2x Long VIX Futures ETF,2023-12-19
FLDR,Fidelity Low Duration Bond Factor ETF,2023-12-20
UVIX,2x Long VIX Futures ETF,2023-12-20
FLDR,Fidelity Low Duration Bond Factor ETF,2023-12-21
UVIX,2x Long VIX Futures ETF,2023-12-21
FLDR,Fidelity Low Duration Bond Factor ETF,2023-12-22
UVIX,2x Long VIX Futures ETF,2023-12-22
FLDR,Fidelity Low Duration Bond Factor ETF,2023-12-26
UVIX,2x Long VIX Futures ETF,2023-12-26
BUFZ,FT Cboe Vest Laddered Moderate Buffer ETF,2023-12-27
BUSA,Brandes U.S. Value ETF,2023-12-27
FLDR,Fidelity Low Duration Bond Factor ETF,2023-12-27
UVIX,2x Long VIX Futures ETF,2023-12-27
BUFZ,FT Cboe Vest Laddered Moderate Buffer ETF,2023-12-28
BUSA,Brandes U.S. Value ETF,2023-12-28
UVIX,2x Long VIX Futures ETF,2023-12-28
BUFZ,FT Cboe Vest Laddered Moderate Buffer ETF,2023-12-29
BUSA,Brandes U.S. Value ETF,2023-12-29
UVIX,2x Long VIX Futures ETF,2023-12-29
BUFZ,FT Vest Laddered Moderate Buffer ETF,2024-01-02
BUSA,Brandes U.S. Value ETF,2024-01-02
UVIX,2x Long VIX Futures ETF,2024-01-02
BUFZ,FT Vest Laddered Moderate Buffer ETF,2024-01-03
BUSA,Brandes U.S. Value ETF,2024-01-03
UVIX,2x Long VIX Futures ETF,2024-01-03
BUFZ,FT Vest Laddered Moderate Buffer ETF,2024-01-04
BUSA,Brandes U.S. Value ETF,2024-01-04
UVIX,2x Long VIX Futures ETF,2024-01-04
BAMD,Brookstone Dividend Stock ETF,2024-01-05
BUFZ,FT Vest Laddered Moderate Buffer ETF,2024-01-05
BUSA,Brandes U.S. Value ETF,2024-01-05
NJAN,Innovator Growth-100 Power Buffer ETF - January,2024-01-05
UVIX,2x Long VIX Futures ETF,2024-01-05
BAMD,Brookstone Dividend Stock ETF,2024-01-08
BUFZ,FT Vest Laddered Moderate Buffer ETF,2024-01-08
BUSA,Brandes U.S. Value ETF,2024-01-08
NJAN,Innovator Growth-100 Power Buffer ETF - January,2024-01-08
UVIX,2x Long VIX Futures ETF,2024-01-08
BAMD,Brookstone Dividend Stock ETF,2024-01-09
BKGI,BNY Mellon Global Infrastructure Income ETF,2024-01-09
BUFZ,FT Vest Laddered Moderate Buffer ETF,2024-01-09
BUSA,Brandes U.S. Value ETF,2024-01-09
NJAN,Innovator Growth-100 Power Buffer ETF - January,2024-01-09
UVIX,2x Long VIX Futures ETF,2024-01-09
BAMD,Brookstone Dividend Stock ETF,2024-01-10
BKGI,BNY Mellon Global Infrastructure Income ETF,2024-01-10
BUFZ,FT Vest Laddered Moderate Buffer ETF,2024-01-10
BUSA,Brandes U.S. Value ETF,2024-01-10
NJAN,Innovator Growth-100 Power Buffer ETF - January,2024-01-10
UVIX,2x Long VIX Futures ETF,2024-01-10
BAMD,Brookstone Dividend Stock ETF,2024-01-11
BKGI,BNY Mellon Global Infrastructure Income ETF,2024-01-11
BUFZ,FT Vest Laddered Moderate Buffer ETF,2024-01-11
BUSA,Brandes U.S. Value ETF,2024-01-11
FPAG,FPA Global Equity ETF,2024-01-11
HJAN,Innovator Premium Income 9 Buffer ETF - January,2024-01-11
NJAN,Innovator Growth-100 Power Buffer ETF - January,2024-01-11
PSFD,Pacer Swan SOS Flex (January) ETF,2024-01-11
SDVD,FT Vest SMID Rising Dividend Achievers Target Income ETF,2024-01-11
UVIX,2x Long VIX Futures ETF,2024-01-11
BAMD,Brookstone Dividend Stock ETF,2024-01-12
BKGI,BNY Mellon Global Infrastructure Income ETF,2024-01-12
BUFZ,FT Vest Laddered Moderate Buffer ETF,2024-01-12
BUSA,Brandes U.S. Value ETF,2024-01-12
FPAG,FPA Global Equity ETF,2024-01-12
HJAN,Innovator Premium Income 9 Buffer ETF - January,2024-01-12
NJAN,Innovator Growth-100 Power Buffer ETF - January,2024-01-12
PSFD,Pacer Swan SOS Flex (January) ETF,2024-01-12
SDVD,FT Vest SMID Rising Dividend Achievers Target Income ETF,2024-01-12
UVIX,2x Long VIX Futures ETF,2024-01-12
BKGI,BNY Mellon Global Infrastructure Income ETF,2024-01-16
BUFZ,FT Vest Laddered Moderate Buffer ETF,2024-01-16
BUSA,Brandes U.S. Value ETF,2024-01-16
FPAG,FPA Global Equity ETF,2024-01-16
HJAN,Innovator Premium Income 9 Buffer ETF - January,2024-01-16
NJAN,Innovator Growth-100 Power Buffer ETF - January,2024-01-16
PSFD,Pacer Swan SOS Flex (January) ETF,2024-01-16
SDVD,FT Vest SMID Rising Dividend Achievers Target Income ETF,2024-01-16
UVIX,2x Long VIX Futures ETF,2024-01-16
BKGI,BNY Mellon Global Infrastructure Income ETF,2024-01-17
BUFZ,FT Vest Laddered Moderate Buffer ETF,2024-01-17
BUSA,Brandes U.S. Value ETF,2024-01-17
FPAG,FPA Global Equity ETF,2024-01-17
HJAN,Innovator Premium Income 9 Buffer ETF - January,2024-01-17
PSFD,Pacer Swan SOS Flex (January) ETF,2024-01-17
SDVD,FT Vest SMID Rising Dividend Achievers Target Income ETF,2024-01-17
UVIX,2x Long VIX Futures ETF,2024-01-17
ARKY,ARK 21Shares Active Bitcoin Ethereum Strategy ETF,2024-01-18
BKGI,BNY Mellon Global Infrastructure Income ETF,2024-01-18
BUFZ,FT Vest Laddered Moderate Buffer ETF,2024-01-18
BUSA,Brandes U.S. Value ETF,2024-01-18
FPAG,FPA Global Equity ETF,2024-01-18
HJAN,Innovator Premium Income 9 Buffer ETF - January,2024-01-18
PSFD,Pacer Swan SOS Flex (January) ETF,2024-01-18
SDVD,FT Vest SMID Rising Dividend Achievers Target Income ETF,2024-01-18
UVIX,2x Long VIX Futures ETF,2024-01-18
ARKY,ARK 21Shares Active Bitcoin Ethereum Strategy ETF,2024-01-19
BUFZ,FT Vest Laddered Moderate Buffer ETF,2024-01-19
BUSA,Brandes U.S. Value ETF,2024-01-19
FPAG,FPA Global Equity ETF,2024-01-19
HJAN,Innovator Premium Income 9 Buffer ETF - January,2024-01-19
PSFD,Pacer Swan SOS Flex (January) ETF,2024-01-19
SDVD,FT Vest SMID Rising Dividend Achievers Target Income ETF,2024-01-19
UVIX,2x Long VIX Futures ETF,2024-01-19
ARKB,ARK 21Shares Bitcoin ETF,2024-01-22
ARKY,ARK 21Shares Active Bitcoin Ethereum Strategy ETF,2024-01-22
BUFZ,FT Vest Laddered Moderate Buffer ETF,2024-01-22
BUSA,Brandes U.S. Value ETF,2024-01-22
FBTC,Fidelity Wise Origin Bitcoin Fund,2024-01-22
FPAG,FPA Global Equity ETF,2024-01-22
SDVD,FT Vest SMID Rising Dividend Achievers Target Income ETF,2024-01-22
UVIX,2x Long VIX Futures ETF,2024-01-22
ARKB,ARK 21Shares Bitcoin ETF,2024-01-23
ARKY,ARK 21Shares Active Bitcoin Ethereum Strategy ETF,2024-01-23
BUFZ,FT Vest Laddered Moderate Buffer ETF,2024-01-23
BUSA,Brandes U.S. Value ETF,2024-01-23
FBTC,Fidelity Wise Origin Bitcoin Fund,2024-01-23
FPAG,FPA Global Equity ETF,2024-01-23
UVIX,2x Long VIX Futures ETF,2024-01-23
ARKB,ARK 21Shares Bitcoin ETF,2024-01-24
ARKY,ARK 21Shares Active Bitcoin Ethereum Strategy ETF,2024-01-24
BUFZ,FT Vest Laddered Moderate Buffer ETF,2024-01-24
BUSA,Brandes U.S. Value ETF,2024-01-24
FBTC,Fidelity Wise Origin Bitcoin Fund,2024-01-24
FPAG,FPA Global Equity ETF,2024-01-24
MSMR,McElhenny Sheffield Managed Risk ETF,2024-01-24
UVIX,2x Long VIX Futures ETF,2024-01-24
ARKB,ARK 21Shares Bitcoin ETF,2024-01-25
ARKY,ARK 21Shares Active Bitcoin Ethereum Strategy ETF,2024-01-25
BUFZ,FT Vest Laddered Moderate Buffer ETF,2024-01-25
BUSA,Brandes U.S. Value ETF,2024-01-25
FBTC,Fidelity Wise Origin Bitcoin Fund,2024-01-25
FPAG,FPA Global Equity ETF,2024-01-25
JANH,Innovator Premium Income 20 Barrier ETF - January,2024-01-25
MSMR,McElhenny Sheffield Managed Risk ETF,2024-01-25
UVIX,2x Long VIX Futures ETF,2024-01-25
ARKB,ARK 21Shares Bitcoin ETF,2024-01-26
BUFZ,FT Vest Laddered Moderate Buffer ETF,2024-01-26
BUSA,Brandes U.S. Value ETF,2024-01-26
FBTC,Fidelity Wise Origin Bitcoin Fund,2024-01-26
JANH,Innovator Premium Income 20 Barrier ETF - January,2024-01-26
MSMR,McElhenny Sheffield Managed Risk ETF,2024-01-26
UVIX,2x Long VIX Futures ETF,2024-01-26
ARKB,ARK 21Shares Bitcoin ETF,2024-01-29
BUFZ,FT Vest Laddered Moderate Buffer ETF,2024-01-29
BUSA,Brandes U.S. Value ETF,2024-01-29
FBTC,Fidelity Wise Origin Bitcoin Fund,2024-01-29
JANH,Innovator Premium Income 20 Barrier ETF - January,2024-01-29
MSMR,McElhenny Sheffield Managed Risk ETF,2024-01-29
QPFF,American Century Quality Preferred ETF,2024-01-29
UVIX,2x Long VIX Futures ETF,2024-01-29
ARKB,ARK 21Shares Bitcoin ETF,2024-01-30
BUFZ,FT Vest Laddered Moderate Buffer ETF,2024-01-30
BUSA,Brandes U.S. Value ETF,2024-01-30
JANH,Innovator Premium Income 20 Barrier ETF - January,2024-01-30
MSMR,McElhenny Sheffield Managed Risk ETF,2024-01-30
QPFF,American Century Quality Preferred ETF,2024-01-30
UVIX,2x Long VIX Futures ETF,2024-01-30
ARKB,ARK 21Shares Bitcoin ETF,2024-01-31
BUFZ,FT Vest Laddered Moderate Buffer ETF,2024-01-31
FDEV,Fidelity International Multifactor ETF,2024-01-31
JANH,Innovator Premium Income 20 Barrier ETF - January,2024-01-31
MSMR,McElhenny Sheffield Managed Risk ETF,2024-01-31
QPFF,American Century Quality Preferred ETF,2024-01-31
UVIX,2x Long VIX Futures ETF,2024-01-31
ARKB,ARK 21Shares Bitcoin ETF,2024-02-01
BUFZ,FT Vest Laddered Moderate Buffer ETF,2024-02-01
FDEV,Fidelity International Multifactor ETF,2024-02-01
JANH,Innovator Premium Income 20 Barrier ETF - January,2024-02-01
QPFF,American Century Quality Preferred ETF,2024-02-01
UVIX,2x Long VIX Futures ETF,2024-02-01
BUFZ,FT Vest Laddered Moderate Buffer ETF,2024-02-02
FDEV,Fidelity International Multifactor ETF,2024-02-02
FDTB,Foundations Dynamic Income ETF,2024-02-02
QPFF,American Century Quality Preferred ETF,2024-02-02
UVIX,2x Long VIX Futures ETF,2024-02-02
BUFZ,FT Vest Laddered Moderate Buffer ETF,2024-02-05
EVUS,iShares ESG Aware MSCI USA Value ETF,2024-02-05
FDCE,Foundations Dynamic Core ETF,2024-02-05
FDEM,Fidelity Emerging Markets Multifactor ETF,2024-02-05
FDEV,Fidelity International Multifactor ETF,2024-02-05
FDTB,Foundations Dynamic Income ETF,2024-02-05
QPFF,American Century Quality Preferred ETF,2024-02-05
UVIX,2x Long VIX Futures ETF,2024-02-05
BUFZ,FT Vest Laddered Moderate Buffer ETF,2024-02-06
EVUS,iShares ESG Aware MSCI USA Value ETF,2024-02-06
FDCE,Foundations Dynamic Core ETF,2024-02-06
FDEM,Fidelity Emerging Markets Multifactor ETF,2024-02-06
FDEV,Fidelity International Multifactor ETF,2024-02-06
FDTB,Foundations Dynamic Income ETF,2024-02-06
QPFF,American Century Quality Preferred ETF,2024-02-06
UVIX,2x Long VIX Futures ETF,2024-02-06
BUFZ,FT Vest Laddered Moderate Buffer ETF,2024-02-07
EVUS,iShares ESG Aware MSCI USA Value ETF,2024-02-07
FDCE,Foundations Dynamic Core ETF,2024-02-07
FDEM,Fidelity Emerging Markets Multifactor ETF,2024-02-07
FDEV,Fidelity International Multifactor ETF,2024-02-07
FDTB,Foundations Dynamic Income ETF,2024-02-07
QPFF,American Century Quality Preferred ETF,2024-02-07
UVIX,2x Long VIX Futures ETF,2024-02-07
BUFZ,FT Vest Laddered Moderate Buffer ETF,2024-02-08
EVUS,iShares ESG Aware MSCI USA Value ETF,2024-02-08
FDCE,Foundations Dynamic Core ETF,2024-02-08
FDEM,Fidelity Emerging Markets Multifactor ETF,2024-02-08
FDTB,Foundations Dynamic Income ETF,2024-02-08
QPFF,American Century Quality Preferred ETF,2024-02-08
UVIX,2x Long VIX Futures ETF,2024-02-08
VTEI,Vanguard Intermediate-Term Tax-Exempt Bond ETF,2024-02-08
BUFZ,FT Vest Laddered Moderate Buffer ETF,2024-02-09
EVUS,iShares ESG Aware MSCI USA Value ETF,2024-02-09
FDCE,Foundations Dynamic Core ETF,2024-02-09
FDEM,Fidelity Emerging Markets Multifactor ETF,2024-02-09
FDTB,Foundations Dynamic Income ETF,2024-02-09
FPAG,FPA Global Equity ETF,2024-02-09
QPFF,American Century Quality Preferred ETF,2024-02-09
VTEI,Vanguard Intermediate-Term Tax-Exempt Bond ETF,2024-02-09
BUFZ,FT Vest Laddered Moderate Buffer ETF,2024-02-12
EVUS,iShares ESG Aware MSCI USA Value ETF,2024-02-12
FDCE,Foundations Dynamic Core ETF,2024-02-12
FDEM,Fidelity Emerging Markets Multifactor ETF,2024-02-12
FPAG,FPA Global Equity ETF,2024-02-12
QPFF,American Century Quality Preferred ETF,2024-02-12
VTEI,Vanguard Intermediate-Term Tax-Exempt Bond ETF,2024-02-12
BSMC,Brandes U.S. Small-Mid Cap Value ETF,2024-02-13
BUFZ,FT Vest Laddered Moderate Buffer ETF,2024-02-13
FDCE,Foundations Dynamic Core ETF,2024-02-13
FDEM,Fidelity Emerging Markets Multifactor ETF,2024-02-13
FPAG,FPA Global Equity ETF,2024-02-13
VTEI,Vanguard Intermediate-Term Tax-Exempt Bond ETF,2024-02-13
BSMC,Brandes U.S. Small-Mid Cap Value ETF,2024-02-14
BUFZ,FT Vest Laddered Moderate Buffer ETF,2024-02-14
FDCE,Foundations Dynamic Core ETF,2024-02-14
FPAG,FPA Global Equity ETF,2024-02-14
VTEI,Vanguard Intermediate-Term Tax-Exempt Bond ETF,2024-02-14
BSMC,Brandes U.S. Small-Mid Cap Value ETF,2024-02-15
BUFZ,FT Vest Laddered Moderate Buffer ETF,2024-02-15
FPAG,FPA Global Equity ETF,2024-02-15
VTEI,Vanguard Intermediate-Term Tax-Exempt Bond ETF,2024-02-15
BSMC,Brandes U.S. Small-Mid Cap Value ETF,2024-02-16
BUFZ,FT Vest Laddered Moderate Buffer ETF,2024-02-16
FPAG,FPA Global Equity ETF,2024-02-16
NVDQ,T-Rex 2X Inverse NVIDIA Daily Target ETF,2024-02-16
VTEI,Vanguard Intermediate-Term Tax-Exempt Bond ETF,2024-02-16
BSMC,Brandes U.S. Small-Mid Cap Value ETF,2024-02-20
BUFZ,FT Vest Laddered Moderate Buffer ETF,2024-02-20
NVDQ,T-Rex 2X Inverse NVIDIA Daily Target ETF,2024-02-20
VTEI,Vanguard Intermediate-Term Tax-Exempt Bond ETF,2024-02-20
BRLN,BlackRock Floating Rate Loan ETF,2024-02-21
BSMC,Brandes U.S. Small-Mid Cap Value ETF,2024-02-21
BUFZ,FT Vest Laddered Moderate Buffer ETF,2024-02-21
NVDQ,T-Rex 2X Inverse NVIDIA Daily Target ETF,2024-02-21
VTEI,Vanguard Intermediate-Term Tax-Exempt Bond ETF,2024-02-21
BRLN,BlackRock Floating Rate Loan ETF,2024-02-22
BSMC,Brandes U.S. Small-Mid Cap Value ETF,2024-02-22
BUFZ,FT Vest Laddered Moderate Buffer ETF,2024-02-22
NVDQ,T-Rex 2X Inverse NVIDIA Daily Target ETF,2024-02-22
VTEI,Vanguard Intermediate-Term Tax-Exempt Bond ETF,2024-02-22
BRLN,BlackRock Floating Rate Loan ETF,2024-02-23
BSMC,Brandes U.S. Small-Mid Cap Value ETF,2024-02-23
BUFZ,FT Vest Laddered Moderate Buffer ETF,2024-02-23
NVDQ,T-Rex 2X Inverse NVIDIA Daily Target ETF,2024-02-23
BRLN,BlackRock Floating Rate Loan ETF,2024-02-26
BSMC,Brandes U.S. Small-Mid Cap Value ETF,2024-02-26
BUFZ,FT Vest Laddered Moderate Buffer ETF,2024-02-26
NVDQ,T-Rex 2X Inverse NVIDIA Daily Target ETF,2024-02-26
BRLN,BlackRock Floating Rate Loan ETF,2024-02-27
BSMC,Brandes U.S. Small-Mid Cap Value ETF,2024-02-27
BUFZ,FT Vest Laddered Moderate Buffer ETF,2024-02-27
NVDQ,T-Rex 2X Inverse NVIDIA Daily Target ETF,2024-02-27
BRLN,BlackRock Floating Rate Loan ETF,2024-02-28
BSMC,Brandes U.S. Small-Mid Cap Value ETF,2024-02-28
BUFZ,FT Vest Laddered Moderate Buffer ETF,2024-02-28
NVDQ,T-Rex 2X Inverse NVIDIA Daily Target ETF,2024-02-28
SING,SinglePoint Inc.,2024-02-28
XFEB,FT Vest U.S. Equity Enhance & Moderate Buffer ETF - February,2024-02-28
BSMC,Brandes U.S. Small-Mid Cap Value ETF,2024-02-29
BUFZ,FT Vest Laddered Moderate Buffer ETF,2024-02-29
NVDQ,T-Rex 2X Inverse NVIDIA Daily Target ETF,2024-02-29
SING,SinglePoint Inc.,2024-02-29
XFEB,FT Vest U.S. Equity Enhance & Moderate Buffer ETF - February,2024-02-29
BSMC,Brandes U.S. Small-Mid Cap Value ETF,2024-03-01
BUFZ,FT Vest Laddered Moderate Buffer ETF,2024-03-01
NVDQ,T-Rex 2X Inverse NVIDIA Daily Target ETF,2024-03-01
SING,SinglePoint Inc.,2024-03-01
XFEB,FT Vest U.S. Equity Enhance & Moderate Buffer ETF - February,2024-03-01
BSMC,Brandes U.S. Small-Mid Cap Value ETF,2024-03-04
BUFZ,FT Vest Laddered Moderate Buffer ETF,2024-03-04
GDE,WisdomTree Efficient Gold Plus Equity Strategy Fund,2024-03-04
NVDQ,T-Rex 2X Inverse NVIDIA Daily Target ETF,2024-03-04
SING,SinglePoint Inc.,2024-03-04
XFEB,FT Vest U.S. Equity Enhance & Moderate Buffer ETF - February,2024-03-04
BUFZ,FT Vest Laddered Moderate Buffer ETF,2024-03-05
GDE,WisdomTree Efficient Gold Plus Equity Strategy Fund,2024-03-05
NVDQ,T-Rex 2X Inverse NVIDIA Daily Target ETF,2024-03-05
SING,SinglePoint Inc.,2024-03-05
XFEB,FT Vest U.S. Equity Enhance & Moderate Buffer ETF - February,2024-03-05
BUFZ,FT Vest Laddered Moderate Buffer ETF,2024-03-06
GDE,WisdomTree Efficient Gold Plus Equity Strategy Fund,2024-03-06
NVDQ,T-Rex 2X Inverse NVIDIA Daily Target ETF,2024-03-06
SING,SinglePoint Inc.,2024-03-06
XFEB,FT Vest U.S. Equity Enhance & Moderate Buffer ETF - February,2024-03-06
BUFZ,FT Vest Laddered Moderate Buffer ETF,2024-03-07
GDE,WisdomTree Efficient Gold Plus Equity Strategy Fund,2024-03-07
NVDQ,T-Rex 2X Inverse NVIDIA Daily Target ETF,2024-03-07
SING,SinglePoint Inc.,2024-03-07
XFEB,FT Vest U.S. Equity Enhance & Moderate Buffer ETF - February,2024-03-07
BUFZ,FT Vest Laddered Moderate Buffer ETF,2024-03-08
GDE,WisdomTree Efficient Gold Plus Equity Strategy Fund,2024-03-08
NVDQ,T-Rex 2X Inverse NVIDIA Daily Target ETF,2024-03-08
SING,SinglePoint Inc.,2024-03-08
XFEB,FT Vest U.S. Equity Enhance & Moderate Buffer ETF - February,2024-03-08
BUFZ,FT Vest Laddered Moderate Buffer ETF,2024-03-11
GDE,WisdomTree Efficient Gold Plus Equity Strategy Fund,2024-03-11
NVDQ,T-Rex 2X Inverse NVIDIA Daily Target ETF,2024-03-11
SING,SinglePoint Inc.,2024-03-11
XFEB,FT Vest U.S. Equity Enhance & Moderate Buffer ETF - February,2024-03-11
BUFZ,FT Vest Laddered Moderate Buffer ETF,2024-03-12
GDE,WisdomTree Efficient Gold Plus Equity Strategy Fund,2024-03-12
NVDQ,T-Rex 2X Inverse NVIDIA Daily Target ETF,2024-03-12
SING,SinglePoint Inc.,2024-03-12
STLG,iShares Factors US Growth Style ETF,2024-03-12
XFEB,FT Vest U.S. Equity Enhance & Moderate Buffer ETF - February,2024-03-12
BUFZ,FT Vest Laddered Moderate Buffer ETF,2024-03-13
GDE,WisdomTree Efficient Gold Plus Equity Strategy Fund,2024-03-13
NVDQ,T-Rex 2X Inverse NVIDIA Daily Target ETF,2024-03-13
SING,SinglePoint Inc.,2024-03-13
STLG,iShares Factors US Growth Style ETF,2024-03-13
XFEB,FT Vest U.S. Equity Enhance & Moderate Buffer ETF - February,2024-03-13
BUFZ,FT Vest Laddered Moderate Buffer ETF,2024-03-14
GDE,WisdomTree Efficient Gold Plus Equity Strategy Fund,2024-03-14
NVDQ,T-Rex 2X Inverse NVIDIA Daily Target ETF,2024-03-14
STLG,iShares Factors US Growth Style ETF,2024-03-14
BUFZ,FT Vest Laddered Moderate Buffer ETF,2024-03-15
GDE,WisdomTree Efficient Gold Plus Equity Strategy Fund,2024-03-15
NVDQ,T-Rex 2X Inverse NVIDIA Daily Target ETF,2024-03-15
STLG,iShares Factors US Growth Style ETF,2024-03-15
BUFZ,FT Vest Laddered Moderate Buffer ETF,2024-03-18
GDE,WisdomTree Efficient Gold Plus Equity Strategy Fund,2024-03-18
NVDQ,T-Rex 2X Inverse NVIDIA Daily Target ETF,2024-03-18
STLG,iShares Factors US Growth Style ETF,2024-03-18
BUFZ,FT Vest Laddered Moderate Buffer ETF,2024-03-19
GDE,WisdomTree Efficient Gold Plus Equity Strategy Fund,2024-03-19
MVFD,Monarch Volume Factor Dividend Tree Index ETF,2024-03-19
NVDQ,T-Rex 2X Inverse NVIDIA Daily Target ETF,2024-03-19
STLG,iShares Factors US Growth Style ETF,2024-03-19
UVXY,ProShares Ultra VIX Short-Term Futures ETF,2024-03-19
BUFZ,FT Vest Laddered Moderate Buffer ETF,2024-03-20
GDE,WisdomTree Efficient Gold Plus Equity Strategy Fund,2024-03-20
MVFD,Monarch Volume Factor Dividend Tree Index ETF,2024-03-20
NVDQ,T-Rex 2X Inverse NVIDIA Daily Target ETF,2024-03-20
PSMD,Pacer Swan SOS Moderate (January) ETF,2024-03-20
STLG,iShares Factors US Growth Style ETF,2024-03-20
UVXY,ProShares Ultra VIX Short-Term Futures ETF,2024-03-20
BUFZ,FT Vest Laddered Moderate Buffer ETF,2024-03-21
GDE,WisdomTree Efficient Gold Plus Equity Strategy Fund,2024-03-21
GMAR,FT Vest U.S. Equity Moderate Buffer ETF - March,2024-03-21
MVFD,Monarch Volume Factor Dividend Tree Index ETF,2024-03-21
NVDQ,T-Rex 2X Inverse NVIDIA Daily Target ETF,2024-03-21
PSMD,Pacer Swan SOS Moderate (January) ETF,2024-03-21
STLG,iShares Factors US Growth Style ETF,2024-03-21
UVXY,ProShares Ultra VIX Short-Term Futures ETF,2024-03-21
BUFZ,FT Vest Laddered Moderate Buffer ETF,2024-03-22
GDE,WisdomTree Efficient Gold Plus Equity Strategy Fund,2024-03-22
GMAR,FT Vest U.S. Equity Moderate Buffer ETF - March,2024-03-22
MVFD,Monarch Volume Factor Dividend Tree Index ETF,2024-03-22
NVDQ,T-Rex 2X Inverse NVIDIA Daily Target ETF,2024-03-22
PSMD,Pacer Swan SOS Moderate (January) ETF,2024-03-22
STLG,iShares Factors US Growth Style ETF,2024-03-22
UVXY,ProShares Ultra VIX Short-Term Futures ETF,2024-03-22
BUFZ,FT Vest Laddered Moderate Buffer ETF,2024-03-25
GDE,WisdomTree Efficient Gold Plus Equity Strategy Fund,2024-03-25
GMAR,FT Vest U.S. Equity Moderate Buffer ETF - March,2024-03-25
MVFD,Monarch Volume Factor Dividend Tree Index ETF,2024-03-25
NVDQ,T-Rex 2X Inverse NVIDIA Daily Target ETF,2024-03-25
PSMD,Pacer Swan SOS Moderate (January) ETF,2024-03-25
STLG,iShares Factors US Growth Style ETF,2024-03-25
UVXY,ProShares Ultra VIX Short-Term Futures ETF,2024-03-25
BUFZ,FT Vest Laddered Moderate Buffer ETF,2024-03-26
GDE,WisdomTree Efficient Gold Plus Equity Strategy Fund,2024-03-26
GMAR,FT Vest U.S. Equity Moderate Buffer ETF - March,2024-03-26
MVFD,Monarch Volume Factor Dividend Tree Index ETF,2024-03-26
NVDQ,T-Rex 2X Inverse NVIDIA Daily Target ETF,2024-03-26
PSMD,Pacer Swan SOS Moderate (January) ETF,2024-03-26
STLG,iShares Factors US Growth Style ETF,2024-03-26
UVXY,ProShares Ultra VIX Short-Term Futures ETF,2024-03-26
ADFI,Anfield Dynamic Fixed Income ETF,2024-03-27
BUFZ,FT Vest Laddered Moderate Buffer ETF,2024-03-27
GDE,WisdomTree Efficient Gold Plus Equity Strategy Fund,2024-03-27
GMAR,FT Vest U.S. Equity Moderate Buffer ETF - March,2024-03-27
MVFD,Monarch Volume Factor Dividend Tree Index ETF,2024-03-27
NVDQ,T-Rex 2X Inverse NVIDIA Daily Target ETF,2024-03-27
PSMD,Pacer Swan SOS Moderate (January) ETF,2024-03-27
STLG,iShares Factors US Growth Style ETF,2024-03-27
UVXY,ProShares Ultra VIX Short-Term Futures ETF,2024-03-27
ADFI,Anfield Dynamic Fixed Income ETF,2024-03-28
BUFZ,FT Vest Laddered Moderate Buffer ETF,2024-03-28
GDE,WisdomTree Efficient Gold Plus Equity Strategy Fund,2024-03-28
GMAR,FT Vest U.S. Equity Moderate Buffer ETF - March,2024-03-28
MVFD,Monarch Volume Factor Dividend Tree Index ETF,2024-03-28
NVDQ,T-Rex 2X Inverse NVIDIA Daily Target ETF,2024-03-28
STLG,iShares Factors US Growth Style ETF,2024-03-28
UVXY,ProShares Ultra VIX Short-Term Futures ETF,2024-03-28
ADFI,Anfield Dynamic Fixed Income ETF,2024-04-01
BUFZ,FT Vest Laddered Moderate Buffer ETF,2024-04-01
GDE,WisdomTree Efficient Gold Plus Equity Strategy Fund,2024-04-01
GMAR,FT Vest U.S. Equity Moderate Buffer ETF - March,2024-04-01
MVFD,Monarch Volume Factor Dividend Tree Index ETF,2024-04-01
NVDQ,T-Rex 2X Inverse NVIDIA Daily Target ETF,2024-04-01
STLG,iShares Factors US Growth Style ETF,2024-04-01
UVXY,ProShares Ultra VIX Short-Term Futures ETF,2024-04-01
ADFI,Anfield Dynamic Fixed Income ETF,2024-04-02
BUFZ,FT Vest Laddered Moderate Buffer ETF,2024-04-02
GDE,WisdomTree Efficient Gold Plus Equity Strategy Fund,2024-04-02
GMAR,FT Vest U.S. Equity Moderate Buffer ETF - March,2024-04-02
MVFD,Monarch Volume Factor Dividend Tree Index ETF,2024-04-02
NVDQ,T-Rex 2X Inverse NVIDIA Daily Target ETF,2024-04-02
STLG,iShares Factors US Growth Style ETF,2024-04-02
UVXY,ProShares Ultra VIX Short-Term Futures ETF,2024-04-02
ADFI,Anfield Dynamic Fixed Income ETF,2024-04-03
BUFZ,FT Vest Laddered Moderate Buffer ETF,2024-04-03
GDE,WisdomTree Efficient Gold Plus Equity Strategy Fund,2024-04-03
GMAR,FT Vest U.S. Equity Moderate Buffer ETF - March,2024-04-03
MVFD,Monarch Volume Factor Dividend Tree Index ETF,2024-04-03
NVDQ,T-Rex 2X Inverse NVIDIA Daily Target ETF,2024-04-03
STLG,iShares Factors US Growth Style ETF,2024-04-03
ADFI,Anfield Dynamic Fixed Income ETF,2024-04-04
BUFZ,FT Vest Laddered Moderate Buffer ETF,2024-04-04
GDE,WisdomTree Efficient Gold Plus Equity Strategy Fund,2024-04-04
GMAR,FT Vest U.S. Equity Moderate Buffer ETF - March,2024-04-04
NVDQ,T-Rex 2X Inverse NVIDIA Daily Target ETF,2024-04-04
ADFI,Anfield Dynamic Fixed Income ETF,2024-04-05
BUFZ,FT Vest Laddered Moderate Buffer ETF,2024-04-05
GDE,WisdomTree Efficient Gold Plus Equity Strategy Fund,2024-04-05
GMAR,FT Vest U.S. Equity Moderate Buffer ETF - March,2024-04-05
MARM,FT Vest U.S. Equity Max Buffer ETF - March,2024-04-05
NVDQ,T-Rex 2X Inverse NVIDIA Daily Target ETF,2024-04-05
BUFZ,FT Vest Laddered Moderate Buffer ETF,2024-04-08
GDE,WisdomTree Efficient Gold Plus Equity Strategy Fund,2024-04-08
GMAR,FT Vest U.S. Equity Moderate Buffer ETF - March,2024-04-08
MARM,FT Vest U.S. Equity Max Buffer ETF - March,2024-04-08
NVDQ,T-Rex 2X Inverse NVIDIA Daily Target ETF,2024-04-08
SVIX,-1x Short VIX Futures ETF,2024-04-08
AAPR,Innovator Equity Defined Protection ETF - 2 Yr to April 2026,2024-04-09
BUFZ,FT Vest Laddered Moderate Buffer ETF,2024-04-09
GDE,WisdomTree Efficient Gold Plus Equity Strategy Fund,2024-04-09
GMAR,FT Vest U.S. Equity Moderate Buffer ETF - March,2024-04-09
MARM,FT Vest U.S. Equity Max Buffer ETF - March,2024-04-09
NVDQ,T-Rex 2X Inverse NVIDIA Daily Target ETF,2024-04-09
PBAP,PGIM US Large-Cap Buffer 20 ETF - April,2024-04-09
SVIX,-1x Short VIX Futures ETF,2024-04-09
ZALT,Innovator U.S. Equity 10 Buffer ETF - Quarterly,2024-04-09
AAPR,Innovator Equity Defined Protection ETF - 2 Yr to April 2026,2024-04-10
BUFZ,FT Vest Laddered Moderate Buffer ETF,2024-04-10
GDE,WisdomTree Efficient Gold Plus Equity Strategy Fund,2024-04-10
GMAR,FT Vest U.S. Equity Moderate Buffer ETF - March,2024-04-10
MARM,FT Vest U.S. Equity Max Buffer ETF - March,2024-04-10
NVDQ,T-Rex 2X Inverse NVIDIA Daily Target ETF,2024-04-10
PBAP,PGIM US Large-Cap Buffer 20 ETF - April,2024-04-10
SVIX,-1x Short VIX Futures ETF,2024-04-10
ZALT,Innovator U.S. Equity 10 Buffer ETF - Quarterly,2024-04-10
AAPR,Innovator Equity Defined Protection ETF - 2 Yr to April 2026,2024-04-11
BUFZ,FT Vest Laddered Moderate Buffer ETF,2024-04-11
GDE,WisdomTree Efficient Gold Plus Equity Strategy Fund,2024-04-11
MARM,FT Vest U.S. Equity Max Buffer ETF - March,2024-04-11
NVDQ,T-Rex 2X Inverse NVIDIA Daily Target ETF,2024-04-11
PBAP,PGIM US Large-Cap Buffer 20 ETF - April,2024-04-11
SVIX,-1x Short VIX Futures ETF,2024-04-11
ZALT,Innovator U.S. Equity 10 Buffer ETF - Quarterly,2024-04-11
AAPR,Innovator Equity Defined Protection ETF - 2 Yr to April 2026,2024-04-12
BUFZ,FT Vest Laddered Moderate Buffer ETF,2024-04-12
GDE,WisdomTree Efficient Gold Plus Equity Strategy Fund,2024-04-12
MARM,FT Vest U.S. Equity Max Buffer ETF - March,2024-04-12
NVDQ,T-Rex 2X Inverse NVIDIA Daily Target ETF,2024-04-12
PBAP,PGIM US Large-Cap Buffer 20 ETF - April,2024-04-12
SVIX,-1x Short VIX Futures ETF,2024-04-12
ZALT,Innovator U.S. Equity 10 Buffer ETF - Quarterly,2024-04-12
AAPR,Innovator Equity Defined Protection ETF - 2 Yr to April 2026,2024-04-15
BUFZ,FT Vest Laddered Moderate Buffer ETF,2024-04-15
GDE,WisdomTree Efficient Gold Plus Equity Strategy Fund,2024-04-15
MARM,FT Vest U.S. Equity Max Buffer ETF - March,2024-04-15
NVDQ,T-Rex 2X Inverse NVIDIA Daily Target ETF,2024-04-15
PBAP,PGIM US Large-Cap Buffer 20 ETF - April,2024-04-15
SVIX,-1x Short VIX Futures ETF,2024-04-15
ZALT,Innovator U.S. Equity 10 Buffer ETF - Quarterly,2024-04-15
AAPR,Innovator Equity Defined Protection ETF - 2 Yr to April 2026,2024-04-16
BUFZ,FT Vest Laddered Moderate Buffer ETF,2024-04-16
GDE,WisdomTree Efficient Gold Plus Equity Strategy Fund,2024-04-16
MARM,FT Vest U.S. Equity Max Buffer ETF - March,2024-04-16
NVDQ,T-Rex 2X Inverse NVIDIA Daily Target ETF,2024-04-16
PBAP,PGIM US Large-Cap Buffer 20 ETF - April,2024-04-16
SVIX,-1x Short VIX Futures ETF,2024-04-16
ZALT,Innovator U.S. Equity 10 Buffer ETF - Quarterly,2024-04-16
AAPR,Innovator Equity Defined Protection ETF - 2 Yr to April 2026,2024-04-17
BUFZ,FT Vest Laddered Moderate Buffer ETF,2024-04-17
GDE,WisdomTree Efficient Gold Plus Equity Strategy Fund,2024-04-17
MARM,FT Vest U.S. Equity Max Buffer ETF - March,2024-04-17
NVDQ,T-Rex 2X Inverse NVIDIA Daily Target ETF,2024-04-17
PBAP,PGIM US Large-Cap Buffer 20 ETF - April,2024-04-17
SVIX,-1x Short VIX Futures ETF,2024-04-17
AAPR,Innovator Equity Defined Protection ETF - 2 Yr to April 2026,2024-04-18
BUFZ,FT Vest Laddered Moderate Buffer ETF,2024-04-18
GDE,WisdomTree Efficient Gold Plus Equity Strategy Fund,2024-04-18
MARM,FT Vest U.S. Equity Max Buffer ETF - March,2024-04-18
NVDQ,T-Rex 2X Inverse NVIDIA Daily Target ETF,2024-04-18
SVIX,-1x Short VIX Futures ETF,2024-04-18
GDE,WisdomTree Efficient Gold Plus Equity Strategy Fund,2024-04-19
MARM,FT Vest U.S. Equity Max Buffer ETF - March,2024-04-19
NVDQ,T-Rex 2X Inverse NVIDIA Daily Target ETF,2024-04-19
STBF,Performance Trust Short Term Bond ETF,2024-04-19
SVIX,-1x Short VIX Futures ETF,2024-04-19
GDE,WisdomTree Efficient Gold Plus Equity Strategy Fund,2024-04-22
MARM,FT Vest U.S. Equity Max Buffer ETF - March,2024-04-22
MSMR,McElhenny Sheffield Managed Risk ETF,2024-04-22
NVDQ,T-Rex 2X Inverse NVIDIA Daily Target ETF,2024-04-22
STBF,Performance Trust Short Term Bond ETF,2024-04-22
UVXY,ProShares Ultra VIX Short-Term Futures ETF,2024-04-22
GDE,WisdomTree Efficient Gold Plus Equity Strategy Fund,2024-04-23
MARM,FT Vest U.S. Equity Max Buffer ETF - March,2024-04-23
MSMR,McElhenny Sheffield Managed Risk ETF,2024-04-23
NVDQ,T-Rex 2X Inverse NVIDIA Daily Target ETF,2024-04-23
STBF,Performance Trust Short Term Bond ETF,2024-04-23
UVIX,2x Long VIX Futures ETF,2024-04-23
UVXY,ProShares Ultra VIX Short-Term Futures ETF,2024-04-23
GDE,WisdomTree Efficient Gold Plus Equity Strategy Fund,2024-04-24
MARM,FT Vest U.S. Equity Max Buffer ETF - March,2024-04-24
MSMR,McElhenny Sheffield Managed Risk ETF,2024-04-24
NVDQ,T-Rex 2X Inverse NVIDIA Daily Target ETF,2024-04-24
STBF,Performance Trust Short Term Bond ETF,2024-04-24
UVIX,2x Long VIX Futures ETF,2024-04-24
UVXY,ProShares Ultra VIX Short-Term Futures ETF,2024-04-24
GDE,WisdomTree Efficient Gold Plus Equity Strategy Fund,2024-04-25
MARM,FT Vest U.S. Equity Max Buffer ETF - March,2024-04-25
MSMR,McElhenny Sheffield Managed Risk ETF,2024-04-25
NVDQ,T-Rex 2X Inverse NVIDIA Daily Target ETF,2024-04-25
STBF,Performance Trust Short Term Bond ETF,2024-04-25
UVIX,2x Long VIX Futures ETF,2024-04-25
UVXY,ProShares Ultra VIX Short-Term Futures ETF,2024-04-25
GDE,WisdomTree Efficient Gold Plus Equity Strategy Fund,2024-04-26
MSMR,McElhenny Sheffield Managed Risk ETF,2024-04-26
NVDQ,T-Rex 2X Inverse NVIDIA Daily Target ETF,2024-04-26
STBF,Performance Trust Short Term Bond ETF,2024-04-26
UVIX,2x Long VIX Futures ETF,2024-04-26
UVXY,ProShares Ultra VIX Short-Term Futures ETF,2024-04-26
GDE,WisdomTree Efficient Gold Plus Equity Strategy Fund,2024-04-29
MSMR,McElhenny Sheffield Managed Risk ETF,2024-04-29
NVDQ,T-Rex 2X Inverse NVIDIA Daily Target ETF,2024-04-29
UVIX,2x Long VIX Futures ETF,2024-04-29
UVXY,ProShares Ultra VIX Short-Term Futures ETF,2024-04-29
GDE,WisdomTree Efficient Gold Plus Equity Strategy Fund,2024-04-30
MSMR,McElhenny Sheffield Managed Risk ETF,2024-04-30
NVDQ,T-Rex 2X Inverse NVIDIA Daily Target ETF,2024-04-30
UVIX,2x Long VIX Futures ETF,2024-04-30
UVXY,ProShares Ultra VIX Short-Term Futures ETF,2024-04-30
GDE,WisdomTree Efficient Gold Plus Equity Strategy Fund,2024-05-01
MSMR,McElhenny Sheffield Managed Risk ETF,2024-05-01
NVDQ,T-Rex 2X Inverse NVIDIA Daily Target ETF,2024-05-01
UVIX,2x Long VIX Futures ETF,2024-05-01
UVXY,ProShares Ultra VIX Short-Term Futures ETF,2024-05-01
GDE,WisdomTree Efficient Gold Plus Equity Strategy Fund,2024-05-02
MSMR,McElhenny Sheffield Managed Risk ETF,2024-05-02
NVDQ,T-Rex 2X Inverse NVIDIA Daily Target ETF,2024-05-02
QCAP,FT Vest Nasdaq-100 Conservative Buffer ETF - April,2024-05-02
UVIX,2x Long VIX Futures ETF,2024-05-02
GDE,WisdomTree Efficient Gold Plus Equity Strategy Fund,2024-05-03
MSMR,McElhenny Sheffield Managed Risk ETF,2024-05-03
NVDQ,T-Rex 2X Inverse NVIDIA Daily Target ETF,2024-05-03
QCAP,FT Vest Nasdaq-100 Conservative Buffer ETF - April,2024-05-03
UVIX,2x Long VIX Futures ETF,2024-05-03
GDE,WisdomTree Efficient Gold Plus Equity Strategy Fund,2024-05-06
NVDQ,T-Rex 2X Inverse NVIDIA Daily Target ETF,2024-05-06
QCAP,FT Vest Nasdaq-100 Conservative Buffer ETF - April,2024-05-06
UVIX,2x Long VIX Futures ETF,2024-05-06
GDE,WisdomTree Efficient Gold Plus Equity Strategy Fund,2024-05-07
NVDQ,T-Rex 2X Inverse NVIDIA Daily Target ETF,2024-05-07
QCAP,FT Vest Nasdaq-100 Conservative Buffer ETF - April,2024-05-07
UVIX,2x Long VIX Futures ETF,2024-05-07
NVDQ,T-Rex 2X Inverse NVIDIA Daily Target ETF,2024-05-08
QCAP,FT Vest Nasdaq-100 Conservative Buffer ETF - April,2024-05-08
UVIX,2x Long VIX Futures ETF,2024-05-08
NVDQ,T-Rex 2X Inverse NVIDIA Daily Target ETF,2024-05-09
PBMY,PGIM US Large-Cap Buffer 20 ETF - May,2024-05-09
QCAP,FT Vest Nasdaq-100 Conservative Buffer ETF - April,2024-05-09
UVIX,2x Long VIX Futures ETF,2024-05-09
NVDQ,T-Rex 2X Inverse NVIDIA Daily Target ETF,2024-05-10
PBMY,PGIM US Large-Cap Buffer 20 ETF - May,2024-05-10
QCAP,FT Vest Nasdaq-100 Conservative Buffer ETF - April,2024-05-10
NVDQ,T-Rex 2X Inverse NVIDIA Daily Target ETF,2024-05-13
PBMY,PGIM US Large-Cap Buffer 20 ETF - May,2024-05-13
QCAP,FT Vest Nasdaq-100 Conservative Buffer ETF - April,2024-05-13
IETC,iShares U.S. Tech Independence Focused ETF,2024-05-14
NVDQ,T-Rex 2X Inverse NVIDIA Daily Target ETF,2024-05-14
PBMY,PGIM US Large-Cap Buffer 20 ETF - May,2024-05-14
QCAP,FT Vest Nasdaq-100 Conservative Buffer ETF - April,2024-05-14
IETC,iShares U.S. Tech Independence Focused ETF,2024-05-15
NVDQ,T-Rex 2X Inverse NVIDIA Daily Target ETF,2024-05-15
PBMY,PGIM US Large-Cap Buffer 20 ETF - May,2024-05-15
IETC,iShares U.S. Tech Independence Focused ETF,2024-05-16
NVDQ,T-Rex 2X Inverse NVIDIA Daily Target ETF,2024-05-16
PBMY,PGIM US Large-Cap Buffer 20 ETF - May,2024-05-16
IETC,iShares U.S. Tech Independence Focused ETF,2024-05-17
NVDQ,T-Rex 2X Inverse NVIDIA Daily Target ETF,2024-05-17
IETC,iShares U.S. Tech Independence Focused ETF,2024-05-20
NVDQ,T-Rex 2X Inverse NVIDIA Daily Target ETF,2024-05-20
IETC,iShares U.S. Tech Independence Focused ETF,2024-05-21
NVDQ,T-Rex 2X Inverse NVIDIA Daily Target ETF,2024-05-21
FLQS,Franklin U.S. Small Cap Multifactor Index ETF,2024-05-22
NVDQ,T-Rex 2X Inverse NVIDIA Daily Target ETF,2024-05-22
BAPR,Innovator U.S. Equity Buffer ETF - April,2024-05-23
FLQS,Franklin U.S. Small Cap Multifactor Index ETF,2024-05-23
GMAY,FT Vest U.S. Equity Moderate Buffer ETF - May,2024-05-23
NVDQ,T-Rex 2X Inverse NVIDIA Daily Target ETF,2024-05-23
UAPR,Innovator U.S. Equity Ultra Buffer ETF - April,2024-05-23
BAPR,Innovator U.S. Equity Buffer ETF - April,2024-05-24
FLQS,Franklin U.S. Small Cap Multifactor Index ETF,2024-05-24
GMAY,FT Vest U.S. Equity Moderate Buffer ETF - May,2024-05-24
NVDQ,T-Rex 2X Inverse NVIDIA Daily Target ETF,2024-05-24
UAPR,Innovator U.S. Equity Ultra Buffer ETF - April,2024-05-24
XAPR,FT Vest U.S. Equity Enhance & Moderate Buffer ETF - April,2024-05-24
BAPR,Innovator U.S. Equity Buffer ETF - April,2024-05-28
FLQS,Franklin U.S. Small Cap Multifactor Index ETF,2024-05-28
GHMS,Goose Hollow Multi-Strategy Income ETF,2024-05-28
GMAY,FT Vest U.S. Equity Moderate Buffer ETF - May,2024-05-28
NVDQ,T-Rex 2X Inverse NVIDIA Daily Target ETF,2024-05-28
PSMR,Pacer Swan SOS Moderate (April) ETF,2024-05-28
UAPR,Innovator U.S. Equity Ultra Buffer ETF - April,2024-05-28
VHAI,Vocodia Holdings Corp.,2024-05-28
XAPR,FT Vest U.S. Equity Enhance & Moderate Buffer ETF - April,2024-05-28
BAPR,Innovator U.S. Equity Buffer ETF - April,2024-05-29
FLQS,Franklin U.S. Small Cap Multifactor Index ETF,2024-05-29
GHMS,Goose Hollow Multi-Strategy Income ETF,2024-05-29
GMAY,FT Vest U.S. Equity Moderate Buffer ETF - May,2024-05-29
NVDQ,T-Rex 2X Inverse NVIDIA Daily Target ETF,2024-05-29
PSMR,Pacer Swan SOS Moderate (April) ETF,2024-05-29
QMMY,FT Vest Nasdaq-100 Moderate Buffer ETF - May,2024-05-29
UAPR,Innovator U.S. Equity Ultra Buffer ETF - April,2024-05-29
VHAI,Vocodia Holdings Corp.,2024-05-29
XAPR,FT Vest U.S. Equity Enhance & Moderate Buffer ETF - April,2024-05-29
BAPR,Innovator U.S. Equity Buffer ETF - April,2024-05-30
FLQS,Franklin U.S. Small Cap Multifactor Index ETF,2024-05-30
GHMS,Goose Hollow Multi-Strategy Income ETF,2024-05-30
GMAY,FT Vest U.S. Equity Moderate Buffer ETF - May,2024-05-30
NVDQ,T-Rex 2X Inverse NVIDIA Daily Target ETF,2024-05-30
PSMR,Pacer Swan SOS Moderate (April) ETF,2024-05-30
QMMY,FT Vest Nasdaq-100 Moderate Buffer ETF - May,2024-05-30
UAPR,Innovator U.S. Equity Ultra Buffer ETF - April,2024-05-30
VHAI,Vocodia Holdings Corp.,2024-05-30
XAPR,FT Vest U.S. Equity Enhance & Moderate Buffer ETF - April,2024-05-30
BAPR,Innovator U.S. Equity Buffer ETF - April,2024-05-31
FLQS,Franklin U.S. Small Cap Multifactor Index ETF,2024-05-31
GHMS,Goose Hollow Multi-Strategy Income ETF,2024-05-31
GMAY,FT Vest U.S. Equity Moderate Buffer ETF - May,2024-05-31
NVDQ,T-Rex 2X Inverse NVIDIA Daily Target ETF,2024-05-31
PSMR,Pacer Swan SOS Moderate (April) ETF,2024-05-31
QMMY,FT Vest Nasdaq-100 Moderate Buffer ETF - May,2024-05-31
SDVD,FT Vest SMID Rising Dividend Achievers Target Income ETF,2024-05-31
UAPR,Innovator U.S. Equity Ultra Buffer ETF - April,2024-05-31
VHAI,Vocodia Holdings Corp.,2024-05-31
XAPR,FT Vest U.S. Equity Enhance & Moderate Buffer ETF - April,2024-05-31
BAPR,Innovator U.S. Equity Buffer ETF - April,2024-06-03
DMAY,FT Vest U.S. Equity Deep Buffer ETF - May,2024-06-03
GHMS,Goose Hollow Multi-Strategy Income ETF,2024-06-03
GMAY,FT Vest U.S. Equity Moderate Buffer ETF - May,2024-06-03
NVDQ,T-Rex 2X Inverse NVIDIA Daily Target ETF,2024-06-03
PSMR,Pacer Swan SOS Moderate (April) ETF,2024-06-03
QMMY,FT Vest Nasdaq-100 Moderate Buffer ETF - May,2024-06-03
SDVD,FT Vest SMID Rising Dividend Achievers Target Income ETF,2024-06-03
VHAI,Vocodia Holdings Corp.,2024-06-03
XAPR,FT Vest U.S. Equity Enhance & Moderate Buffer ETF - April,2024-06-03
BAPR,Innovator U.S. Equity Buffer ETF - April,2024-06-04
DMAY,FT Vest U.S. Equity Deep Buffer ETF - May,2024-06-04
GHMS,Goose Hollow Multi-Strategy Income ETF,2024-06-04
GMAY,FT Vest U.S. Equity Moderate Buffer ETF - May,2024-06-04
NVDQ,T-Rex 2X Inverse NVIDIA Daily Target ETF,2024-06-04
PSMR,Pacer Swan SOS Moderate (April) ETF,2024-06-04
QMMY,FT Vest Nasdaq-100 Moderate Buffer ETF - May,2024-06-04
SDVD,FT Vest SMID Rising Dividend Achievers Target Income ETF,2024-06-04
VHAI,Vocodia Holdings Corp.,2024-06-04
XAPR,FT Vest U.S. Equity Enhance & Moderate Buffer ETF - April,2024-06-04
BAPR,Innovator U.S. Equity Buffer ETF - April,2024-06-05
DMAY,FT Vest U.S. Equity Deep Buffer ETF - May,2024-06-05
GMAY,FT Vest U.S. Equity Moderate Buffer ETF - May,2024-06-05
NVDQ,T-Rex 2X Inverse NVIDIA Daily Target ETF,2024-06-05
PSMR,Pacer Swan SOS Moderate (April) ETF,2024-06-05
QMMY,FT Vest Nasdaq-100 Moderate Buffer ETF - May,2024-06-05
SDVD,FT Vest SMID Rising Dividend Achievers Target Income ETF,2024-06-05
VHAI,Vocodia Holdings Corp.,2024-06-05
DMAY,FT Vest U.S. Equity Deep Buffer ETF - May,2024-06-06
GMAY,FT Vest U.S. Equity Moderate Buffer ETF - May,2024-06-06
NVDQ,T-Rex 2X Inverse NVIDIA Daily Target ETF,2024-06-06
QMMY,FT Vest Nasdaq-100 Moderate Buffer ETF - May,2024-06-06
SDVD,FT Vest SMID Rising Dividend Achievers Target Income ETF,2024-06-06
VHAI,Vocodia Holdings Corp.,2024-06-06
DMAY,FT Vest U.S. Equity Deep Buffer ETF - May,2024-06-07
GMAY,FT Vest U.S. Equity Moderate Buffer ETF - May,2024-06-07
NVDQ,T-Rex 2X Inverse NVIDIA Daily Target ETF,2024-06-07
QMMY,FT Vest Nasdaq-100 Moderate Buffer ETF - May,2024-06-07
SDVD,FT Vest SMID Rising Dividend Achievers Target Income ETF,2024-06-07
VHAI,Vocodia Holdings Corp.,2024-06-07
DMAY,FT Vest U.S. Equity Deep Buffer ETF - May,2024-06-10
GMAY,FT Vest U.S. Equity Moderate Buffer ETF - May,2024-06-10
NVDQ,T-Rex 2X Inverse NVIDIA Daily Target ETF,2024-06-10
PBJN,PGIM US Large-Cap Buffer 20 ETF - June,2024-06-10
QMMY,FT Vest Nasdaq-100 Moderate Buffer ETF - May,2024-06-10
SDVD,FT Vest SMID Rising Dividend Achievers Target Income ETF,2024-06-10
VHAI,Vocodia Holdings Corp.,2024-06-10
GMAY,FT Vest U.S. Equity Moderate Buffer ETF - May,2024-06-11
NVDQ,T-Rex 2X Inverse NVIDIA Daily Target ETF,2024-06-11
PBJN,PGIM US Large-Cap Buffer 20 ETF - June,2024-06-11
QMMY,FT Vest Nasdaq-100 Moderate Buffer ETF - May,2024-06-11
SDVD,FT Vest SMID Rising Dividend Achievers Target Income ETF,2024-06-11
VHAI,Vocodia Holdings Corp.,2024-06-11
GMAY,FT Vest U.S. Equity Moderate Buffer ETF - May,2024-06-12
NVDQ,T-Rex 2X Inverse NVIDIA Daily Target ETF,2024-06-12
PBJN,PGIM US Large-Cap Buffer 20 ETF - June,2024-06-12
QMMY,FT Vest Nasdaq-100 Moderate Buffer ETF - May,2024-06-12
SDVD,FT Vest SMID Rising Dividend Achievers Target Income ETF,2024-06-12
VHAI,Vocodia Holdings Corp.,2024-06-12
GMAY,FT Vest U.S. Equity Moderate Buffer ETF - May,2024-06-13
NVDQ,T-Rex 2X Inverse NVIDIA Daily Target ETF,2024-06-13
PBJN,PGIM US Large-Cap Buffer 20 ETF - June,2024-06-13
QMMY,FT Vest Nasdaq-100 Moderate Buffer ETF - May,2024-06-13
VHAI,Vocodia Holdings Corp.,2024-06-13
GMAY,FT Vest U.S. Equity Moderate Buffer ETF - May,2024-06-14
JUNP,PGIM US Large-Cap Buffer 12 ETF - June,2024-06-14
NVDQ,T-Rex 2X Inverse NVIDIA Daily Target ETF,2024-06-14
PBJN,PGIM US Large-Cap Buffer 20 ETF - June,2024-06-14
VHAI,Vocodia Holdings Corp.,2024-06-14
GMAY,FT Vest U.S. Equity Moderate Buffer ETF - May,2024-06-17
JUNP,PGIM US Large-Cap Buffer 12 ETF - June,2024-06-17
NVDQ,T-Rex 2X Inverse NVIDIA Daily Target ETF,2024-06-17
PBJN,PGIM US Large-Cap Buffer 20 ETF - June,2024-06-17
UJUN,Innovator U.S. Equity Ultra Buffer ETF - June,2024-06-17
VHAI,Vocodia Holdings Corp.,2024-06-17
GMAY,FT Vest U.S. Equity Moderate Buffer ETF - May,2024-06-18
JUNP,PGIM US Large-Cap Buffer 12 ETF - June,2024-06-18
NVDQ,T-Rex 2X Inverse NVIDIA Daily Target ETF,2024-06-18
PBJN,PGIM US Large-Cap Buffer 20 ETF - June,2024-06-18
UJUN,Innovator U.S. Equity Ultra Buffer ETF - June,2024-06-18
VHAI,Vocodia Holdings Corp.,2024-06-18
GMAY,FT Vest U.S. Equity Moderate Buffer ETF - May,2024-06-20
JUNP,PGIM US Large-Cap Buffer 12 ETF - June,2024-06-20
NVDQ,T-Rex 2X Inverse NVIDIA Daily Target ETF,2024-06-20
PBJN,PGIM US Large-Cap Buffer 20 ETF - June,2024-06-20
UJUN,Innovator U.S. Equity Ultra Buffer ETF - June,2024-06-20
UVXY,ProShares Ultra VIX Short-Term Futures ETF,2024-06-20
VHAI,Vocodia Holdings Corp.,2024-06-20
FPAG,FPA Global Equity ETF,2024-06-21
JUNP,PGIM US Large-Cap Buffer 12 ETF - June,2024-06-21
NVDQ,T-Rex 2X Inverse NVIDIA Daily Target ETF,2024-06-21
PBJN,PGIM US Large-Cap Buffer 20 ETF - June,2024-06-21
UJUN,Innovator U.S. Equity Ultra Buffer ETF - June,2024-06-21
UVXY,ProShares Ultra VIX Short-Term Futures ETF,2024-06-21
VHAI,Vocodia Holdings Corp.,2024-06-21
FPAG,FPA Global Equity ETF,2024-06-24
JUNP,PGIM US Large-Cap Buffer 12 ETF - June,2024-06-24
NVDQ,T-Rex 2X Inverse NVIDIA Daily Target ETF,2024-06-24
PBJN,PGIM US Large-Cap Buffer 20 ETF - June,2024-06-24
UJUN,Innovator U.S. Equity Ultra Buffer ETF - June,2024-06-24
UVXY,ProShares Ultra VIX Short-Term Futures ETF,2024-06-24
VHAI,Vocodia Holdings Corp.,2024-06-24
XUSP,Innovator Uncapped Accelerated U.S. Equity ETF,2024-06-24
FPAG,FPA Global Equity ETF,2024-06-25
JUNP,PGIM US Large-Cap Buffer 12 ETF - June,2024-06-25
NVDQ,T-Rex 2X Inverse NVIDIA Daily Target ETF,2024-06-25
PBJN,PGIM US Large-Cap Buffer 20 ETF - June,2024-06-25
UJUN,Innovator U.S. Equity Ultra Buffer ETF - June,2024-06-25
UVXY,ProShares Ultra VIX Short-Term Futures ETF,2024-06-25
VHAI,Vocodia Holdings Corp.,2024-06-25
VTEI,Vanguard Intermediate-Term Tax-Exempt Bond ETF,2024-06-25
XUSP,Innovator Uncapped Accelerated U.S. Equity ETF,2024-06-25
FPAG,FPA Global Equity ETF,2024-06-26
JUNP,PGIM US Large-Cap Buffer 12 ETF - June,2024-06-26
NVDQ,T-Rex 2X Inverse NVIDIA Daily Target ETF,2024-06-26
PBJN,PGIM US Large-Cap Buffer 20 ETF - June,2024-06-26
UJUN,Innovator U.S. Equity Ultra Buffer ETF - June,2024-06-26
UVXY,ProShares Ultra VIX Short-Term Futures ETF,2024-06-26
VHAI,Vocodia Holdings Corp.,2024-06-26
VTEI,Vanguard Intermediate-Term Tax-Exempt Bond ETF,2024-06-26
XUSP,Innovator Uncapped Accelerated U.S. Equity ETF,2024-06-26
FPAG,FPA Global Equity ETF,2024-06-27
JUNP,PGIM US Large-Cap Buffer 12 ETF - June,2024-06-27
NVDQ,T-Rex 2X Inverse NVIDIA Daily Target ETF,2024-06-27
PBJN,PGIM US Large-Cap Buffer 20 ETF - June,2024-06-27
UVXY,ProShares Ultra VIX Short-Term Futures ETF,2024-06-27
VHAI,Vocodia Holdings Corp.,2024-06-27
VTEI,Vanguard Intermediate-Term Tax-Exempt Bond ETF,2024-06-27
XUSP,Innovator Uncapped Accelerated U.S. Equity ETF,2024-06-27
FPAG,FPA Global Equity ETF,2024-06-28
JUNP,PGIM US Large-Cap Buffer 12 ETF - June,2024-06-28
NVDQ,T-Rex 2X Inverse NVIDIA Daily Target ETF,2024-06-28
UVXY,ProShares Ultra VIX Short-Term Futures ETF,2024-06-28
VHAI,Vocodia Holdings Corp.,2024-06-28
VTEI,Vanguard Intermediate-Term Tax-Exempt Bond ETF,2024-06-28
XUSP,Innovator Uncapped Accelerated U.S. Equity ETF,2024-06-28
JUNM,FT Vest U.S. Equity Max Buffer ETF - June,2024-07-01
JUNP,PGIM US Large-Cap Buffer 12 ETF - June,2024-07-01
NVDQ,T-Rex 2X Inverse NVIDIA Daily Target ETF,2024-07-01
UVXY,ProShares Ultra VIX Short-Term Futures ETF,2024-07-01
VHAI,Vocodia Holdings Corp.,2024-07-01
VTEI,Vanguard Intermediate-Term Tax-Exempt Bond ETF,2024-07-01
XUSP,Innovator Uncapped Accelerated U.S. Equity ETF,2024-07-01
JUNM,FT Vest U.S. Equity Max Buffer ETF - June,2024-07-03
NVDQ,T-Rex 2X Inverse NVIDIA Daily Target ETF,2024-07-03
UVXY,ProShares Ultra VIX Short-Term Futures ETF,2024-07-03
VHAI,Vocodia Holdings Corp.,2024-07-03
VTEI,Vanguard Intermediate-Term Tax-Exempt Bond ETF,2024-07-03
JUNM,FT Vest U.S. Equity Max Buffer ETF - June,2024-07-05
NVDQ,T-Rex 2X Inverse NVIDIA Daily Target ETF,2024-07-05
VHAI,Vocodia Holdings Corp.,2024-07-05
VTEI,Vanguard Intermediate-Term Tax-Exempt Bond ETF,2024-07-05
JUNM,FT Vest U.S. Equity Max Buffer ETF - June,2024-07-02
NVDQ,T-Rex 2X Inverse NVIDIA Daily Target ETF,2024-07-02
UVXY,ProShares Ultra VIX Short-Term Futures ETF,2024-07-02
VHAI,Vocodia Holdings Corp.,2024-07-02
VTEI,Vanguard Intermediate-Term Tax-Exempt Bond ETF,2024-07-02
JUNM,FT Vest U.S. Equity Max Buffer ETF - June,2024-07-08
NVDQ,T-Rex 2X Inverse NVIDIA Daily Target ETF,2024-07-08
UJUL,Innovator U.S. Equity Ultra Buffer ETF - July,2024-07-08
VHAI,Vocodia Holdings Corp.,2024-07-08
VTEI,Vanguard Intermediate-Term Tax-Exempt Bond ETF,2024-07-08
GSEP,FT Vest U.S. Equity Moderate Buffer ETF - September,2024-07-09
JUNM,FT Vest U.S. Equity Max Buffer ETF - June,2024-07-09
NVDQ,T-Rex 2X Inverse NVIDIA Daily Target ETF,2024-07-09
UJUL,Innovator U.S. Equity Ultra Buffer ETF - July,2024-07-09
VHAI,Vocodia Holdings Corp.,2024-07-09
VTEI,Vanguard Intermediate-Term Tax-Exempt Bond ETF,2024-07-09
ZJUL,Innovator Equity Defined Protection ETF - 1 Yr July,2024-07-09
GSEP,FT Vest U.S. Equity Moderate Buffer ETF - September,2024-07-10
JUNM,FT Vest U.S. Equity Max Buffer ETF - June,2024-07-10
NVDQ,T-Rex 2X Inverse NVIDIA Daily Target ETF,2024-07-10
UJUL,Innovator U.S. Equity Ultra Buffer ETF - July,2024-07-10
VHAI,Vocodia Holdings Corp.,2024-07-10
VTEI,Vanguard Intermediate-Term Tax-Exempt Bond ETF,2024-07-10
ZJUL,Innovator Equity Defined Protection ETF - 1 Yr July,2024-07-10
GSEP,FT Vest U.S. Equity Moderate Buffer ETF - September,2024-07-11
JUNM,FT Vest U.S. Equity Max Buffer ETF - June,2024-07-11
NVDQ,T-Rex 2X Inverse NVIDIA Daily Target ETF,2024-07-11
UJUL,Innovator U.S. Equity Ultra Buffer ETF - July,2024-07-11
VHAI,Vocodia Holdings Corp.,2024-07-11
VTEI,Vanguard Intermediate-Term Tax-Exempt Bond ETF,2024-07-11
ZJUL,Innovator Equity Defined Protection ETF - 1 Yr July,2024-07-11
GSEP,FT Vest U.S. Equity Moderate Buffer ETF - September,2024-07-12
JUNM,FT Vest U.S. Equity Max Buffer ETF - June,2024-07-12
NVDQ,T-Rex 2X Inverse NVIDIA Daily Target ETF,2024-07-12
UJUL,Innovator U.S. Equity Ultra Buffer ETF - July,2024-07-12
UVXY,ProShares Ultra VIX Short-Term Futures ETF,2024-07-12
VHAI,Vocodia Holdings Corp.,2024-07-12
VTEI,Vanguard Intermediate-Term Tax-Exempt Bond ETF,2024-07-12
ZJUL,Innovator Equity Defined Protection ETF - 1 Yr July,2024-07-12
GSEP,FT Vest U.S. Equity Moderate Buffer ETF - September,2024-07-15
JULU,AllianzIM U.S. Equity Buffer15 Uncapped Jul ETF,2024-07-15
JUNM,FT Vest U.S. Equity Max Buffer ETF - June,2024-07-15
NVDQ,T-Rex 2X Inverse NVIDIA Daily Target ETF,2024-07-15
UJUL,Innovator U.S. Equity Ultra Buffer ETF - July,2024-07-15
UVXY,ProShares Ultra VIX Short-Term Futures ETF,2024-07-15
VHAI,Vocodia Holdings Corp.,2024-07-15
VTEI,Vanguard Intermediate-Term Tax-Exempt Bond ETF,2024-07-15
ZJUL,Innovator Equity Defined Protection ETF - 1 Yr July,2024-07-15
GSEP,FT Vest U.S. Equity Moderate Buffer ETF - September,2024-07-16
JULU,AllianzIM U.S. Equity Buffer15 Uncapped Jul ETF,2024-07-16
JUNM,FT Vest U.S. Equity Max Buffer ETF - June,2024-07-16
NVDQ,T-Rex 2X Inverse NVIDIA Daily Target ETF,2024-07-16
UJUL,Innovator U.S. Equity Ultra Buffer ETF - July,2024-07-16
UVXY,ProShares Ultra VIX Short-Term Futures ETF,2024-07-16
VHAI,Vocodia Holdings Corp.,2024-07-16
VTEI,Vanguard Intermediate-Term Tax-Exempt Bond ETF,2024-07-16
ZJUL,Innovator Equity Defined Protection ETF - 1 Yr July,2024-07-16
JULU,AllianzIM U.S. Equity Buffer15 Uncapped Jul ETF,2024-07-17
JUNM,FT Vest U.S. Equity Max Buffer ETF - June,2024-07-17
NVDQ,T-Rex 2X Inverse NVIDIA Daily Target ETF,2024-07-17
UVXY,ProShares Ultra VIX Short-Term Futures ETF,2024-07-17
VHAI,Vocodia Holdings Corp.,2024-07-17
VTEI,Vanguard Intermediate-Term Tax-Exempt Bond ETF,2024-07-17
ZJUL,Innovator Equity Defined Protection ETF - 1 Yr July,2024-07-17
AJUL,Innovator Equity Defined Protection ETF - 2 Yr to July 2026,2024-07-18
JULU,AllianzIM U.S. Equity Buffer15 Uncapped Jul ETF,2024-07-18
JUNM,FT Vest U.S. Equity Max Buffer ETF - June,2024-07-18
NVDQ,T-Rex 2X Inverse NVIDIA Daily Target ETF,2024-07-18
UVXY,ProShares Ultra VIX Short-Term Futures ETF,2024-07-18
VTEI,Vanguard Intermediate-Term Tax-Exempt Bond ETF,2024-07-18
ZJUL,Innovator Equity Defined Protection ETF - 1 Yr July,2024-07-18
AJUL,Innovator Equity Defined Protection ETF - 2 Yr to July 2026,2024-07-19
JULU,AllianzIM U.S. Equity Buffer15 Uncapped Jul ETF,2024-07-19
JUNM,FT Vest U.S. Equity Max Buffer ETF - June,2024-07-19
NVDQ,T-Rex 2X Inverse NVIDIA Daily Target ETF,2024-07-19
UVXY,ProShares Ultra VIX Short-Term Futures ETF,2024-07-19
ZJUL,Innovator Equity Defined Protection ETF - 1 Yr July,2024-07-19
AJUL,Innovator Equity Defined Protection ETF - 2 Yr to July 2026,2024-07-22
JULU,AllianzIM U.S. Equity Buffer15 Uncapped Jul ETF,2024-07-22
JUNM,FT Vest U.S. Equity Max Buffer ETF - June,2024-07-22
NVDQ,T-Rex 2X Inverse NVIDIA Daily Target ETF,2024-07-22
RMIF,LHA Risk-Managed Income ETF,2024-07-22
UVXY,ProShares Ultra VIX Short-Term Futures ETF,2024-07-22
XJUL,FT Vest U.S. Equity Enhance & Moderate Buffer ETF - July,2024-07-22
ZJUL,Innovator Equity Defined Protection ETF - 1 Yr July,2024-07-22
AJUL,Innovator Equity Defined Protection ETF - 2 Yr to July 2026,2024-07-23
JULU,AllianzIM U.S. Equity Buffer15 Uncapped Jul ETF,2024-07-23
JUNM,FT Vest U.S. Equity Max Buffer ETF - June,2024-07-23
NVDQ,T-Rex 2X Inverse NVIDIA Daily Target ETF,2024-07-23
RMIF,LHA Risk-Managed Income ETF,2024-07-23
UVXY,ProShares Ultra VIX Short-Term Futures ETF,2024-07-23
XJUL,FT Vest U.S. Equity Enhance & Moderate Buffer ETF - July,2024-07-23
ZJUL,Innovator Equity Defined Protection ETF - 1 Yr July,2024-07-23
AJUL,Innovator Equity Defined Protection ETF - 2 Yr to July 2026,2024-07-24
JUNM,FT Vest U.S. Equity Max Buffer ETF - June,2024-07-24
NVDQ,T-Rex 2X Inverse NVIDIA Daily Target ETF,2024-07-24
RMIF,LHA Risk-Managed Income ETF,2024-07-24
UVXY,ProShares Ultra VIX Short-Term Futures ETF,2024-07-24
XJUL,FT Vest U.S. Equity Enhance & Moderate Buffer ETF - July,2024-07-24
AJUL,Innovator Equity Defined Protection ETF - 2 Yr to July 2026,2024-07-25
GJUL,FT Vest U.S. Equity Moderate Buffer ETF - July,2024-07-25
JUNM,FT Vest U.S. Equity Max Buffer ETF - June,2024-07-25
NVDQ,T-Rex 2X Inverse NVIDIA Daily Target ETF,2024-07-25
RMIF,LHA Risk-Managed Income ETF,2024-07-25
UVXY,ProShares Ultra VIX Short-Term Futures ETF,2024-07-25
XJUL,FT Vest U.S. Equity Enhance & Moderate Buffer ETF - July,2024-07-25
GJUL,FT Vest U.S. Equity Moderate Buffer ETF - July,2024-07-26
JUNM,FT Vest U.S. Equity Max Buffer ETF - June,2024-07-26
NVDQ,T-Rex 2X Inverse NVIDIA Daily Target ETF,2024-07-26
RMIF,LHA Risk-Managed Income ETF,2024-07-26
UVIX,2x Long VIX Futures ETF,2024-07-26
UVXY,ProShares Ultra VIX Short-Term Futures ETF,2024-07-26
XJUL,FT Vest U.S. Equity Enhance & Moderate Buffer ETF - July,2024-07-26
GJUL,FT Vest U.S. Equity Moderate Buffer ETF - July,2024-07-29
JUNM,FT Vest U.S. Equity Max Buffer ETF - June,2024-07-29
NVDQ,T-Rex 2X Inverse NVIDIA Daily Target ETF,2024-07-29
QCJL,FT Vest Nasdaq-100 Conservative Buffer ETF - July,2024-07-29
RMIF,LHA Risk-Managed Income ETF,2024-07-29
UVIX,2x Long VIX Futures ETF,2024-07-29
UVXY,ProShares Ultra VIX Short-Term Futures ETF,2024-07-29
XJUL,FT Vest U.S. Equity Enhance & Moderate Buffer ETF - July,2024-07-29
GJUL,FT Vest U.S. Equity Moderate Buffer ETF - July,2024-07-30
JUNM,FT Vest U.S. Equity Max Buffer ETF - June,2024-07-30
NVDQ,T-Rex 2X Inverse NVIDIA Daily Target ETF,2024-07-30
QCJL,FT Vest Nasdaq-100 Conservative Buffer ETF - July,2024-07-30
RMIF,LHA Risk-Managed Income ETF,2024-07-30
UVIX,2x Long VIX Futures ETF,2024-07-30
UVXY,ProShares Ultra VIX Short-Term Futures ETF,2024-07-30
XJUL,FT Vest U.S. Equity Enhance & Moderate Buffer ETF - July,2024-07-30
GJUL,FT Vest U.S. Equity Moderate Buffer ETF - July,2024-07-31
JUNM,FT Vest U.S. Equity Max Buffer ETF - June,2024-07-31
NVDQ,T-Rex 2X Inverse NVIDIA Daily Target ETF,2024-07-31
QCJL,FT Vest Nasdaq-100 Conservative Buffer ETF - July,2024-07-31
RMIF,LHA Risk-Managed Income ETF,2024-07-31
SING,SinglePoint Inc.,2024-07-31
UVIX,2x Long VIX Futures ETF,2024-07-31
UVXY,ProShares Ultra VIX Short-Term Futures ETF,2024-07-31
XJUL,FT Vest U.S. Equity Enhance & Moderate Buffer ETF - July,2024-07-31
GJUL,FT Vest U.S. Equity Moderate Buffer ETF - July,2024-08-01
JUNM,FT Vest U.S. Equity Max Buffer ETF - June,2024-08-01
NVDQ,T-Rex 2X Inverse NVIDIA Daily Target ETF,2024-08-01
QCJL,FT Vest Nasdaq-100 Conservative Buffer ETF - July,2024-08-01
RMIF,LHA Risk-Managed Income ETF,2024-08-01
SING,SinglePoint Inc.,2024-08-01
SVAL,iShares US Small Cap Value Factor ETF,2024-08-01
UVIX,2x Long VIX Futures ETF,2024-08-01
UVXY,ProShares Ultra VIX Short-Term Futures ETF,2024-08-01
XJUL,FT Vest U.S. Equity Enhance & Moderate Buffer ETF - July,2024-08-01
GJUL,FT Vest U.S. Equity Moderate Buffer ETF - July,2024-08-02
JUNM,FT Vest U.S. Equity Max Buffer ETF - June,2024-08-02
NVDQ,T-Rex 2X Inverse NVIDIA Daily Target ETF,2024-08-02
QCJL,FT Vest Nasdaq-100 Conservative Buffer ETF - July,2024-08-02
RMIF,LHA Risk-Managed Income ETF,2024-08-02
SING,SinglePoint Inc.,2024-08-02
SVAL,iShares US Small Cap Value Factor ETF,2024-08-02
UVIX,2x Long VIX Futures ETF,2024-08-02
UVXY,ProShares Ultra VIX Short-Term Futures ETF,2024-08-02
XJUL,FT Vest U.S. Equity Enhance & Moderate Buffer ETF - July,2024-08-02
GJUL,FT Vest U.S. Equity Moderate Buffer ETF - July,2024-08-05
JUNM,FT Vest U.S. Equity Max Buffer ETF - June,2024-08-05
NVDQ,T-Rex 2X Inverse NVIDIA Daily Target ETF,2024-08-05
QCJL,FT Vest Nasdaq-100 Conservative Buffer ETF - July,2024-08-05
RMIF,LHA Risk-Managed Income ETF,2024-08-05
SING,SinglePoint Inc.,2024-08-05
SVAL,iShares US Small Cap Value Factor ETF,2024-08-05
UVIX,2x Long VIX Futures ETF,2024-08-05
UVXY,ProShares Ultra VIX Short-Term Futures ETF,2024-08-05
XJUL,FT Vest U.S. Equity Enhance & Moderate Buffer ETF - July,2024-08-05
GHMS,Goose Hollow Multi-Strategy Income ETF,2024-08-06
GJUL,FT Vest U.S. Equity Moderate Buffer ETF - July,2024-08-06
JUNM,FT Vest U.S. Equity Max Buffer ETF - June,2024-08-06
NVDQ,T-Rex 2X Inverse NVIDIA Daily Target ETF,2024-08-06
QCJL,FT Vest Nasdaq-100 Conservative Buffer ETF - July,2024-08-06
SING,SinglePoint Inc.,2024-08-06
SVAL,iShares US Small Cap Value Factor ETF,2024-08-06
UVIX,2x Long VIX Futures ETF,2024-08-06
UVXY,ProShares Ultra VIX Short-Term Futures ETF,2024-08-06
XJUL,FT Vest U.S. Equity Enhance & Moderate Buffer ETF - July,2024-08-06
GHMS,Goose Hollow Multi-Strategy Income ETF,2024-08-07
GJUL,FT Vest U.S. Equity Moderate Buffer ETF - July,2024-08-07
JUNM,FT Vest U.S. Equity Max Buffer ETF - June,2024-08-07
NVDQ,T-Rex 2X Inverse NVIDIA Daily Target ETF,2024-08-07
QCJL,FT Vest Nasdaq-100 Conservative Buffer ETF - July,2024-08-07
SING,SinglePoint Inc.,2024-08-07
SVAL,iShares US Small Cap Value Factor ETF,2024-08-07
UAUG,Innovator U.S. Equity Ultra Buffer ETF - August,2024-08-07
UVIX,2x Long VIX Futures ETF,2024-08-07
UVXY,ProShares Ultra VIX Short-Term Futures ETF,2024-08-07
XJUL,FT Vest U.S. Equity Enhance & Moderate Buffer ETF - July,2024-08-07
GHMS,Goose Hollow Multi-Strategy Income ETF,2024-08-08
GJUL,FT Vest U.S. Equity Moderate Buffer ETF - July,2024-08-08
JUNM,FT Vest U.S. Equity Max Buffer ETF - June,2024-08-08
QCJL,FT Vest Nasdaq-100 Conservative Buffer ETF - July,2024-08-08
SVAL,iShares US Small Cap Value Factor ETF,2024-08-08
UAUG,Innovator U.S. Equity Ultra Buffer ETF - August,2024-08-08
UVIX,2x Long VIX Futures ETF,2024-08-08
UVXY,ProShares Ultra VIX Short-Term Futures ETF,2024-08-08
BTCL,T-Rex 2X Long Bitcoin Daily Target ETF,2024-08-09
GHMS,Goose Hollow Multi-Strategy Income ETF,2024-08-09
GJUL,FT Vest U.S. Equity Moderate Buffer ETF - July,2024-08-09
JUNM,FT Vest U.S. Equity Max Buffer ETF - June,2024-08-09
QBER,TrueShares Quarterly Bear Hedge ETF,2024-08-09
QCJL,FT Vest Nasdaq-100 Conservative Buffer ETF - July,2024-08-09
SVAL,iShares US Small Cap Value Factor ETF,2024-08-09
UAUG,Innovator U.S. Equity Ultra Buffer ETF - August,2024-08-09
UVIX,2x Long VIX Futures ETF,2024-08-09
UVXY,ProShares Ultra VIX Short-Term Futures ETF,2024-08-09
BTCL,T-Rex 2X Long Bitcoin Daily Target ETF,2024-08-12
GHMS,Goose Hollow Multi-Strategy Income ETF,2024-08-12
GJUL,FT Vest U.S. Equity Moderate Buffer ETF - July,2024-08-12
JUNM,FT Vest U.S. Equity Max Buffer ETF - June,2024-08-12
MVFG,Monarch Volume Factor Global Unconstrained Index ETF,2024-08-12
QBER,TrueShares Quarterly Bear Hedge ETF,2024-08-12
QCJL,FT Vest Nasdaq-100 Conservative Buffer ETF - July,2024-08-12
UAUG,Innovator U.S. Equity Ultra Buffer ETF - August,2024-08-12
UVIX,2x Long VIX Futures ETF,2024-08-12
UVXY,ProShares Ultra VIX Short-Term Futures ETF,2024-08-12
BTCL,T-Rex 2X Long Bitcoin Daily Target ETF,2024-08-13
GHMS,Goose Hollow Multi-Strategy Income ETF,2024-08-13
GJUL,FT Vest U.S. Equity Moderate Buffer ETF - July,2024-08-13
JUNM,FT Vest U.S. Equity Max Buffer ETF - June,2024-08-13
MVFG,Monarch Volume Factor Global Unconstrained Index ETF,2024-08-13
QBER,TrueShares Quarterly Bear Hedge ETF,2024-08-13
QCJL,FT Vest Nasdaq-100 Conservative Buffer ETF - July,2024-08-13
UAUG,Innovator U.S. Equity Ultra Buffer ETF - August,2024-08-13
UVIX,2x Long VIX Futures ETF,2024-08-13
UVXY,ProShares Ultra VIX Short-Term Futures ETF,2024-08-13
BTCL,T-Rex 2X Long Bitcoin Daily Target ETF,2024-08-14
GJUL,FT Vest U.S. Equity Moderate Buffer ETF - July,2024-08-14
JUNM,FT Vest U.S. Equity Max Buffer ETF - June,2024-08-14
MVFG,Monarch Volume Factor Global Unconstrained Index ETF,2024-08-14
QBER,TrueShares Quarterly Bear Hedge ETF,2024-08-14
QCJL,FT Vest Nasdaq-100 Conservative Buffer ETF - July,2024-08-14
UAUG,Innovator U.S. Equity Ultra Buffer ETF - August,2024-08-14
UVIX,2x Long VIX Futures ETF,2024-08-14
UVXY,ProShares Ultra VIX Short-Term Futures ETF,2024-08-14
BTCL,T-Rex 2X Long Bitcoin Daily Target ETF,2024-08-15
CAOS,Alpha Architect Tail Risk ETF,2024-08-15
GJUL,FT Vest U.S. Equity Moderate Buffer ETF - July,2024-08-15
JUNM,FT Vest U.S. Equity Max Buffer ETF - June,2024-08-15
MVFG,Monarch Volume Factor Global Unconstrained Index ETF,2024-08-15
QBER,TrueShares Quarterly Bear Hedge ETF,2024-08-15
QCJL,FT Vest Nasdaq-100 Conservative Buffer ETF - July,2024-08-15
UAUG,Innovator U.S. Equity Ultra Buffer ETF - August,2024-08-15
UVIX,2x Long VIX Futures ETF,2024-08-15
UVXY,ProShares Ultra VIX Short-Term Futures ETF,2024-08-15
ZAUG,Innovator Equity Defined Protection ETF - 1 Yr August,2024-08-15
BTCL,T-Rex 2X Long Bitcoin Daily Target ETF,2024-08-16
CAOS,Alpha Architect Tail Risk ETF,2024-08-16
GJUL,FT Vest U.S. Equity Moderate Buffer ETF - July,2024-08-16
JUNM,FT Vest U.S. Equity Max Buffer ETF - June,2024-08-16
MVFG,Monarch Volume Factor Global Unconstrained Index ETF,2024-08-16
QBER,TrueShares Quarterly Bear Hedge ETF,2024-08-16
QCJL,FT Vest Nasdaq-100 Conservative Buffer ETF - July,2024-08-16
UAUG,Innovator U.S. Equity Ultra Buffer ETF - August,2024-08-16
UVIX,2x Long VIX Futures ETF,2024-08-16
UVXY,ProShares Ultra VIX Short-Term Futures ETF,2024-08-16
ZAUG,Innovator Equity Defined Protection ETF - 1 Yr August,2024-08-16
BTCL,T-Rex 2X Long Bitcoin Daily Target ETF,2024-08-19
CAOS,Alpha Architect Tail Risk ETF,2024-08-19
JUNM,FT Vest U.S. Equity Max Buffer ETF - June,2024-08-19
MVFG,Monarch Volume Factor Global Unconstrained Index ETF,2024-08-19
QBER,TrueShares Quarterly Bear Hedge ETF,2024-08-19
QCJL,FT Vest Nasdaq-100 Conservative Buffer ETF - July,2024-08-19
UAUG,Innovator U.S. Equity Ultra Buffer ETF - August,2024-08-19
UVIX,2x Long VIX Futures ETF,2024-08-19
UVXY,ProShares Ultra VIX Short-Term Futures ETF,2024-08-19
ZAUG,Innovator Equity Defined Protection ETF - 1 Yr August,2024-08-19
BTCL,T-Rex 2X Long Bitcoin Daily Target ETF,2024-08-20
CAOS,Alpha Architect Tail Risk ETF,2024-08-20
GAUG,FT Vest U.S. Equity Moderate Buffer ETF - August,2024-08-20
JUNM,FT Vest U.S. Equity Max Buffer ETF - June,2024-08-20
QBER,TrueShares Quarterly Bear Hedge ETF,2024-08-20
QCJL,FT Vest Nasdaq-100 Conservative Buffer ETF - July,2024-08-20
UAUG,Innovator U.S. Equity Ultra Buffer ETF - August,2024-08-20
UVIX,2x Long VIX Futures ETF,2024-08-20
UVXY,ProShares Ultra VIX Short-Term Futures ETF,2024-08-20
ZAUG,Innovator Equity Defined Protection ETF - 1 Yr August,2024-08-20
BTCL,T-Rex 2X Long Bitcoin Daily Target ETF,2024-08-21
CAOS,Alpha Architect Tail Risk ETF,2024-08-21
GAUG,FT Vest U.S. Equity Moderate Buffer ETF - August,2024-08-21
JUNM,FT Vest U.S. Equity Max Buffer ETF - June,2024-08-21
KAUG,Innovator US Small Cap Power Buffer ETF - August,2024-08-21
QBER,TrueShares Quarterly Bear Hedge ETF,2024-08-21
QCJL,FT Vest Nasdaq-100 Conservative Buffer ETF - July,2024-08-21
UAUG,Innovator U.S. Equity Ultra Buffer ETF - August,2024-08-21
UVIX,2x Long VIX Futures ETF,2024-08-21
UVXY,ProShares Ultra VIX Short-Term Futures ETF,2024-08-21
ZAUG,Innovator Equity Defined Protection ETF - 1 Yr August,2024-08-21
BTCL,T-Rex 2X Long Bitcoin Daily Target ETF,2024-08-22
CAOS,Alpha Architect Tail Risk ETF,2024-08-22
GAUG,FT Vest U.S. Equity Moderate Buffer ETF - August,2024-08-22
JUNM,FT Vest U.S. Equity Max Buffer ETF - June,2024-08-22
KAUG,Innovator US Small Cap Power Buffer ETF - August,2024-08-22
QCJL,FT Vest Nasdaq-100 Conservative Buffer ETF - July,2024-08-22
SING,SinglePoint Inc.,2024-08-22
UAUG,Innovator U.S. Equity Ultra Buffer ETF - August,2024-08-22
UVIX,2x Long VIX Futures ETF,2024-08-22
ZAUG,Innovator Equity Defined Protection ETF - 1 Yr August,2024-08-22
BTCL,T-Rex 2X Long Bitcoin Daily Target ETF,2024-08-23
GAUG,FT Vest U.S. Equity Moderate Buffer ETF - August,2024-08-23
KAUG,Innovator US Small Cap Power Buffer ETF - August,2024-08-23
PSCJ,Pacer Swan SOS Conservative (July) ETF,2024-08-23
SING,SinglePoint Inc.,2024-08-23
UAUG,Innovator U.S. Equity Ultra Buffer ETF - August,2024-08-23
VIXY,ProShares VIX Short-Term Futures ETF,2024-08-23
ZAUG,Innovator Equity Defined Protection ETF - 1 Yr August,2024-08-23
BTCL,T-Rex 2X Long Bitcoin Daily Target ETF,2024-08-26
GAUG,FT Vest U.S. Equity Moderate Buffer ETF - August,2024-08-26
KAUG,Innovator US Small Cap Power Buffer ETF - August,2024-08-26
MINN,Mairs & Power Minnesota Municipal Bond ETF,2024-08-26
PSCJ,Pacer Swan SOS Conservative (July) ETF,2024-08-26
SING,SinglePoint Inc.,2024-08-26
UAUG,Innovator U.S. Equity Ultra Buffer ETF - August,2024-08-26
VIXY,ProShares VIX Short-Term Futures ETF,2024-08-26
ZAUG,Innovator Equity Defined Protection ETF - 1 Yr August,2024-08-26
BTCL,T-Rex 2X Long Bitcoin Daily Target ETF,2024-08-27
GAUG,FT Vest U.S. Equity Moderate Buffer ETF - August,2024-08-27
KAUG,Innovator US Small Cap Power Buffer ETF - August,2024-08-27
MINN,Mairs & Power Minnesota Municipal Bond ETF,2024-08-27
PSCJ,Pacer Swan SOS Conservative (July) ETF,2024-08-27
SING,SinglePoint Inc.,2024-08-27
UAUG,Innovator U.S. Equity Ultra Buffer ETF - August,2024-08-27
VIXY,ProShares VIX Short-Term Futures ETF,2024-08-27
ZAUG,Innovator Equity Defined Protection ETF - 1 Yr August,2024-08-27
BTCL,T-Rex 2X Long Bitcoin Daily Target ETF,2024-08-28
GAUG,FT Vest U.S. Equity Moderate Buffer ETF - August,2024-08-28
KAUG,Innovator US Small Cap Power Buffer ETF - August,2024-08-28
MINN,Mairs & Power Minnesota Municipal Bond ETF,2024-08-28
PSCJ,Pacer Swan SOS Conservative (July) ETF,2024-08-28
SING,SinglePoint Inc.,2024-08-28
VIXY,ProShares VIX Short-Term Futures ETF,2024-08-28
ZAUG,Innovator Equity Defined Protection ETF - 1 Yr August,2024-08-28
BTCL,T-Rex 2X Long Bitcoin Daily Target ETF,2024-08-29
GAUG,FT Vest U.S. Equity Moderate Buffer ETF - August,2024-08-29
KAUG,Innovator US Small Cap Power Buffer ETF - August,2024-08-29
MINN,Mairs & Power Minnesota Municipal Bond ETF,2024-08-29
PSCJ,Pacer Swan SOS Conservative (July) ETF,2024-08-29
SAUG,FT Vest U.S. Small Cap Moderate Buffer ETF - August,2024-08-29
SING,SinglePoint Inc.,2024-08-29
VIXY,ProShares VIX Short-Term Futures ETF,2024-08-29
ZAUG,Innovator Equity Defined Protection ETF - 1 Yr August,2024-08-29
AUGM,FT Vest U.S. Equity Max Buffer ETF - August,2024-08-30
BTCL,T-Rex 2X Long Bitcoin Daily Target ETF,2024-08-30
GAUG,FT Vest U.S. Equity Moderate Buffer ETF - August,2024-08-30
KAUG,Innovator US Small Cap Power Buffer ETF - August,2024-08-30
MINN,Mairs & Power Minnesota Municipal Bond ETF,2024-08-30
PSCJ,Pacer Swan SOS Conservative (July) ETF,2024-08-30
SAUG,FT Vest U.S. Small Cap Moderate Buffer ETF - August,2024-08-30
SING,SinglePoint Inc.,2024-08-30
VIXY,ProShares VIX Short-Term Futures ETF,2024-08-30
ZAUG,Innovator Equity Defined Protection ETF - 1 Yr August,2024-08-30
AUGM,FT Vest U.S. Equity Max Buffer ETF - August,2024-09-03
BTCL,T-Rex 2X Long Bitcoin Daily Target ETF,2024-09-03
BUFS,FT Vest Laddered Small Cap Moderate Buffer ETF,2024-09-03
GAUG,FT Vest U.S. Equity Moderate Buffer ETF - August,2024-09-03
KAUG,Innovator US Small Cap Power Buffer ETF - August,2024-09-03
MINN,Mairs & Power Minnesota Municipal Bond ETF,2024-09-03
PSCJ,Pacer Swan SOS Conservative (July) ETF,2024-09-03
SAUG,FT Vest U.S. Small Cap Moderate Buffer ETF - August,2024-09-03
VIXY,ProShares VIX Short-Term Futures ETF,2024-09-03
ZAUG,Innovator Equity Defined Protection ETF - 1 Yr August,2024-09-03
AUGM,FT Vest U.S. Equity Max Buffer ETF - August,2024-09-04
BUFS,FT Vest Laddered Small Cap Moderate Buffer ETF,2024-09-04
KAUG,Innovator US Small Cap Power Buffer ETF - August,2024-09-04
PSCJ,Pacer Swan SOS Conservative (July) ETF,2024-09-04
SAUG,FT Vest U.S. Small Cap Moderate Buffer ETF - August,2024-09-04
VIXY,ProShares VIX Short-Term Futures ETF,2024-09-04
ZAUG,Innovator Equity Defined Protection ETF - 1 Yr August,2024-09-04
AUGM,FT Vest U.S. Equity Max Buffer ETF - August,2024-09-05
BUFS,FT Vest Laddered Small Cap Moderate Buffer ETF,2024-09-05
KAUG,Innovator US Small Cap Power Buffer ETF - August,2024-09-05
SAUG,FT Vest U.S. Small Cap Moderate Buffer ETF - August,2024-09-05
ZAUG,Innovator Equity Defined Protection ETF - 1 Yr August,2024-09-05
AUGM,FT Vest U.S. Equity Max Buffer ETF - August,2024-09-06
BUFS,FT Vest Laddered Small Cap Moderate Buffer ETF,2024-09-06
SAUG,FT Vest U.S. Small Cap Moderate Buffer ETF - August,2024-09-06
ZAUG,Innovator Equity Defined Protection ETF - 1 Yr August,2024-09-06
AUGM,FT Vest U.S. Equity Max Buffer ETF - August,2024-09-09
BUFS,FT Vest Laddered Small Cap Moderate Buffer ETF,2024-09-09
SAUG,FT Vest U.S. Small Cap Moderate Buffer ETF - August,2024-09-09
USEP,Innovator U.S. Equity Ultra Buffer ETF - September,2024-09-09
ZAUG,Innovator Equity Defined Protection ETF - 1 Yr August,2024-09-09
AUGM,FT Vest U.S. Equity Max Buffer ETF - August,2024-09-10
BUFS,FT Vest Laddered Small Cap Moderate Buffer ETF,2024-09-10
SAUG,FT Vest U.S. Small Cap Moderate Buffer ETF - August,2024-09-10
USEP,Innovator U.S. Equity Ultra Buffer ETF - September,2024-09-10
ZAUG,Innovator Equity Defined Protection ETF - 1 Yr August,2024-09-10
AUGM,FT Vest U.S. Equity Max Buffer ETF - August,2024-09-11
BUFS,FT Vest Laddered Small Cap Moderate Buffer ETF,2024-09-11
SAUG,FT Vest U.S. Small Cap Moderate Buffer ETF - August,2024-09-11
USEP,Innovator U.S. Equity Ultra Buffer ETF - September,2024-09-11
AUGM,FT Vest U.S. Equity Max Buffer ETF - August,2024-09-12
BUFS,FT Vest Laddered Small Cap Moderate Buffer ETF,2024-09-12
SAUG,FT Vest U.S. Small Cap Moderate Buffer ETF - August,2024-09-12
USEP,Innovator U.S. Equity Ultra Buffer ETF - September,2024-09-12
ZSEP,Innovator Equity Defined Protection ETF - 1 Yr September,2024-09-12
AUGM,FT Vest U.S. Equity Max Buffer ETF - August,2024-09-13
BUFS,FT Vest Laddered Small Cap Moderate Buffer ETF,2024-09-13
SAUG,FT Vest U.S. Small Cap Moderate Buffer ETF - August,2024-09-13
USEP,Innovator U.S. Equity Ultra Buffer ETF - September,2024-09-13
ZSEP,Innovator Equity Defined Protection ETF - 1 Yr September,2024-09-13
AUGM,FT Vest U.S. Equity Max Buffer ETF - August,2024-09-16
BUFS,FT Vest Laddered Small Cap Moderate Buffer ETF,2024-09-16
SAUG,FT Vest U.S. Small Cap Moderate Buffer ETF - August,2024-09-16
USEP,Innovator U.S. Equity Ultra Buffer ETF - September,2024-09-16
ZSEP,Innovator Equity Defined Protection ETF - 1 Yr September,2024-09-16
BUFS,FT Vest Laddered Small Cap Moderate Buffer ETF,2024-09-17
SAUG,FT Vest U.S. Small Cap Moderate Buffer ETF - August,2024-09-17
USEP,Innovator U.S. Equity Ultra Buffer ETF - September,2024-09-17
ZSEP,Innovator Equity Defined Protection ETF - 1 Yr September,2024-09-17
BUFS,FT Vest Laddered Small Cap Moderate Buffer ETF,2024-09-18
SAUG,FT Vest U.S. Small Cap Moderate Buffer ETF - August,2024-09-18
USEP,Innovator U.S. Equity Ultra Buffer ETF - September,2024-09-18
ZSEP,Innovator Equity Defined Protection ETF - 1 Yr September,2024-09-18
BUFS,FT Vest Laddered Small Cap Moderate Buffer ETF,2024-09-19
KSEP,Innovator U.S. Small Cap Power Buffer ETF - September,2024-09-19
SAUG,FT Vest U.S. Small Cap Moderate Buffer ETF - August,2024-09-19
USEP,Innovator U.S. Equity Ultra Buffer ETF - September,2024-09-19
ZSEP,Innovator Equity Defined Protection ETF - 1 Yr September,2024-09-19
KSEP,Innovator U.S. Small Cap Power Buffer ETF - September,2024-09-20
SAUG,FT Vest U.S. Small Cap Moderate Buffer ETF - August,2024-09-20
USEP,Innovator U.S. Equity Ultra Buffer ETF - September,2024-09-20
ZSEP,Innovator Equity Defined Protection ETF - 1 Yr September,2024-09-20
KSEP,Innovator U.S. Small Cap Power Buffer ETF - September,2024-09-23
SAUG,FT Vest U.S. Small Cap Moderate Buffer ETF - August,2024-09-23
USEP,Innovator U.S. Equity Ultra Buffer ETF - September,2024-09-23
ZSEP,Innovator Equity Defined Protection ETF - 1 Yr September,2024-09-23
KSEP,Innovator U.S. Small Cap Power Buffer ETF - September,2024-09-24
SAUG,FT Vest U.S. Small Cap Moderate Buffer ETF - August,2024-09-24
USEP,Innovator U.S. Equity Ultra Buffer ETF - September,2024-09-24
XAUG,FT Vest U.S. Equity Enhance & Moderate Buffer ETF - August,2024-09-24
ZSEP,Innovator Equity Defined Protection ETF - 1 Yr September,2024-09-24
KSEP,Innovator U.S. Small Cap Power Buffer ETF - September,2024-09-25
SAUG,FT Vest U.S. Small Cap Moderate Buffer ETF - August,2024-09-25
USEP,Innovator U.S. Equity Ultra Buffer ETF - September,2024-09-25
XAUG,FT Vest U.S. Equity Enhance & Moderate Buffer ETF - August,2024-09-25
ZSEP,Innovator Equity Defined Protection ETF - 1 Yr September,2024-09-25
KSEP,Innovator U.S. Small Cap Power Buffer ETF - September,2024-09-26
SAUG,FT Vest U.S. Small Cap Moderate Buffer ETF - August,2024-09-26
USEP,Innovator U.S. Equity Ultra Buffer ETF - September,2024-09-26
XAUG,FT Vest U.S. Equity Enhance & Moderate Buffer ETF - August,2024-09-26
ZSEP,Innovator Equity Defined Protection ETF - 1 Yr September,2024-09-26
SAUG,FT Vest U.S. Small Cap Moderate Buffer ETF - August,2024-09-27
USEP,Innovator U.S. Equity Ultra Buffer ETF - September,2024-09-27
XAUG,FT Vest U.S. Equity Enhance & Moderate Buffer ETF - August,2024-09-27
ZSEP,Innovator Equity Defined Protection ETF - 1 Yr September,2024-09-27
SAUG,FT Vest U.S. Small Cap Moderate Buffer ETF - August,2024-09-30
USEP,Innovator U.S. Equity Ultra Buffer ETF - September,2024-09-30
XAUG,FT Vest U.S. Equity Enhance & Moderate Buffer ETF - August,2024-09-30
ZSEP,Innovator Equity Defined Protection ETF - 1 Yr September,2024-09-30
SAUG,FT Vest U.S. Small Cap Moderate Buffer ETF - August,2024-10-01
USEP,Innovator U.S. Equity Ultra Buffer ETF - September,2024-10-01
XAUG,FT Vest U.S. Equity Enhance & Moderate Buffer ETF - August,2024-10-01
SAUG,FT Vest U.S. Small Cap Moderate Buffer ETF - August,2024-10-02
USEP,Innovator U.S. Equity Ultra Buffer ETF - September,2024-10-02
SAUG,FT Vest U.S. Small Cap Moderate Buffer ETF - August,2024-10-03
USEP,Innovator U.S. Equity Ultra Buffer ETF - September,2024-10-03
FRDM,Freedom 100 Emerging Markets ETF,2024-10-04
SAUG,FT Vest U.S. Small Cap Moderate Buffer ETF - August,2024-10-04
USEP,Innovator U.S. Equity Ultra Buffer ETF - September,2024-10-04
FRDM,Freedom 100 Emerging Markets ETF,2024-10-07
NOCT,Innovator Growth-100 Power Buffer ETF- October,2024-10-07
SAUG,FT Vest U.S. Small Cap Moderate Buffer ETF - August,2024-10-07
UOCT,Innovator U.S. Equity Ultra Buffer ETF - October,2024-10-07
AOCT,Innovator Equity Defined Protection ETF - 2 Yr to October 2026,2024-10-08
APOC,Innovator Equity Defined Protection ETF - 6mo Apr/Oct,2024-10-08
FRDM,Freedom 100 Emerging Markets ETF,2024-10-08
NOCT,Innovator Growth-100 Power Buffer ETF- October,2024-10-08
SEPM,FT Vest U.S. Equity Max Buffer ETF - September,2024-10-08
UOCT,Innovator U.S. Equity Ultra Buffer ETF - October,2024-10-08
ZOCT,Innovator Equity Defined Protection ETF - 1 Yr October,2024-10-08
AOCT,Innovator Equity Defined Protection ETF - 2 Yr to October 2026,2024-10-09
APOC,Innovator Equity Defined Protection ETF - 6mo Apr/Oct,2024-10-09
FRDM,Freedom 100 Emerging Markets ETF,2024-10-09
NOCT,Innovator Growth-100 Power Buffer ETF- October,2024-10-09
SEPM,FT Vest U.S. Equity Max Buffer ETF - September,2024-10-09
UOCT,Innovator U.S. Equity Ultra Buffer ETF - October,2024-10-09
ZOCT,Innovator Equity Defined Protection ETF - 1 Yr October,2024-10-09
AOCT,Innovator Equity Defined Protection ETF - 2 Yr to October 2026,2024-10-10
APOC,Innovator Equity Defined Protection ETF - 6mo Apr/Oct,2024-10-10
FRDM,Freedom 100 Emerging Markets ETF,2024-10-10
NOCT,Innovator Growth-100 Power Buffer ETF- October,2024-10-10
SEPM,FT Vest U.S. Equity Max Buffer ETF - September,2024-10-10
UOCT,Innovator U.S. Equity Ultra Buffer ETF - October,2024-10-10
ZOCT,Innovator Equity Defined Protection ETF - 1 Yr October,2024-10-10
AOCT,Innovator Equity Defined Protection ETF - 2 Yr to October 2026,2024-10-11
APOC,Innovator Equity Defined Protection ETF - 6mo Apr/Oct,2024-10-11
FRDM,Freedom 100 Emerging Markets ETF,2024-10-11
NOCT,Innovator Growth-100 Power Buffer ETF- October,2024-10-11
SEPM,FT Vest U.S. Equity Max Buffer ETF - September,2024-10-11
UOCT,Innovator U.S. Equity Ultra Buffer ETF - October,2024-10-11
ZOCT,Innovator Equity Defined Protection ETF - 1 Yr October,2024-10-11
AOCT,Innovator Equity Defined Protection ETF - 2 Yr to October 2026,2024-10-15
APOC,Innovator Equity Defined Protection ETF - 6mo Apr/Oct,2024-10-15
NOCT,Innovator Growth-100 Power Buffer ETF- October,2024-10-15
SEPM,FT Vest U.S. Equity Max Buffer ETF - September,2024-10-15
UOCT,Innovator U.S. Equity Ultra Buffer ETF - October,2024-10-15
ZOCT,Innovator Equity Defined Protection ETF - 1 Yr October,2024-10-15
AOCT,Innovator Equity Defined Protection ETF - 2 Yr to October 2026,2024-10-16
APOC,Innovator Equity Defined Protection ETF - 6mo Apr/Oct,2024-10-16
SEPM,FT Vest U.S. Equity Max Buffer ETF - September,2024-10-16
UOCT,Innovator U.S. Equity Ultra Buffer ETF - October,2024-10-16
ZOCT,Innovator Equity Defined Protection ETF - 1 Yr October,2024-10-16
AOCT,Innovator Equity Defined Protection ETF - 2 Yr to October 2026,2024-10-17
APOC,Innovator Equity Defined Protection ETF - 6mo Apr/Oct,2024-10-17
SEPM,FT Vest U.S. Equity Max Buffer ETF - September,2024-10-17
UOCT,Innovator U.S. Equity Ultra Buffer ETF - October,2024-10-17
ZOCT,Innovator Equity Defined Protection ETF - 1 Yr October,2024-10-17
AOCT,Innovator Equity Defined Protection ETF - 2 Yr to October 2026,2024-10-18
APOC,Innovator Equity Defined Protection ETF - 6mo Apr/Oct,2024-10-18
SEPM,FT Vest U.S. Equity Max Buffer ETF - September,2024-10-18
UOCT,Innovator U.S. Equity Ultra Buffer ETF - October,2024-10-18
ZOCT,Innovator Equity Defined Protection ETF - 1 Yr October,2024-10-18
AOCT,Innovator Equity Defined Protection ETF - 2 Yr to October 2026,2024-10-21
SEPM,FT Vest U.S. Equity Max Buffer ETF - September,2024-10-21
UOCT,Innovator U.S. Equity Ultra Buffer ETF - October,2024-10-21
ZOCT,Innovator Equity Defined Protection ETF - 1 Yr October,2024-10-21
AOCT,Innovator Equity Defined Protection ETF - 2 Yr to October 2026,2024-10-22
SEPM,FT Vest U.S. Equity Max Buffer ETF - September,2024-10-22
UOCT,Innovator U.S. Equity Ultra Buffer ETF - October,2024-10-22
ZOCT,Innovator Equity Defined Protection ETF - 1 Yr October,2024-10-22
AOCT,Innovator Equity Defined Protection ETF - 2 Yr to October 2026,2024-10-23
GOCT,FT Vest U.S. Equity Moderate Buffer ETF - October,2024-10-23
MSTZ,T-Rex 2X Inverse MSTR Daily Target ETF,2024-10-23
SEPM,FT Vest U.S. Equity Max Buffer ETF - September,2024-10-23
UOCT,Innovator U.S. Equity Ultra Buffer ETF - October,2024-10-23
ZOCT,Innovator Equity Defined Protection ETF - 1 Yr October,2024-10-23
GOCT,FT Vest U.S. Equity Moderate Buffer ETF - October,2024-10-24
MSTZ,T-Rex 2X Inverse MSTR Daily Target ETF,2024-10-24
SEPM,FT Vest U.S. Equity Max Buffer ETF - September,2024-10-24
UOCT,Innovator U.S. Equity Ultra Buffer ETF - October,2024-10-24
ZOCT,Innovator Equity Defined Protection ETF - 1 Yr October,2024-10-24
GOCT,FT Vest U.S. Equity Moderate Buffer ETF - October,2024-10-25
MSTZ,T-Rex 2X Inverse MSTR Daily Target ETF,2024-10-25
UOCT,Innovator U.S. Equity Ultra Buffer ETF - October,2024-10-25
ZOCT,Innovator Equity Defined Protection ETF - 1 Yr October,2024-10-25
GOCT,FT Vest U.S. Equity Moderate Buffer ETF - October,2024-10-28
MSTZ,T-Rex 2X Inverse MSTR Daily Target ETF,2024-10-28
QCOC,FT Vest Nasdaq-100 Conservative Buffer ETF - October,2024-10-28
UOCT,Innovator U.S. Equity Ultra Buffer ETF - October,2024-10-28
ZOCT,Innovator Equity Defined Protection ETF - 1 Yr October,2024-10-28
GOCT,FT Vest U.S. Equity Moderate Buffer ETF - October,2024-10-29
MSTZ,T-Rex 2X Inverse MSTR Daily Target ETF,2024-10-29
QCOC,FT Vest Nasdaq-100 Conservative Buffer ETF - October,2024-10-29
UOCT,Innovator U.S. Equity Ultra Buffer ETF - October,2024-10-29
ZOCT,Innovator Equity Defined Protection ETF - 1 Yr October,2024-10-29
GOCT,FT Vest U.S. Equity Moderate Buffer ETF - October,2024-10-30
MSTZ,T-Rex 2X Inverse MSTR Daily Target ETF,2024-10-30
QCOC,FT Vest Nasdaq-100 Conservative Buffer ETF - October,2024-10-30
UOCT,Innovator U.S. Equity Ultra Buffer ETF - October,2024-10-30
ZOCT,Innovator Equity Defined Protection ETF - 1 Yr October,2024-10-30
GOCT,FT Vest U.S. Equity Moderate Buffer ETF - October,2024-10-31
MSTZ,T-Rex 2X Inverse MSTR Daily Target ETF,2024-10-31
QCOC,FT Vest Nasdaq-100 Conservative Buffer ETF - October,2024-10-31
UOCT,Innovator U.S. Equity Ultra Buffer ETF - October,2024-10-31
ZOCT,Innovator Equity Defined Protection ETF - 1 Yr October,2024-10-31
GOCT,FT Vest U.S. Equity Moderate Buffer ETF - October,2024-11-01
MSTZ,T-Rex 2X Inverse MSTR Daily Target ETF,2024-11-01
QCOC,FT Vest Nasdaq-100 Conservative Buffer ETF - October,2024-11-01
UOCT,Innovator U.S. Equity Ultra Buffer ETF - October,2024-11-01
GOCT,FT Vest U.S. Equity Moderate Buffer ETF - October,2024-11-04
MSTZ,T-Rex 2X Inverse MSTR Daily Target ETF,2024-11-04
QCOC,FT Vest Nasdaq-100 Conservative Buffer ETF - October,2024-11-04
DHDG,FT Vest U.S. Equity Quarterly 2.5 to 15 Buffer ETF,2024-11-05
GOCT,FT Vest U.S. Equity Moderate Buffer ETF - October,2024-11-05
MSTZ,T-Rex 2X Inverse MSTR Daily Target ETF,2024-11-05
QCOC,FT Vest Nasdaq-100 Conservative Buffer ETF - October,2024-11-05
DHDG,FT Vest U.S. Equity Quarterly 2.5 to 15 Buffer ETF,2024-11-06
GOCT,FT Vest U.S. Equity Moderate Buffer ETF - October,2024-11-06
MSTU,T-Rex 2X Long MSTR Daily Target ETF,2024-11-06
MSTZ,T-Rex 2X Inverse MSTR Daily Target ETF,2024-11-06
QCOC,FT Vest Nasdaq-100 Conservative Buffer ETF - October,2024-11-06
TDVI,FT Vest Technology Dividend Target Income ETF,2024-11-06
DHDG,FT Vest U.S. Equity Quarterly 2.5 to 15 Buffer ETF,2024-11-07
GOCT,FT Vest U.S. Equity Moderate Buffer ETF - October,2024-11-07
MSTU,T-Rex 2X Long MSTR Daily Target ETF,2024-11-07
MSTZ,T-Rex 2X Inverse MSTR Daily Target ETF,2024-11-07
PBNV,PGIM US Large-Cap Buffer 20 ETF - November,2024-11-07
QCOC,FT Vest Nasdaq-100 Conservative Buffer ETF - October,2024-11-07
TDVI,FT Vest Technology Dividend Target Income ETF,2024-11-07
UNOV,Innovator U.S. Equity Ultra Buffer ETF - November,2024-11-07
XIMR,FT Vest U.S. Equity Buffer & Premium Income  ETF - March,2024-11-07
XUSP,Innovator Uncapped Accelerated U.S. Equity ETF,2024-11-07
DHDG,FT Vest U.S. Equity Quarterly 2.5 to 15 Buffer ETF,2024-11-08
KNOV,Innovator U.S. Small Cap Power Buffer ETF - November,2024-11-08
MSTU,T-Rex 2X Long MSTR Daily Target ETF,2024-11-08
MSTZ,T-Rex 2X Inverse MSTR Daily Target ETF,2024-11-08
NNOV,Innovator Growth-100 Power Buffer ETF - November,2024-11-08
NVBU,AllianzIM U.S. Equity Buffer15 Uncapped Nov ETF,2024-11-08
PBNV,PGIM US Large-Cap Buffer 20 ETF - November,2024-11-08
QCOC,FT Vest Nasdaq-100 Conservative Buffer ETF - October,2024-11-08
TDVI,FT Vest Technology Dividend Target Income ETF,2024-11-08
UNOV,Innovator U.S. Equity Ultra Buffer ETF - November,2024-11-08
XIMR,FT Vest U.S. Equity Buffer & Premium Income  ETF - March,2024-11-08
XUSP,Innovator Uncapped Accelerated U.S. Equity ETF,2024-11-08
ZNOV,Innovator Equity Defined Protection ETF - 1 Yr November,2024-11-08
DHDG,FT Vest U.S. Equity Quarterly 2.5 to 15 Buffer ETF,2024-11-12
KNOV,Innovator U.S. Small Cap Power Buffer ETF - November,2024-11-12
MSTU,T-Rex 2X Long MSTR Daily Target ETF,2024-11-12
MSTZ,T-Rex 2X Inverse MSTR Daily Target ETF,2024-11-12
NNOV,Innovator Growth-100 Power Buffer ETF - November,2024-11-12
NVBU,AllianzIM U.S. Equity Buffer15 Uncapped Nov ETF,2024-11-12
PBNV,PGIM US Large-Cap Buffer 20 ETF - November,2024-11-12
QCOC,FT Vest Nasdaq-100 Conservative Buffer ETF - October,2024-11-12
TDVI,FT Vest Technology Dividend Target Income ETF,2024-11-12
UNOV,Innovator U.S. Equity Ultra Buffer ETF - November,2024-11-12
XIMR,FT Vest U.S. Equity Buffer & Premium Income  ETF - March,2024-11-12
XUSP,Innovator Uncapped Accelerated U.S. Equity ETF,2024-11-12
ZNOV,Innovator Equity Defined Protection ETF - 1 Yr November,2024-11-12
DHDG,FT Vest U.S. Equity Quarterly 2.5 to 15 Buffer ETF,2024-11-13
KNOV,Innovator U.S. Small Cap Power Buffer ETF - November,2024-11-13
MSTU,T-Rex 2X Long MSTR Daily Target ETF,2024-11-13
MSTZ,T-Rex 2X Inverse MSTR Daily Target ETF,2024-11-13
NNOV,Innovator Growth-100 Power Buffer ETF - November,2024-11-13
NVBU,AllianzIM U.S. Equity Buffer15 Uncapped Nov ETF,2024-11-13
PBNV,PGIM US Large-Cap Buffer 20 ETF - November,2024-11-13
QCOC,FT Vest Nasdaq-100 Conservative Buffer ETF - October,2024-11-13
TDVI,FT Vest Technology Dividend Target Income ETF,2024-11-13
UNOV,Innovator U.S. Equity Ultra Buffer ETF - November,2024-11-13
XIMR,FT Vest U.S. Equity Buffer & Premium Income  ETF - March,2024-11-13
XUSP,Innovator Uncapped Accelerated U.S. Equity ETF,2024-11-13
ZNOV,Innovator Equity Defined Protection ETF - 1 Yr November,2024-11-13
DHDG,FT Vest U.S. Equity Quarterly 2.5 to 15 Buffer ETF,2024-11-14
KNOV,Innovator U.S. Small Cap Power Buffer ETF - November,2024-11-14
MSTU,T-Rex 2X Long MSTR Daily Target ETF,2024-11-14
MSTZ,T-Rex 2X Inverse MSTR Daily Target ETF,2024-11-14
NNOV,Innovator Growth-100 Power Buffer ETF - November,2024-11-14
NVBU,AllianzIM U.S. Equity Buffer15 Uncapped Nov ETF,2024-11-14
PBNV,PGIM US Large-Cap Buffer 20 ETF - November,2024-11-14
QCOC,FT Vest Nasdaq-100 Conservative Buffer ETF - October,2024-11-14
TDVI,FT Vest Technology Dividend Target Income ETF,2024-11-14
UNOV,Innovator U.S. Equity Ultra Buffer ETF - November,2024-11-14
XIMR,FT Vest U.S. Equity Buffer & Premium Income  ETF - March,2024-11-14
XUSP,Innovator Uncapped Accelerated U.S. Equity ETF,2024-11-14
ZNOV,Innovator Equity Defined Protection ETF - 1 Yr November,2024-11-14
DHDG,FT Vest U.S. Equity Quarterly 2.5 to 15 Buffer ETF,2024-11-15
KNOV,Innovator U.S. Small Cap Power Buffer ETF - November,2024-11-15
MSTU,T-Rex 2X Long MSTR Daily Target ETF,2024-11-15
MSTZ,T-Rex 2X Inverse MSTR Daily Target ETF,2024-11-15
NNOV,Innovator Growth-100 Power Buffer ETF - November,2024-11-15
NVBU,AllianzIM U.S. Equity Buffer15 Uncapped Nov ETF,2024-11-15
PBNV,PGIM US Large-Cap Buffer 20 ETF - November,2024-11-15
QCOC,FT Vest Nasdaq-100 Conservative Buffer ETF - October,2024-11-15
UNOV,Innovator U.S. Equity Ultra Buffer ETF - November,2024-11-15
XIMR,FT Vest U.S. Equity Buffer & Premium Income  ETF - March,2024-11-15
XUSP,Innovator Uncapped Accelerated U.S. Equity ETF,2024-11-15
ZNOV,Innovator Equity Defined Protection ETF - 1 Yr November,2024-11-15
DHDG,FT Vest U.S. Equity Quarterly 2.5 to 15 Buffer ETF,2024-11-18
KNOV,Innovator U.S. Small Cap Power Buffer ETF - November,2024-11-18
MSTU,T-Rex 2X Long MSTR Daily Target ETF,2024-11-18
MSTZ,T-Rex 2X Inverse MSTR Daily Target ETF,2024-11-18
NNOV,Innovator Growth-100 Power Buffer ETF - November,2024-11-18
NVBU,AllianzIM U.S. Equity Buffer15 Uncapped Nov ETF,2024-11-18
QCOC,FT Vest Nasdaq-100 Conservative Buffer ETF - October,2024-11-18
UNOV,Innovator U.S. Equity Ultra Buffer ETF - November,2024-11-18
XIMR,FT Vest U.S. Equity Buffer & Premium Income  ETF - March,2024-11-18
XUSP,Innovator Uncapped Accelerated U.S. Equity ETF,2024-11-18
ZNOV,Innovator Equity Defined Protection ETF - 1 Yr November,2024-11-18
DHDG,FT Vest U.S. Equity Quarterly 2.5 to 15 Buffer ETF,2024-11-19
KNOV,Innovator U.S. Small Cap Power Buffer ETF - November,2024-11-19
MSTU,T-Rex 2X Long MSTR Daily Target ETF,2024-11-19
MSTZ,T-Rex 2X Inverse MSTR Daily Target ETF,2024-11-19
NNOV,Innovator Growth-100 Power Buffer ETF - November,2024-11-19
QCOC,FT Vest Nasdaq-100 Conservative Buffer ETF - October,2024-11-19
UNOV,Innovator U.S. Equity Ultra Buffer ETF - November,2024-11-19
XIMR,FT Vest U.S. Equity Buffer & Premium Income  ETF - March,2024-11-19
ZNOV,Innovator Equity Defined Protection ETF - 1 Yr November,2024-11-19
DHDG,FT Vest U.S. Equity Quarterly 2.5 to 15 Buffer ETF,2024-11-20
KNOV,Innovator U.S. Small Cap Power Buffer ETF - November,2024-11-20
MSTU,T-Rex 2X Long MSTR Daily Target ETF,2024-11-20
MSTZ,T-Rex 2X Inverse MSTR Daily Target ETF,2024-11-20
NNOV,Innovator Growth-100 Power Buffer ETF - November,2024-11-20
QCOC,FT Vest Nasdaq-100 Conservative Buffer ETF - October,2024-11-20
UNOV,Innovator U.S. Equity Ultra Buffer ETF - November,2024-11-20
KNOV,Innovator U.S. Small Cap Power Buffer ETF - November,2024-11-21
MSTU,T-Rex 2X Long MSTR Daily Target ETF,2024-11-21
MSTZ,T-Rex 2X Inverse MSTR Daily Target ETF,2024-11-21
NNOV,Innovator Growth-100 Power Buffer ETF - November,2024-11-21
QCOC,FT Vest Nasdaq-100 Conservative Buffer ETF - October,2024-11-21
UNOV,Innovator U.S. Equity Ultra Buffer ETF - November,2024-11-21
KNOV,Innovator U.S. Small Cap Power Buffer ETF - November,2024-11-22
MSTU,T-Rex 2X Long MSTR Daily Target ETF,2024-11-22
MSTZ,T-Rex 2X Inverse MSTR Daily Target ETF,2024-11-22
NNOV,Innovator Growth-100 Power Buffer ETF - November,2024-11-22
QCOC,FT Vest Nasdaq-100 Conservative Buffer ETF - October,2024-11-22
UNOV,Innovator U.S. Equity Ultra Buffer ETF - November,2024-11-22
KNOV,Innovator U.S. Small Cap Power Buffer ETF - November,2024-11-25
MSTU,T-Rex 2X Long MSTR Daily Target ETF,2024-11-25
MSTZ,T-Rex 2X Inverse MSTR Daily Target ETF,2024-11-25
NNOV,Innovator Growth-100 Power Buffer ETF - November,2024-11-25
PBFR,PGIM Laddered Fund of Buffer 20 ETF,2024-11-25
QCOC,FT Vest Nasdaq-100 Conservative Buffer ETF - October,2024-11-25
QMNV,FT Vest Nasdaq-100 Moderate Buffer ETF - November,2024-11-25
UNOV,Innovator U.S. Equity Ultra Buffer ETF - November,2024-11-25
KNOV,Innovator U.S. Small Cap Power Buffer ETF - November,2024-11-26
MSTU,T-Rex 2X Long MSTR Daily Target ETF,2024-11-26
MSTZ,T-Rex 2X Inverse MSTR Daily Target ETF,2024-11-26
NNOV,Innovator Growth-100 Power Buffer ETF - November,2024-11-26
PBFR,PGIM Laddered Fund of Buffer 20 ETF,2024-11-26
QCOC,FT Vest Nasdaq-100 Conservative Buffer ETF - October,2024-11-26
QMNV,FT Vest Nasdaq-100 Moderate Buffer ETF - November,2024-11-26
UNOV,Innovator U.S. Equity Ultra Buffer ETF - November,2024-11-26
MSTU,T-Rex 2X Long MSTR Daily Target ETF,2024-11-27
NNOV,Innovator Growth-100 Power Buffer ETF - November,2024-11-27
PBFR,PGIM Laddered Fund of Buffer 20 ETF,2024-11-27
QMNV,FT Vest Nasdaq-100 Moderate Buffer ETF - November,2024-11-27
UNOV,Innovator U.S. Equity Ultra Buffer ETF - November,2024-11-27
XNOV,FT Vest U.S. Equity Enhance & Moderate Buffer ETF - November,2024-11-27
MSTU,T-Rex 2X Long MSTR Daily Target ETF,2024-11-29
NNOV,Innovator Growth-100 Power Buffer ETF - November,2024-11-29
PBFR,PGIM Laddered Fund of Buffer 20 ETF,2024-11-29
QMNV,FT Vest Nasdaq-100 Moderate Buffer ETF - November,2024-11-29
XNOV,FT Vest U.S. Equity Enhance & Moderate Buffer ETF - November,2024-11-29
MSTU,T-Rex 2X Long MSTR Daily Target ETF,2024-12-02
NOVM,FT Vest U.S. Equity Max Buffer ETF - November,2024-12-02
PBFR,PGIM Laddered Fund of Buffer 20 ETF,2024-12-02
QMNV,FT Vest Nasdaq-100 Moderate Buffer ETF - November,2024-12-02
XIJN,FT Vest U.S. Equity Buffer & Premium Income ETF - June,2024-12-02
XNOV,FT Vest U.S. Equity Enhance & Moderate Buffer ETF - November,2024-12-02
MSTU,T-Rex 2X Long MSTR Daily Target ETF,2024-12-03
NOVM,FT Vest U.S. Equity Max Buffer ETF - November,2024-12-03
PBFR,PGIM Laddered Fund of Buffer 20 ETF,2024-12-03
QMNV,FT Vest Nasdaq-100 Moderate Buffer ETF - November,2024-12-03
XIJN,FT Vest U.S. Equity Buffer & Premium Income ETF - June,2024-12-03
XNOV,FT Vest U.S. Equity Enhance & Moderate Buffer ETF - November,2024-12-03
MSTU,T-Rex 2X Long MSTR Daily Target ETF,2024-12-04
NOVM,FT Vest U.S. Equity Max Buffer ETF - November,2024-12-04
PBFR,PGIM Laddered Fund of Buffer 20 ETF,2024-12-04
QMNV,FT Vest Nasdaq-100 Moderate Buffer ETF - November,2024-12-04
SNOV,FT Vest U.S. Small Cap Moderate Buffer ETF - November,2024-12-04
XIJN,FT Vest U.S. Equity Buffer & Premium Income ETF - June,2024-12-04
XNOV,FT Vest U.S. Equity Enhance & Moderate Buffer ETF - November,2024-12-04
NOVM,FT Vest U.S. Equity Max Buffer ETF - November,2024-12-05
PBFR,PGIM Laddered Fund of Buffer 20 ETF,2024-12-05
QMNV,FT Vest Nasdaq-100 Moderate Buffer ETF - November,2024-12-05
SNOV,FT Vest U.S. Small Cap Moderate Buffer ETF - November,2024-12-05
XIJN,FT Vest U.S. Equity Buffer & Premium Income ETF - June,2024-12-05
XNOV,FT Vest U.S. Equity Enhance & Moderate Buffer ETF - November,2024-12-05
XUSP,Innovator Uncapped Accelerated U.S. Equity ETF,2024-12-05
NOVM,FT Vest U.S. Equity Max Buffer ETF - November,2024-12-06
PBFR,PGIM Laddered Fund of Buffer 20 ETF,2024-12-06
QMNV,FT Vest Nasdaq-100 Moderate Buffer ETF - November,2024-12-06
SNOV,FT Vest U.S. Small Cap Moderate Buffer ETF - November,2024-12-06
XIJN,FT Vest U.S. Equity Buffer & Premium Income ETF - June,2024-12-06
XNOV,FT Vest U.S. Equity Enhance & Moderate Buffer ETF - November,2024-12-06
XUSP,Innovator Uncapped Accelerated U.S. Equity ETF,2024-12-06
DECU,AllianzIM U.S. Equity Buffer15 Uncapped Dec ETF,2024-12-09
KDEC,Innovator U.S. Small Cap Power Buffer ETF - December,2024-12-09
NOVM,FT Vest U.S. Equity Max Buffer ETF - November,2024-12-09
PBFR,PGIM Laddered Fund of Buffer 20 ETF,2024-12-09
QMNV,FT Vest Nasdaq-100 Moderate Buffer ETF - November,2024-12-09
SNOV,FT Vest U.S. Small Cap Moderate Buffer ETF - November,2024-12-09
XIJN,FT Vest U.S. Equity Buffer & Premium Income ETF - June,2024-12-09
XNOV,FT Vest U.S. Equity Enhance & Moderate Buffer ETF - November,2024-12-09
XUSP,Innovator Uncapped Accelerated U.S. Equity ETF,2024-12-09
ZDEK,Innovator Equity Defined Protection ETF - 1 Yr December,2024-12-09
DECU,AllianzIM U.S. Equity Buffer15 Uncapped Dec ETF,2024-12-10
KDEC,Innovator U.S. Small Cap Power Buffer ETF - December,2024-12-10
PBFR,PGIM Laddered Fund of Buffer 20 ETF,2024-12-10
SNOV,FT Vest U.S. Small Cap Moderate Buffer ETF - November,2024-12-10
XIJN,FT Vest U.S. Equity Buffer & Premium Income ETF - June,2024-12-10
XNOV,FT Vest U.S. Equity Enhance & Moderate Buffer ETF - November,2024-12-10
XUSP,Innovator Uncapped Accelerated U.S. Equity ETF,2024-12-10
ZDEK,Innovator Equity Defined Protection ETF - 1 Yr December,2024-12-10
DECU,AllianzIM U.S. Equity Buffer15 Uncapped Dec ETF,2024-12-11
KDEC,Innovator U.S. Small Cap Power Buffer ETF - December,2024-12-11
PBFR,PGIM Laddered Fund of Buffer 20 ETF,2024-12-11
SNOV,FT Vest U.S. Small Cap Moderate Buffer ETF - November,2024-12-11
XIJN,FT Vest U.S. Equity Buffer & Premium Income ETF - June,2024-12-11
XNOV,FT Vest U.S. Equity Enhance & Moderate Buffer ETF - November,2024-12-11
XUSP,Innovator Uncapped Accelerated U.S. Equity ETF,2024-12-11
ZDEK,Innovator Equity Defined Protection ETF - 1 Yr December,2024-12-11
DECU,AllianzIM U.S. Equity Buffer15 Uncapped Dec ETF,2024-12-12
KDEC,Innovator U.S. Small Cap Power Buffer ETF - December,2024-12-12
PBFR,PGIM Laddered Fund of Buffer 20 ETF,2024-12-12
XIJN,FT Vest U.S. Equity Buffer & Premium Income ETF - June,2024-12-12
XNOV,FT Vest U.S. Equity Enhance & Moderate Buffer ETF - November,2024-12-12
XUSP,Innovator Uncapped Accelerated U.S. Equity ETF,2024-12-12
ZDEK,Innovator Equity Defined Protection ETF - 1 Yr December,2024-12-12
DECU,AllianzIM U.S. Equity Buffer15 Uncapped Dec ETF,2024-12-13
KDEC,Innovator U.S. Small Cap Power Buffer ETF - December,2024-12-13
PBFR,PGIM Laddered Fund of Buffer 20 ETF,2024-12-13
XNOV,FT Vest U.S. Equity Enhance & Moderate Buffer ETF - November,2024-12-13
ZDEK,Innovator Equity Defined Protection ETF - 1 Yr December,2024-12-13
DECU,AllianzIM U.S. Equity Buffer15 Uncapped Dec ETF,2024-12-16
KDEC,Innovator U.S. Small Cap Power Buffer ETF - December,2024-12-16
PBFR,PGIM Laddered Fund of Buffer 20 ETF,2024-12-16
XNOV,FT Vest U.S. Equity Enhance & Moderate Buffer ETF - November,2024-12-16
ZDEK,Innovator Equity Defined Protection ETF - 1 Yr December,2024-12-16
DECU,AllianzIM U.S. Equity Buffer15 Uncapped Dec ETF,2024-12-17
KDEC,Innovator U.S. Small Cap Power Buffer ETF - December,2024-12-17
PBFR,PGIM Laddered Fund of Buffer 20 ETF,2024-12-17
ZDEK,Innovator Equity Defined Protection ETF - 1 Yr December,2024-12-17
DECU,AllianzIM U.S. Equity Buffer15 Uncapped Dec ETF,2024-12-18
KDEC,Innovator U.S. Small Cap Power Buffer ETF - December,2024-12-18
NVDQ,T-Rex 2X Inverse NVIDIA Daily Target ETF,2024-12-18
PBFR,PGIM Laddered Fund of Buffer 20 ETF,2024-12-18
ZDEK,Innovator Equity Defined Protection ETF - 1 Yr December,2024-12-18
DECU,AllianzIM U.S. Equity Buffer15 Uncapped Dec ETF,2024-12-19
KDEC,Innovator U.S. Small Cap Power Buffer ETF - December,2024-12-19
NVDQ,T-Rex 2X Inverse NVIDIA Daily Target ETF,2024-12-19
PBFR,PGIM Laddered Fund of Buffer 20 ETF,2024-12-19
ZDEK,Innovator Equity Defined Protection ETF - 1 Yr December,2024-12-19
DECU,AllianzIM U.S. Equity Buffer15 Uncapped Dec ETF,2024-12-20
KDEC,Innovator U.S. Small Cap Power Buffer ETF - December,2024-12-20
NOVM,FT Vest U.S. Equity Max Buffer ETF - November,2024-12-20
NVDQ,T-Rex 2X Inverse NVIDIA Daily Target ETF,2024-12-20
PBFR,PGIM Laddered Fund of Buffer 20 ETF,2024-12-20
ZDEK,Innovator Equity Defined Protection ETF - 1 Yr December,2024-12-20
DECU,AllianzIM U.S. Equity Buffer15 Uncapped Dec ETF,2024-12-23
KDEC,Innovator U.S. Small Cap Power Buffer ETF - December,2024-12-23
NOVM,FT Vest U.S. Equity Max Buffer ETF - November,2024-12-23
NVDQ,T-Rex 2X Inverse NVIDIA Daily Target ETF,2024-12-23
ZDEK,Innovator Equity Defined Protection ETF - 1 Yr December,2024-12-23
DECU,AllianzIM U.S. Equity Buffer15 Uncapped Dec ETF,2024-12-24
KDEC,Innovator U.S. Small Cap Power Buffer ETF - December,2024-12-24
NOVM,FT Vest U.S. Equity Max Buffer ETF - November,2024-12-24
NVDQ,T-Rex 2X Inverse NVIDIA Daily Target ETF,2024-12-24
ZDEK,Innovator Equity Defined Protection ETF - 1 Yr December,2024-12-24
DECU,AllianzIM U.S. Equity Buffer15 Uncapped Dec ETF,2024-12-26
KDEC,Innovator U.S. Small Cap Power Buffer ETF - December,2024-12-26
NOVM,FT Vest U.S. Equity Max Buffer ETF - November,2024-12-26
NVDQ,T-Rex 2X Inverse NVIDIA Daily Target ETF,2024-12-26
UVXY,ProShares Ultra VIX Short-Term Futures ETF,2024-12-26
ZDEK,Innovator Equity Defined Protection ETF - 1 Yr December,2024-12-26
DECU,AllianzIM U.S. Equity Buffer15 Uncapped Dec ETF,2024-12-27
KDEC,Innovator U.S. Small Cap Power Buffer ETF - December,2024-12-27
NOVM,FT Vest U.S. Equity Max Buffer ETF - November,2024-12-27
NVDQ,T-Rex 2X Inverse NVIDIA Daily Target ETF,2024-12-27
UVXY,ProShares Ultra VIX Short-Term Futures ETF,2024-12-27
ZDEK,Innovator Equity Defined Protection ETF - 1 Yr December,2024-12-27
DECU,AllianzIM U.S. Equity Buffer15 Uncapped Dec ETF,2024-12-30
KDEC,Innovator U.S. Small Cap Power Buffer ETF - December,2024-12-30
NOVM,FT Vest U.S. Equity Max Buffer ETF - November,2024-12-30
NVDQ,T-Rex 2X Inverse NVIDIA Daily Target ETF,2024-12-30
UVXY,ProShares Ultra VIX Short-Term Futures ETF,2024-12-30
ZDEK,Innovator Equity Defined Protection ETF - 1 Yr December,2024-12-30
DECU,AllianzIM U.S. Equity Buffer15 Uncapped Dec ETF,2024-12-31
ITM,VanEck Intermediate Muni ETF,2024-12-31
KDEC,Innovator U.S. Small Cap Power Buffer ETF - December,2024-12-31
NOVM,FT Vest U.S. Equity Max Buffer ETF - November,2024-12-31
NVDQ,T-Rex 2X Inverse NVIDIA Daily Target ETF,2024-12-31
UVXY,ProShares Ultra VIX Short-Term Futures ETF,2024-12-31
WEED,Roundhill Cannabis ETF,2024-12-31
ZDEK,Innovator Equity Defined Protection ETF - 1 Yr December,2024-12-31
DECU,AllianzIM U.S. Equity Buffer15 Uncapped Dec ETF,2025-01-02
ITM,VanEck Intermediate Muni ETF,2025-01-02
KDEC,Innovator U.S. Small Cap Power Buffer ETF - December,2025-01-02
NVDQ,T-Rex 2X Inverse NVIDIA Daily Target ETF,2025-01-02
PIEQ,Principal International Equity ETF,2025-01-02
UVXY,ProShares Ultra VIX Short-Term Futures ETF,2025-01-02
WEED,Roundhill Cannabis ETF,2025-01-02
ZDEK,Innovator Equity Defined Protection ETF - 1 Yr December,2025-01-02
DECU,AllianzIM U.S. Equity Buffer15 Uncapped Dec ETF,2025-01-03
IBMR,iShares iBonds Dec 2029 Term Muni Bond ETF,2025-01-03
ITM,VanEck Intermediate Muni ETF,2025-01-03
NVDQ,T-Rex 2X Inverse NVIDIA Daily Target ETF,2025-01-03
PIEQ,Principal International Equity ETF,2025-01-03
UVXY,ProShares Ultra VIX Short-Term Futures ETF,2025-01-03
WEED,Roundhill Cannabis ETF,2025-01-03
ZDEK,Innovator Equity Defined Protection ETF - 1 Yr December,2025-01-03
DECU,AllianzIM U.S. Equity Buffer15 Uncapped Dec ETF,2025-01-06
IBMQ,iShares iBonds Dec 2028 Term Muni Bond ETF,2025-01-06
IBMR,iShares iBonds Dec 2029 Term Muni Bond ETF,2025-01-06
ITM,VanEck Intermediate Muni ETF,2025-01-06
NVDQ,T-Rex 2X Inverse NVIDIA Daily Target ETF,2025-01-06
PIEQ,Principal International Equity ETF,2025-01-06
UVXY,ProShares Ultra VIX Short-Term Futures ETF,2025-01-06
WEED,Roundhill Cannabis ETF,2025-01-06
ZDEK,Innovator Equity Defined Protection ETF - 1 Yr December,2025-01-06
DECU,AllianzIM U.S. Equity Buffer15 Uncapped Dec ETF,2025-01-07
IBMQ,iShares iBonds Dec 2028 Term Muni Bond ETF,2025-01-07
IBMR,iShares iBonds Dec 2029 Term Muni Bond ETF,2025-01-07
ITM,VanEck Intermediate Muni ETF,2025-01-07
NVDQ,T-Rex 2X Inverse NVIDIA Daily Target ETF,2025-01-07
PIEQ,Principal International Equity ETF,2025-01-07
UVXY,ProShares Ultra VIX Short-Term Futures ETF,2025-01-07
WEED,Roundhill Cannabis ETF,2025-01-07
ZDEK,Innovator Equity Defined Protection ETF - 1 Yr December,2025-01-07
DECU,AllianzIM U.S. Equity Buffer15 Uncapped Dec ETF,2025-01-08
IBMQ,iShares iBonds Dec 2028 Term Muni Bond ETF,2025-01-08
IBMR,iShares iBonds Dec 2029 Term Muni Bond ETF,2025-01-08
ITM,VanEck Intermediate Muni ETF,2025-01-08
NVDQ,T-Rex 2X Inverse NVIDIA Daily Target ETF,2025-01-08
PBJA,PGIM US Large-Cap Buffer 20 ETF - January,2025-01-08
PIEQ,Principal International Equity ETF,2025-01-08
UVXY,ProShares Ultra VIX Short-Term Futures ETF,2025-01-08
WEED,Roundhill Cannabis ETF,2025-01-08
ZDEK,Innovator Equity Defined Protection ETF - 1 Yr December,2025-01-08
DECU,AllianzIM U.S. Equity Buffer15 Uncapped Dec ETF,2025-01-10
IBMQ,iShares iBonds Dec 2028 Term Muni Bond ETF,2025-01-10
IBMR,iShares iBonds Dec 2029 Term Muni Bond ETF,2025-01-10
ITM,VanEck Intermediate Muni ETF,2025-01-10
JANU,AllianzIM U.S. Equity Buffer15 Uncapped Jan ETF,2025-01-10
MSTU,T-Rex 2X Long MSTR Daily Target ETF,2025-01-10
NVDQ,T-Rex 2X Inverse NVIDIA Daily Target ETF,2025-01-10
PBJA,PGIM US Large-Cap Buffer 20 ETF - January,2025-01-10
PIEQ,Principal International Equity ETF,2025-01-10
UVXY,ProShares Ultra VIX Short-Term Futures ETF,2025-01-10
ZDEK,Innovator Equity Defined Protection ETF - 1 Yr December,2025-01-10
ZJAN,Innovator Equity Defined Protection ETF - 1 Yr January,2025-01-10
DECU,AllianzIM U.S. Equity Buffer15 Uncapped Dec ETF,2025-01-13
IBMQ,iShares iBonds Dec 2028 Term Muni Bond ETF,2025-01-13
IBMR,iShares iBonds Dec 2029 Term Muni Bond ETF,2025-01-13
ITM,VanEck Intermediate Muni ETF,2025-01-13
JANU,AllianzIM U.S. Equity Buffer15 Uncapped Jan ETF,2025-01-13
MSTU,T-Rex 2X Long MSTR Daily Target ETF,2025-01-13
NVDQ,T-Rex 2X Inverse NVIDIA Daily Target ETF,2025-01-13
PBJA,PGIM US Large-Cap Buffer 20 ETF - January,2025-01-13
TDEC,FT Vest Emerging Markets Buffer ETF - December,2025-01-13
UVXY,ProShares Ultra VIX Short-Term Futures ETF,2025-01-13
ZDEK,Innovator Equity Defined Protection ETF - 1 Yr December,2025-01-13
ZJAN,Innovator Equity Defined Protection ETF - 1 Yr January,2025-01-13
DECU,AllianzIM U.S. Equity Buffer15 Uncapped Dec ETF,2025-01-14
IBMQ,iShares iBonds Dec 2028 Term Muni Bond ETF,2025-01-14
IBMR,iShares iBonds Dec 2029 Term Muni Bond ETF,2025-01-14
ITM,VanEck Intermediate Muni ETF,2025-01-14
JANU,AllianzIM U.S. Equity Buffer15 Uncapped Jan ETF,2025-01-14
MSTU,T-Rex 2X Long MSTR Daily Target ETF,2025-01-14
NVDQ,T-Rex 2X Inverse NVIDIA Daily Target ETF,2025-01-14
PBJA,PGIM US Large-Cap Buffer 20 ETF - January,2025-01-14
TDEC,FT Vest Emerging Markets Buffer ETF - December,2025-01-14
UVXY,ProShares Ultra VIX Short-Term Futures ETF,2025-01-14
ZDEK,Innovator Equity Defined Protection ETF - 1 Yr December,2025-01-14
ZJAN,Innovator Equity Defined Protection ETF - 1 Yr January,2025-01-14
DECU,AllianzIM U.S. Equity Buffer15 Uncapped Dec ETF,2025-01-15
IBMR,iShares iBonds Dec 2029 Term Muni Bond ETF,2025-01-15
JANU,AllianzIM U.S. Equity Buffer15 Uncapped Jan ETF,2025-01-15
MSTU,T-Rex 2X Long MSTR Daily Target ETF,2025-01-15
NVDQ,T-Rex 2X Inverse NVIDIA Daily Target ETF,2025-01-15
NVDX,T-Rex 2X Long NVIDIA Daily Target ETF,2025-01-15
PBJA,PGIM US Large-Cap Buffer 20 ETF - January,2025-01-15
TDEC,FT Vest Emerging Markets Buffer ETF - December,2025-01-15
UVXY,ProShares Ultra VIX Short-Term Futures ETF,2025-01-15
ZDEK,Innovator Equity Defined Protection ETF - 1 Yr December,2025-01-15
ZJAN,Innovator Equity Defined Protection ETF - 1 Yr January,2025-01-15
JANU,AllianzIM U.S. Equity Buffer15 Uncapped Jan ETF,2025-01-16
MSTU,T-Rex 2X Long MSTR Daily Target ETF,2025-01-16
NVDX,T-Rex 2X Long NVIDIA Daily Target ETF,2025-01-16
PBJA,PGIM US Large-Cap Buffer 20 ETF - January,2025-01-16
TDEC,FT Vest Emerging Markets Buffer ETF - December,2025-01-16
UVXY,ProShares Ultra VIX Short-Term Futures ETF,2025-01-16
ZDEK,Innovator Equity Defined Protection ETF - 1 Yr December,2025-01-16
ZJAN,Innovator Equity Defined Protection ETF - 1 Yr January,2025-01-16
JANU,AllianzIM U.S. Equity Buffer15 Uncapped Jan ETF,2025-01-17
MSTU,T-Rex 2X Long MSTR Daily Target ETF,2025-01-17
NVDX,T-Rex 2X Long NVIDIA Daily Target ETF,2025-01-17
PBJA,PGIM US Large-Cap Buffer 20 ETF - January,2025-01-17
TDEC,FT Vest Emerging Markets Buffer ETF - December,2025-01-17
UVXY,ProShares Ultra VIX Short-Term Futures ETF,2025-01-17
ZDEK,Innovator Equity Defined Protection ETF - 1 Yr December,2025-01-17
ZJAN,Innovator Equity Defined Protection ETF - 1 Yr January,2025-01-17
JANU,AllianzIM U.S. Equity Buffer15 Uncapped Jan ETF,2025-01-21
MSTU,T-Rex 2X Long MSTR Daily Target ETF,2025-01-21
NVDX,T-Rex 2X Long NVIDIA Daily Target ETF,2025-01-21
PBJA,PGIM US Large-Cap Buffer 20 ETF - January,2025-01-21
TDEC,FT Vest Emerging Markets Buffer ETF - December,2025-01-21
UVXY,ProShares Ultra VIX Short-Term Futures ETF,2025-01-21
ZDEK,Innovator Equity Defined Protection ETF - 1 Yr December,2025-01-21
ZJAN,Innovator Equity Defined Protection ETF - 1 Yr January,2025-01-21
JANU,AllianzIM U.S. Equity Buffer15 Uncapped Jan ETF,2025-01-22
MSTU,T-Rex 2X Long MSTR Daily Target ETF,2025-01-22
NVDX,T-Rex 2X Long NVIDIA Daily Target ETF,2025-01-22
PBJA,PGIM US Large-Cap Buffer 20 ETF - January,2025-01-22
UVXY,ProShares Ultra VIX Short-Term Futures ETF,2025-01-22
ZDEK,Innovator Equity Defined Protection ETF - 1 Yr December,2025-01-22
ZJAN,Innovator Equity Defined Protection ETF - 1 Yr January,2025-01-22
JANU,AllianzIM U.S. Equity Buffer15 Uncapped Jan ETF,2025-01-23
MSTU,T-Rex 2X Long MSTR Daily Target ETF,2025-01-23
NVDX,T-Rex 2X Long NVIDIA Daily Target ETF,2025-01-23
PBJA,PGIM US Large-Cap Buffer 20 ETF - January,2025-01-23
UVXY,ProShares Ultra VIX Short-Term Futures ETF,2025-01-23
ZJAN,Innovator Equity Defined Protection ETF - 1 Yr January,2025-01-23
JANU,AllianzIM U.S. Equity Buffer15 Uncapped Jan ETF,2025-01-24
MSTU,T-Rex 2X Long MSTR Daily Target ETF,2025-01-24
NVDX,T-Rex 2X Long NVIDIA Daily Target ETF,2025-01-24
PBJA,PGIM US Large-Cap Buffer 20 ETF - January,2025-01-24
UVXY,ProShares Ultra VIX Short-Term Futures ETF,2025-01-24
ZJAN,Innovator Equity Defined Protection ETF - 1 Yr January,2025-01-24
JANU,AllianzIM U.S. Equity Buffer15 Uncapped Jan ETF,2025-01-27
NVDX,T-Rex 2X Long NVIDIA Daily Target ETF,2025-01-27
PBJA,PGIM US Large-Cap Buffer 20 ETF - January,2025-01-27
UVXY,ProShares Ultra VIX Short-Term Futures ETF,2025-01-27
ZJAN,Innovator Equity Defined Protection ETF - 1 Yr January,2025-01-27
BBSB,JPMorgan BetaBuilders U.S. Treasury Bond 1-3 Year ETF,2025-01-28
JANM,FT Vest U.S. Equity Max Buffer ETF - January,2025-01-28
JANU,AllianzIM U.S. Equity Buffer15 Uncapped Jan ETF,2025-01-28
NVDX,T-Rex 2X Long NVIDIA Daily Target ETF,2025-01-28
PBJA,PGIM US Large-Cap Buffer 20 ETF - January,2025-01-28
QCJA,FT Vest Nasdaq-100 Conservative Buffer ETF - January,2025-01-28
UVXY,ProShares Ultra VIX Short-Term Futures ETF,2025-01-28
ZJAN,Innovator Equity Defined Protection ETF - 1 Yr January,2025-01-28
BBSB,JPMorgan BetaBuilders U.S. Treasury Bond 1-3 Year ETF,2025-01-29
JANM,FT Vest U.S. Equity Max Buffer ETF - January,2025-01-29
JANU,AllianzIM U.S. Equity Buffer15 Uncapped Jan ETF,2025-01-29
NVDX,T-Rex 2X Long NVIDIA Daily Target ETF,2025-01-29
PBJA,PGIM US Large-Cap Buffer 20 ETF - January,2025-01-29
QCJA,FT Vest Nasdaq-100 Conservative Buffer ETF - January,2025-01-29
UVXY,ProShares Ultra VIX Short-Term Futures ETF,2025-01-29
ZJAN,Innovator Equity Defined Protection ETF - 1 Yr January,2025-01-29
BAMB,Brookstone Intermediate Bond ETF,2025-01-30
BBSB,JPMorgan BetaBuilders U.S. Treasury Bond 1-3 Year ETF,2025-01-30
JANM,FT Vest U.S. Equity Max Buffer ETF - January,2025-01-30
JANU,AllianzIM U.S. Equity Buffer15 Uncapped Jan ETF,2025-01-30
NVDX,T-Rex 2X Long NVIDIA Daily Target ETF,2025-01-30
QCJA,FT Vest Nasdaq-100 Conservative Buffer ETF - January,2025-01-30
UVXY,ProShares Ultra VIX Short-Term Futures ETF,2025-01-30
ZJAN,Innovator Equity Defined Protection ETF - 1 Yr January,2025-01-30
BAMB,Brookstone Intermediate Bond ETF,2025-01-31
BBSB,JPMorgan BetaBuilders U.S. Treasury Bond 1-3 Year ETF,2025-01-31
JANM,FT Vest U.S. Equity Max Buffer ETF - January,2025-01-31
JANU,AllianzIM U.S. Equity Buffer15 Uncapped Jan ETF,2025-01-31
NVDX,T-Rex 2X Long NVIDIA Daily Target ETF,2025-01-31
QCJA,FT Vest Nasdaq-100 Conservative Buffer ETF - January,2025-01-31
UVXY,ProShares Ultra VIX Short-Term Futures ETF,2025-01-31
ZJAN,Innovator Equity Defined Protection ETF - 1 Yr January,2025-01-31
BAMB,Brookstone Intermediate Bond ETF,2025-02-03
BBSB,JPMorgan BetaBuilders U.S. Treasury Bond 1-3 Year ETF,2025-02-03
JANM,FT Vest U.S. Equity Max Buffer ETF - January,2025-02-03
JANU,AllianzIM U.S. Equity Buffer15 Uncapped Jan ETF,2025-02-03
MSTZ,T-Rex 2X Inverse MSTR Daily Target ETF,2025-02-03
NVDQ,T-Rex 2X Inverse NVIDIA Daily Target ETF,2025-02-03
NVDX,T-Rex 2X Long NVIDIA Daily Target ETF,2025-02-03
QCJA,FT Vest Nasdaq-100 Conservative Buffer ETF - January,2025-02-03
ZJAN,Innovator Equity Defined Protection ETF - 1 Yr January,2025-02-03
BAMB,Brookstone Intermediate Bond ETF,2025-02-04
BBSB,JPMorgan BetaBuilders U.S. Treasury Bond 1-3 Year ETF,2025-02-04
JANM,FT Vest U.S. Equity Max Buffer ETF - January,2025-02-04
JANU,AllianzIM U.S. Equity Buffer15 Uncapped Jan ETF,2025-02-04
MSTZ,T-Rex 2X Inverse MSTR Daily Target ETF,2025-02-04
NVDQ,T-Rex 2X Inverse NVIDIA Daily Target ETF,2025-02-04
NVDX,T-Rex 2X Long NVIDIA Daily Target ETF,2025-02-04
QCJA,FT Vest Nasdaq-100 Conservative Buffer ETF - January,2025-02-04
ZJAN,Innovator Equity Defined Protection ETF - 1 Yr January,2025-02-04
BAMB,Brookstone Intermediate Bond ETF,2025-02-05
JANM,FT Vest U.S. Equity Max Buffer ETF - January,2025-02-05
JANU,AllianzIM U.S. Equity Buffer15 Uncapped Jan ETF,2025-02-05
MSTZ,T-Rex 2X Inverse MSTR Daily Target ETF,2025-02-05
NVDQ,T-Rex 2X Inverse NVIDIA Daily Target ETF,2025-02-05
NVDX,T-Rex 2X Long NVIDIA Daily Target ETF,2025-02-05
QCJA,FT Vest Nasdaq-100 Conservative Buffer ETF - January,2025-02-05
BAMB,Brookstone Intermediate Bond ETF,2025-02-06
JANM,FT Vest U.S. Equity Max Buffer ETF - January,2025-02-06
MSTZ,T-Rex 2X Inverse MSTR Daily Target ETF,2025-02-06
NVDQ,T-Rex 2X Inverse NVIDIA Daily Target ETF,2025-02-06
PBFB,PGIM US Large-Cap Buffer 20 ETF - February,2025-02-06
QCJA,FT Vest Nasdaq-100 Conservative Buffer ETF - January,2025-02-06
JANM,FT Vest U.S. Equity Max Buffer ETF - January,2025-02-07
MSTZ,T-Rex 2X Inverse MSTR Daily Target ETF,2025-02-07
NVDQ,T-Rex 2X Inverse NVIDIA Daily Target ETF,2025-02-07
PBFB,PGIM US Large-Cap Buffer 20 ETF - February,2025-02-07
QCJA,FT Vest Nasdaq-100 Conservative Buffer ETF - January,2025-02-07
ROBN,T-Rex 2X Long HOOD Daily Target ETF,2025-02-07
UFEB,Innovator U.S. Equity Ultra Buffer ETF - February,2025-02-07
FEBU,AllianzIM U.S. Equity Buffer15 Uncapped Feb ETF,2025-02-10
JANM,FT Vest U.S. Equity Max Buffer ETF - January,2025-02-10
MSTZ,T-Rex 2X Inverse MSTR Daily Target ETF,2025-02-10
NVDQ,T-Rex 2X Inverse NVIDIA Daily Target ETF,2025-02-10
PBFB,PGIM US Large-Cap Buffer 20 ETF - February,2025-02-10
QCJA,FT Vest Nasdaq-100 Conservative Buffer ETF - January,2025-02-10
ROBN,T-Rex 2X Long HOOD Daily Target ETF,2025-02-10
UFEB,Innovator U.S. Equity Ultra Buffer ETF - February,2025-02-10
ZFEB,Innovator Equity Defined Protection ETF - 1 Yr February,2025-02-10
FEBU,AllianzIM U.S. Equity Buffer15 Uncapped Feb ETF,2025-02-11
JANM,FT Vest U.S. Equity Max Buffer ETF - January,2025-02-11
NVDQ,T-Rex 2X Inverse NVIDIA Daily Target ETF,2025-02-11
PBFB,PGIM US Large-Cap Buffer 20 ETF - February,2025-02-11
QCJA,FT Vest Nasdaq-100 Conservative Buffer ETF - January,2025-02-11
ROBN,T-Rex 2X Long HOOD Daily Target ETF,2025-02-11
UFEB,Innovator U.S. Equity Ultra Buffer ETF - February,2025-02-11
ZFEB,Innovator Equity Defined Protection ETF - 1 Yr February,2025-02-11
FEBU,AllianzIM U.S. Equity Buffer15 Uncapped Feb ETF,2025-02-12
JANM,FT Vest U.S. Equity Max Buffer ETF - January,2025-02-12
NVDQ,T-Rex 2X Inverse NVIDIA Daily Target ETF,2025-02-12
PBFB,PGIM US Large-Cap Buffer 20 ETF - February,2025-02-12
QCJA,FT Vest Nasdaq-100 Conservative Buffer ETF - January,2025-02-12
ROBN,T-Rex 2X Long HOOD Daily Target ETF,2025-02-12
UFEB,Innovator U.S. Equity Ultra Buffer ETF - February,2025-02-12
ZFEB,Innovator Equity Defined Protection ETF - 1 Yr February,2025-02-12
FEBU,AllianzIM U.S. Equity Buffer15 Uncapped Feb ETF,2025-02-13
JANM,FT Vest U.S. Equity Max Buffer ETF - January,2025-02-13
NUEM,Nuveen ESG Emerging Markets Equity ETF,2025-02-13
NVDQ,T-Rex 2X Inverse NVIDIA Daily Target ETF,2025-02-13
PBFB,PGIM US Large-Cap Buffer 20 ETF - February,2025-02-13
ROBN,T-Rex 2X Long HOOD Daily Target ETF,2025-02-13
UFEB,Innovator U.S. Equity Ultra Buffer ETF - February,2025-02-13
ZFEB,Innovator Equity Defined Protection ETF - 1 Yr February,2025-02-13
FEBU,AllianzIM U.S. Equity Buffer15 Uncapped Feb ETF,2025-02-14
JANM,FT Vest U.S. Equity Max Buffer ETF - January,2025-02-14
NUEM,Nuveen ESG Emerging Markets Equity ETF,2025-02-14
NVDQ,T-Rex 2X Inverse NVIDIA Daily Target ETF,2025-02-14
PBFB,PGIM US Large-Cap Buffer 20 ETF - February,2025-02-14
ROBN,T-Rex 2X Long HOOD Daily Target ETF,2025-02-14
UFEB,Innovator U.S. Equity Ultra Buffer ETF - February,2025-02-14
ZFEB,Innovator Equity Defined Protection ETF - 1 Yr February,2025-02-14
FEBU,AllianzIM U.S. Equity Buffer15 Uncapped Feb ETF,2025-02-18
JANM,FT Vest U.S. Equity Max Buffer ETF - January,2025-02-18
NUEM,Nuveen ESG Emerging Markets Equity ETF,2025-02-18
NVDQ,T-Rex 2X Inverse NVIDIA Daily Target ETF,2025-02-18
ROBN,T-Rex 2X Long HOOD Daily Target ETF,2025-02-18
UFEB,Innovator U.S. Equity Ultra Buffer ETF - February,2025-02-18
ZFEB,Innovator Equity Defined Protection ETF - 1 Yr February,2025-02-18
FEBU,AllianzIM U.S. Equity Buffer15 Uncapped Feb ETF,2025-02-19
IDVZ,The Opal International Dividend Income ETF,2025-02-19
JANM,FT Vest U.S. Equity Max Buffer ETF - January,2025-02-19
NUEM,Nuveen ESG Emerging Markets Equity ETF,2025-02-19
NVDQ,T-Rex 2X Inverse NVIDIA Daily Target ETF,2025-02-19
NVDX,T-Rex 2X Long NVIDIA Daily Target ETF,2025-02-19
PBL,PGIM Portfolio Ballast ETF,2025-02-19
ROBN,T-Rex 2X Long HOOD Daily Target ETF,2025-02-19
UFEB,Innovator U.S. Equity Ultra Buffer ETF - February,2025-02-19
ZFEB,Innovator Equity Defined Protection ETF - 1 Yr February,2025-02-19
FEBU,AllianzIM U.S. Equity Buffer15 Uncapped Feb ETF,2025-02-20
IDVZ,The Opal International Dividend Income ETF,2025-02-20
NUEM,Nuveen ESG Emerging Markets Equity ETF,2025-02-20
NVDQ,T-Rex 2X Inverse NVIDIA Daily Target ETF,2025-02-20
NVDX,T-Rex 2X Long NVIDIA Daily Target ETF,2025-02-20
PBL,PGIM Portfolio Ballast ETF,2025-02-20
ROBN,T-Rex 2X Long HOOD Daily Target ETF,2025-02-20
TSEP,FT Vest Emerging Market Buffer ETF - September,2025-02-20
UFEB,Innovator U.S. Equity Ultra Buffer ETF - February,2025-02-20
ZFEB,Innovator Equity Defined Protection ETF - 1 Yr February,2025-02-20
FEBU,AllianzIM U.S. Equity Buffer15 Uncapped Feb ETF,2025-02-21
IDVZ,The Opal International Dividend Income ETF,2025-02-21
NUEM,Nuveen ESG Emerging Markets Equity ETF,2025-02-21
NVDQ,T-Rex 2X Inverse NVIDIA Daily Target ETF,2025-02-21
NVDX,T-Rex 2X Long NVIDIA Daily Target ETF,2025-02-21
PBL,PGIM Portfolio Ballast ETF,2025-02-21
ROBN,T-Rex 2X Long HOOD Daily Target ETF,2025-02-21
SMIN,iShares MSCI India Small-Cap ETF,2025-02-21
TSEP,FT Vest Emerging Market Buffer ETF - September,2025-02-21
UFEB,Innovator U.S. Equity Ultra Buffer ETF - February,2025-02-21
ZFEB,Innovator Equity Defined Protection ETF - 1 Yr February,2025-02-21
FEBU,AllianzIM U.S. Equity Buffer15 Uncapped Feb ETF,2025-02-24
IDVZ,The Opal International Dividend Income ETF,2025-02-24
NVDQ,T-Rex 2X Inverse NVIDIA Daily Target ETF,2025-02-24
NVDX,T-Rex 2X Long NVIDIA Daily Target ETF,2025-02-24
PBL,PGIM Portfolio Ballast ETF,2025-02-24
ROBN,T-Rex 2X Long HOOD Daily Target ETF,2025-02-24
SMIN,iShares MSCI India Small-Cap ETF,2025-02-24
TSEP,FT Vest Emerging Market Buffer ETF - September,2025-02-24
UFEB,Innovator U.S. Equity Ultra Buffer ETF - February,2025-02-24
ZFEB,Innovator Equity Defined Protection ETF - 1 Yr February,2025-02-24
IDVZ,The Opal International Dividend Income ETF,2025-02-25
NVDQ,T-Rex 2X Inverse NVIDIA Daily Target ETF,2025-02-25
NVDX,T-Rex 2X Long NVIDIA Daily Target ETF,2025-02-25
PBL,PGIM Portfolio Ballast ETF,2025-02-25
ROBN,T-Rex 2X Long HOOD Daily Target ETF,2025-02-25
SMIN,iShares MSCI India Small-Cap ETF,2025-02-25
TSEP,FT Vest Emerging Market Buffer ETF - September,2025-02-25
UFEB,Innovator U.S. Equity Ultra Buffer ETF - February,2025-02-25
ZFEB,Innovator Equity Defined Protection ETF - 1 Yr February,2025-02-25
IDVZ,The Opal International Dividend Income ETF,2025-02-26
NVDQ,T-Rex 2X Inverse NVIDIA Daily Target ETF,2025-02-26
NVDX,T-Rex 2X Long NVIDIA Daily Target ETF,2025-02-26
PBL,PGIM Portfolio Ballast ETF,2025-02-26
ROBN,T-Rex 2X Long HOOD Daily Target ETF,2025-02-26
SMIN,iShares MSCI India Small-Cap ETF,2025-02-26
TSEP,FT Vest Emerging Market Buffer ETF - September,2025-02-26
TSLT,T-Rex 2X Long Tesla Daily Target ETF,2025-02-26
UFEB,Innovator U.S. Equity Ultra Buffer ETF - February,2025-02-26
IDVZ,The Opal International Dividend Income ETF,2025-02-27
NVDQ,T-Rex 2X Inverse NVIDIA Daily Target ETF,2025-02-27
NVDX,T-Rex 2X Long NVIDIA Daily Target ETF,2025-02-27
ROBN,T-Rex 2X Long HOOD Daily Target ETF,2025-02-27
SMIN,iShares MSCI India Small-Cap ETF,2025-02-27
TSEP,FT Vest Emerging Market Buffer ETF - September,2025-02-27
TSLT,T-Rex 2X Long Tesla Daily Target ETF,2025-02-27
UFEB,Innovator U.S. Equity Ultra Buffer ETF - February,2025-02-27
NVDQ,T-Rex 2X Inverse NVIDIA Daily Target ETF,2025-02-28
NVDX,T-Rex 2X Long NVIDIA Daily Target ETF,2025-02-28
ROBN,T-Rex 2X Long HOOD Daily Target ETF,2025-02-28
SMIN,iShares MSCI India Small-Cap ETF,2025-02-28
SVIX,-1x Short VIX Futures ETF,2025-02-28
TSLT,T-Rex 2X Long Tesla Daily Target ETF,2025-02-28
UFEB,Innovator U.S. Equity Ultra Buffer ETF - February,2025-02-28
NVDQ,T-Rex 2X Inverse NVIDIA Daily Target ETF,2025-03-03
NVDX,T-Rex 2X Long NVIDIA Daily Target ETF,2025-03-03
ROBN,T-Rex 2X Long HOOD Daily Target ETF,2025-03-03
SMIN,iShares MSCI India Small-Cap ETF,2025-03-03
SVIX,-1x Short VIX Futures ETF,2025-03-03
TSLT,T-Rex 2X Long Tesla Daily Target ETF,2025-03-03
UFEB,Innovator U.S. Equity Ultra Buffer ETF - February,2025-03-03
NVDQ,T-Rex 2X Inverse NVIDIA Daily Target ETF,2025-03-04
NVDX,T-Rex 2X Long NVIDIA Daily Target ETF,2025-03-04
ROBN,T-Rex 2X Long HOOD Daily Target ETF,2025-03-04
SMIN,iShares MSCI India Small-Cap ETF,2025-03-04
SVIX,-1x Short VIX Futures ETF,2025-03-04
TSLT,T-Rex 2X Long Tesla Daily Target ETF,2025-03-04
UFEB,Innovator U.S. Equity Ultra Buffer ETF - February,2025-03-04
UVIX,2x Long VIX Futures ETF,2025-03-04
NVDQ,T-Rex 2X Inverse NVIDIA Daily Target ETF,2025-03-05
NVDX,T-Rex 2X Long NVIDIA Daily Target ETF,2025-03-05
ROBN,T-Rex 2X Long HOOD Daily Target ETF,2025-03-05
SMIN,iShares MSCI India Small-Cap ETF,2025-03-05
SVIX,-1x Short VIX Futures ETF,2025-03-05
TSLT,T-Rex 2X Long Tesla Daily Target ETF,2025-03-05
UFEB,Innovator U.S. Equity Ultra Buffer ETF - February,2025-03-05
UVIX,2x Long VIX Futures ETF,2025-03-05
NVDQ,T-Rex 2X Inverse NVIDIA Daily Target ETF,2025-03-06
NVDX,T-Rex 2X Long NVIDIA Daily Target ETF,2025-03-06
PBMR,PGIM S&P 500 Buffer 20 ETF - March,2025-03-06
ROBN,T-Rex 2X Long HOOD Daily Target ETF,2025-03-06
SMIN,iShares MSCI India Small-Cap ETF,2025-03-06
SVIX,-1x Short VIX Futures ETF,2025-03-06
TSLT,T-Rex 2X Long Tesla Daily Target ETF,2025-03-06
UFEB,Innovator U.S. Equity Ultra Buffer ETF - February,2025-03-06
UVIX,2x Long VIX Futures ETF,2025-03-06
FEBM,FT Vest U.S. Equity Max Buffer ETF - February,2025-03-07
NVDQ,T-Rex 2X Inverse NVIDIA Daily Target ETF,2025-03-07
NVDX,T-Rex 2X Long NVIDIA Daily Target ETF,2025-03-07
PBMR,PGIM S&P 500 Buffer 20 ETF - March,2025-03-07
ROBN,T-Rex 2X Long HOOD Daily Target ETF,2025-03-07
SMIN,iShares MSCI India Small-Cap ETF,2025-03-07
SVIX,-1x Short VIX Futures ETF,2025-03-07
TSLT,T-Rex 2X Long Tesla Daily Target ETF,2025-03-07
UFEB,Innovator U.S. Equity Ultra Buffer ETF - February,2025-03-07
UVIX,2x Long VIX Futures ETF,2025-03-07
FEBM,FT Vest U.S. Equity Max Buffer ETF - February,2025-03-10
NVDQ,T-Rex 2X Inverse NVIDIA Daily Target ETF,2025-03-10
NVDX,T-Rex 2X Long NVIDIA Daily Target ETF,2025-03-10
PBMR,PGIM S&P 500 Buffer 20 ETF - March,2025-03-10
ROBN,T-Rex 2X Long HOOD Daily Target ETF,2025-03-10
SMIN,iShares MSCI India Small-Cap ETF,2025-03-10
SVIX,-1x Short VIX Futures ETF,2025-03-10
TSLT,T-Rex 2X Long Tesla Daily Target ETF,2025-03-10
UFEB,Innovator U.S. Equity Ultra Buffer ETF - February,2025-03-10
UVIX,2x Long VIX Futures ETF,2025-03-10
UVXY,ProShares Ultra VIX Short-Term Futures ETF,2025-03-10
FEBM,FT Vest U.S. Equity Max Buffer ETF - February,2025-03-11
NVDQ,T-Rex 2X Inverse NVIDIA Daily Target ETF,2025-03-11
NVDX,T-Rex 2X Long NVIDIA Daily Target ETF,2025-03-11
PBMR,PGIM S&P 500 Buffer 20 ETF - March,2025-03-11
PWS,Pacer WealthShield ETF,2025-03-11
ROBN,T-Rex 2X Long HOOD Daily Target ETF,2025-03-11
SMIN,iShares MSCI India Small-Cap ETF,2025-03-11
SVIX,-1x Short VIX Futures ETF,2025-03-11
TSLT,T-Rex 2X Long Tesla Daily Target ETF,2025-03-11
UFEB,Innovator U.S. Equity Ultra Buffer ETF - February,2025-03-11
UVIX,2x Long VIX Futures ETF,2025-03-11
UVXY,ProShares Ultra VIX Short-Term Futures ETF,2025-03-11
VXX,iPath Series B S&P 500 VIX Short-Term Futures ETN,2025-03-11
FEBM,FT Vest U.S. Equity Max Buffer ETF - February,2025-03-12
NVDQ,T-Rex 2X Inverse NVIDIA Daily Target ETF,2025-03-12
NVDX,T-Rex 2X Long NVIDIA Daily Target ETF,2025-03-12
PBMR,PGIM S&P 500 Buffer 20 ETF - March,2025-03-12
PWS,Pacer WealthShield ETF,2025-03-12
ROBN,T-Rex 2X Long HOOD Daily Target ETF,2025-03-12
SMIN,iShares MSCI India Small-Cap ETF,2025-03-12
SVIX,-1x Short VIX Futures ETF,2025-03-12
TSLT,T-Rex 2X Long Tesla Daily Target ETF,2025-03-12
UFEB,Innovator U.S. Equity Ultra Buffer ETF - February,2025-03-12
UVIX,2x Long VIX Futures ETF,2025-03-12
UVXY,ProShares Ultra VIX Short-Term Futures ETF,2025-03-12
VXX,iPath Series B S&P 500 VIX Short-Term Futures ETN,2025-03-12
ZMAR,Innovator Equity Defined Protection ETF - 1 Yr March,2025-03-12
FEBM,FT Vest U.S. Equity Max Buffer ETF - February,2025-03-13
NVDQ,T-Rex 2X Inverse NVIDIA Daily Target ETF,2025-03-13
NVDX,T-Rex 2X Long NVIDIA Daily Target ETF,2025-03-13
PBMR,PGIM S&P 500 Buffer 20 ETF - March,2025-03-13
PWS,Pacer WealthShield ETF,2025-03-13
ROBN,T-Rex 2X Long HOOD Daily Target ETF,2025-03-13
SMIN,iShares MSCI India Small-Cap ETF,2025-03-13
SVIX,-1x Short VIX Futures ETF,2025-03-13
TSLT,T-Rex 2X Long Tesla Daily Target ETF,2025-03-13
UFEB,Innovator U.S. Equity Ultra Buffer ETF - February,2025-03-13
UVIX,2x Long VIX Futures ETF,2025-03-13
UVXY,ProShares Ultra VIX Short-Term Futures ETF,2025-03-13
VXX,iPath Series B S&P 500 VIX Short-Term Futures ETN,2025-03-13
ZMAR,Innovator Equity Defined Protection ETF - 1 Yr March,2025-03-13
FEBM,FT Vest U.S. Equity Max Buffer ETF - February,2025-03-14
NVDQ,T-Rex 2X Inverse NVIDIA Daily Target ETF,2025-03-14
NVDX,T-Rex 2X Long NVIDIA Daily Target ETF,2025-03-14
PBMR,PGIM S&P 500 Buffer 20 ETF - March,2025-03-14
PWS,Pacer WealthShield ETF,2025-03-14
ROBN,T-Rex 2X Long HOOD Daily Target ETF,2025-03-14
SMIN,iShares MSCI India Small-Cap ETF,2025-03-14
TSLT,T-Rex 2X Long Tesla Daily Target ETF,2025-03-14
UFEB,Innovator U.S. Equity Ultra Buffer ETF - February,2025-03-14
UVIX,2x Long VIX Futures ETF,2025-03-14
UVXY,ProShares Ultra VIX Short-Term Futures ETF,2025-03-14
VXX,iPath Series B S&P 500 VIX Short-Term Futures ETN,2025-03-14
ZMAR,Innovator Equity Defined Protection ETF - 1 Yr March,2025-03-14
FEBM,FT Vest U.S. Equity Max Buffer ETF - February,2025-03-17
NVDQ,T-Rex 2X Inverse NVIDIA Daily Target ETF,2025-03-17
NVDX,T-Rex 2X Long NVIDIA Daily Target ETF,2025-03-17
PWS,Pacer WealthShield ETF,2025-03-17
ROBN,T-Rex 2X Long HOOD Daily Target ETF,2025-03-17
TSLT,T-Rex 2X Long Tesla Daily Target ETF,2025-03-17
UFEB,Innovator U.S. Equity Ultra Buffer ETF - February,2025-03-17
UVIX,2x Long VIX Futures ETF,2025-03-17
UVXY,ProShares Ultra VIX Short-Term Futures ETF,2025-03-17
VXX,iPath Series B S&P 500 VIX Short-Term Futures ETN,2025-03-17
ZMAR,Innovator Equity Defined Protection ETF - 1 Yr March,2025-03-17
FEBM,FT Vest U.S. Equity Max Buffer ETF - February,2025-03-18
NVDQ,T-Rex 2X Inverse NVIDIA Daily Target ETF,2025-03-18
NVDX,T-Rex 2X Long NVIDIA Daily Target ETF,2025-03-18
PWS,Pacer WealthShield ETF,2025-03-18
ROBN,T-Rex 2X Long HOOD Daily Target ETF,2025-03-18
TSLT,T-Rex 2X Long Tesla Daily Target ETF,2025-03-18
UFEB,Innovator U.S. Equity Ultra Buffer ETF - February,2025-03-18
UVIX,2x Long VIX Futures ETF,2025-03-18
UVXY,ProShares Ultra VIX Short-Term Futures ETF,2025-03-18
VXX,iPath Series B S&P 500 VIX Short-Term Futures ETN,2025-03-18
ZMAR,Innovator Equity Defined Protection ETF - 1 Yr March,2025-03-18
FEBM,FT Vest U.S. Equity Max Buffer ETF - February,2025-03-19
NVDQ,T-Rex 2X Inverse NVIDIA Daily Target ETF,2025-03-19
NVDX,T-Rex 2X Long NVIDIA Daily Target ETF,2025-03-19
PWS,Pacer WealthShield ETF,2025-03-19
ROBN,T-Rex 2X Long HOOD Daily Target ETF,2025-03-19
TSLT,T-Rex 2X Long Tesla Daily Target ETF,2025-03-19
UFEB,Innovator U.S. Equity Ultra Buffer ETF - February,2025-03-19
UVIX,2x Long VIX Futures ETF,2025-03-19
UVXY,ProShares Ultra VIX Short-Term Futures ETF,2025-03-19
VXX,iPath Series B S&P 500 VIX Short-Term Futures ETN,2025-03-19
XMAR,FT Vest U.S. Equity Enhance & Moderate Buffer ETF - March,2025-03-19
ZMAR,Innovator Equity Defined Protection ETF - 1 Yr March,2025-03-19
FEBM,FT Vest U.S. Equity Max Buffer ETF - February,2025-03-20
NVDQ,T-Rex 2X Inverse NVIDIA Daily Target ETF,2025-03-20
NVDX,T-Rex 2X Long NVIDIA Daily Target ETF,2025-03-20
PWS,Pacer WealthShield ETF,2025-03-20
ROBN,T-Rex 2X Long HOOD Daily Target ETF,2025-03-20
TSLT,T-Rex 2X Long Tesla Daily Target ETF,2025-03-20
UFEB,Innovator U.S. Equity Ultra Buffer ETF - February,2025-03-20
UVIX,2x Long VIX Futures ETF,2025-03-20
UVXY,ProShares Ultra VIX Short-Term Futures ETF,2025-03-20
VXX,iPath Series B S&P 500 VIX Short-Term Futures ETN,2025-03-20
XMAR,FT Vest U.S. Equity Enhance & Moderate Buffer ETF - March,2025-03-20
ZMAR,Innovator Equity Defined Protection ETF - 1 Yr March,2025-03-20
FEBM,FT Vest U.S. Equity Max Buffer ETF - February,2025-03-21
NVDX,T-Rex 2X Long NVIDIA Daily Target ETF,2025-03-21
PWS,Pacer WealthShield ETF,2025-03-21
ROBN,T-Rex 2X Long HOOD Daily Target ETF,2025-03-21
TSLT,T-Rex 2X Long Tesla Daily Target ETF,2025-03-21
UFEB,Innovator U.S. Equity Ultra Buffer ETF - February,2025-03-21
UVIX,2x Long VIX Futures ETF,2025-03-21
UVXY,ProShares Ultra VIX Short-Term Futures ETF,2025-03-21
VXX,iPath Series B S&P 500 VIX Short-Term Futures ETN,2025-03-21
XMAR,FT Vest U.S. Equity Enhance & Moderate Buffer ETF - March,2025-03-21
ZMAR,Innovator Equity Defined Protection ETF - 1 Yr March,2025-03-21
FEBM,FT Vest U.S. Equity Max Buffer ETF - February,2025-03-24
NVDX,T-Rex 2X Long NVIDIA Daily Target ETF,2025-03-24
ROBN,T-Rex 2X Long HOOD Daily Target ETF,2025-03-24
TSLT,T-Rex 2X Long Tesla Daily Target ETF,2025-03-24
UFEB,Innovator U.S. Equity Ultra Buffer ETF - February,2025-03-24
UVIX,2x Long VIX Futures ETF,2025-03-24
UVXY,ProShares Ultra VIX Short-Term Futures ETF,2025-03-24
VXX,iPath Series B S&P 500 VIX Short-Term Futures ETN,2025-03-24
XMAR,FT Vest U.S. Equity Enhance & Moderate Buffer ETF - March,2025-03-24
ZMAR,Innovator Equity Defined Protection ETF - 1 Yr March,2025-03-24
FEBM,FT Vest U.S. Equity Max Buffer ETF - February,2025-03-25
NVDX,T-Rex 2X Long NVIDIA Daily Target ETF,2025-03-25
ROBN,T-Rex 2X Long HOOD Daily Target ETF,2025-03-25
TSLT,T-Rex 2X Long Tesla Daily Target ETF,2025-03-25
UFEB,Innovator U.S. Equity Ultra Buffer ETF - February,2025-03-25
UVIX,2x Long VIX Futures ETF,2025-03-25
UVXY,ProShares Ultra VIX Short-Term Futures ETF,2025-03-25
VXX,iPath Series B S&P 500 VIX Short-Term Futures ETN,2025-03-25
XMAR,FT Vest U.S. Equity Enhance & Moderate Buffer ETF - March,2025-03-25
ZMAR,Innovator Equity Defined Protection ETF - 1 Yr March,2025-03-25
FEBM,FT Vest U.S. Equity Max Buffer ETF - February,2025-03-26
NVDX,T-Rex 2X Long NVIDIA Daily Target ETF,2025-03-26
ROBN,T-Rex 2X Long HOOD Daily Target ETF,2025-03-26
TSLT,T-Rex 2X Long Tesla Daily Target ETF,2025-03-26
UFEB,Innovator U.S. Equity Ultra Buffer ETF - February,2025-03-26
UVIX,2x Long VIX Futures ETF,2025-03-26
UVXY,ProShares Ultra VIX Short-Term Futures ETF,2025-03-26
VXX,iPath Series B S&P 500 VIX Short-Term Futures ETN,2025-03-26
XMAR,FT Vest U.S. Equity Enhance & Moderate Buffer ETF - March,2025-03-26
ZMAR,Innovator Equity Defined Protection ETF - 1 Yr March,2025-03-26
NVDX,T-Rex 2X Long NVIDIA Daily Target ETF,2025-03-27
ROBN,T-Rex 2X Long HOOD Daily Target ETF,2025-03-27
TSLT,T-Rex 2X Long Tesla Daily Target ETF,2025-03-27
UFEB,Innovator U.S. Equity Ultra Buffer ETF - February,2025-03-27
UVIX,2x Long VIX Futures ETF,2025-03-27
UVXY,ProShares Ultra VIX Short-Term Futures ETF,2025-03-27
VXX,iPath Series B S&P 500 VIX Short-Term Futures ETN,2025-03-27
XMAR,FT Vest U.S. Equity Enhance & Moderate Buffer ETF - March,2025-03-27
ZMAR,Innovator Equity Defined Protection ETF - 1 Yr March,2025-03-27
NVDX,T-Rex 2X Long NVIDIA Daily Target ETF,2025-03-28
ROBN,T-Rex 2X Long HOOD Daily Target ETF,2025-03-28
TSLT,T-Rex 2X Long Tesla Daily Target ETF,2025-03-28
UFEB,Innovator U.S. Equity Ultra Buffer ETF - February,2025-03-28
UVIX,2x Long VIX Futures ETF,2025-03-28
UVXY,ProShares Ultra VIX Short-Term Futures ETF,2025-03-28
VXX,iPath Series B S&P 500 VIX Short-Term Futures ETN,2025-03-28
ZMAR,Innovator Equity Defined Protection ETF - 1 Yr March,2025-03-28
NVDX,T-Rex 2X Long NVIDIA Daily Target ETF,2025-03-31
ROBN,T-Rex 2X Long HOOD Daily Target ETF,2025-03-31
TSLT,T-Rex 2X Long Tesla Daily Target ETF,2025-03-31
UFEB,Innovator U.S. Equity Ultra Buffer ETF - February,2025-03-31
UVIX,2x Long VIX Futures ETF,2025-03-31
UVXY,ProShares Ultra VIX Short-Term Futures ETF,2025-03-31
VXX,iPath Series B S&P 500 VIX Short-Term Futures ETN,2025-03-31
ZMAR,Innovator Equity Defined Protection ETF - 1 Yr March,2025-03-31
JBBB,Janus Henderson B-BBB CLO ETF,2025-04-01
NVDX,T-Rex 2X Long NVIDIA Daily Target ETF,2025-04-01
ROBN,T-Rex 2X Long HOOD Daily Target ETF,2025-04-01
TSLT,T-Rex 2X Long Tesla Daily Target ETF,2025-04-01
UFEB,Innovator U.S. Equity Ultra Buffer ETF - February,2025-04-01
UVIX,2x Long VIX Futures ETF,2025-04-01
UVXY,ProShares Ultra VIX Short-Term Futures ETF,2025-04-01
VXX,iPath Series B S&P 500 VIX Short-Term Futures ETN,2025-04-01
JBBB,Janus Henderson B-BBB CLO ETF,2025-04-02
NVDX,T-Rex 2X Long NVIDIA Daily Target ETF,2025-04-02
ROBN,T-Rex 2X Long HOOD Daily Target ETF,2025-04-02
TSLT,T-Rex 2X Long Tesla Daily Target ETF,2025-04-02
UFEB,Innovator U.S. Equity Ultra Buffer ETF - February,2025-04-02
UVIX,2x Long VIX Futures ETF,2025-04-02
UVXY,ProShares Ultra VIX Short-Term Futures ETF,2025-04-02
VXX,iPath Series B S&P 500 VIX Short-Term Futures ETN,2025-04-02
JBBB,Janus Henderson B-BBB CLO ETF,2025-04-03
NVDX,T-Rex 2X Long NVIDIA Daily Target ETF,2025-04-03
ROBN,T-Rex 2X Long HOOD Daily Target ETF,2025-04-03
TSLT,T-Rex 2X Long Tesla Daily Target ETF,2025-04-03
UVIX,2x Long VIX Futures ETF,2025-04-03
UVXY,ProShares Ultra VIX Short-Term Futures ETF,2025-04-03
VXX,iPath Series B S&P 500 VIX Short-Term Futures ETN,2025-04-03
JBBB,Janus Henderson B-BBB CLO ETF,2025-04-04
LOCT,Innovator Premium Income 15 Buffer ETF - October,2025-04-04
ROBN,T-Rex 2X Long HOOD Daily Target ETF,2025-04-04
TSLT,T-Rex 2X Long Tesla Daily Target ETF,2025-04-04
UVIX,2x Long VIX Futures ETF,2025-04-04
UVXY,ProShares Ultra VIX Short-Term Futures ETF,2025-04-04
VXX,iPath Series B S&P 500 VIX Short-Term Futures ETN,2025-04-04
JANH,Innovator Premium Income 20 Barrier ETF - January,2025-04-07
JBBB,Janus Henderson B-BBB CLO ETF,2025-04-07
LOCT,Innovator Premium Income 15 Buffer ETF - October,2025-04-07
ROBN,T-Rex 2X Long HOOD Daily Target ETF,2025-04-07
TSLT,T-Rex 2X Long Tesla Daily Target ETF,2025-04-07
UVIX,2x Long VIX Futures ETF,2025-04-07
UVXY,ProShares Ultra VIX Short-Term Futures ETF,2025-04-07
VXX,iPath Series B S&P 500 VIX Short-Term Futures ETN,2025-04-07
JANH,Innovator Premium Income 20 Barrier ETF - January,2025-04-08
JBBB,Janus Henderson B-BBB CLO ETF,2025-04-08
LOCT,Innovator Premium Income 15 Buffer ETF - October,2025-04-08
ROBN,T-Rex 2X Long HOOD Daily Target ETF,2025-04-08
TSLT,T-Rex 2X Long Tesla Daily Target ETF,2025-04-08
UVIX,2x Long VIX Futures ETF,2025-04-08
UVXY,ProShares Ultra VIX Short-Term Futures ETF,2025-04-08
VXX,iPath Series B S&P 500 VIX Short-Term Futures ETN,2025-04-08
ZAPR,Innovator Equity Defined Protection ETF - 1 Yr April,2025-04-08
JANH,Innovator Premium Income 20 Barrier ETF - January,2025-04-09
JBBB,Janus Henderson B-BBB CLO ETF,2025-04-09
LOCT,Innovator Premium Income 15 Buffer ETF - October,2025-04-09
PBAP,PGIM S&P 500 Buffer 20 ETF - April,2025-04-09
ROBN,T-Rex 2X Long HOOD Daily Target ETF,2025-04-09
TAPR,Innovator Equity Defined Protection ETF - 2 Yr to April 2027,2025-04-09
TSLT,T-Rex 2X Long Tesla Daily Target ETF,2025-04-09
UVIX,2x Long VIX Futures ETF,2025-04-09
UVXY,ProShares Ultra VIX Short-Term Futures ETF,2025-04-09
VXX,iPath Series B S&P 500 VIX Short-Term Futures ETN,2025-04-09
ZAPR,Innovator Equity Defined Protection ETF - 1 Yr April,2025-04-09
ZDEK,Innovator Equity Defined Protection ETF - 1 Yr December,2025-04-09
FEBU,AllianzIM U.S. Equity Buffer15 Uncapped Feb ETF,2025-04-10
JANH,Innovator Premium Income 20 Barrier ETF - January,2025-04-10
JBBB,Janus Henderson B-BBB CLO ETF,2025-04-10
LOCT,Innovator Premium Income 15 Buffer ETF - October,2025-04-10
PBAP,PGIM S&P 500 Buffer 20 ETF - April,2025-04-10
ROBN,T-Rex 2X Long HOOD Daily Target ETF,2025-04-10
TAPR,Innovator Equity Defined Protection ETF - 2 Yr to April 2027,2025-04-10
TSLT,T-Rex 2X Long Tesla Daily Target ETF,2025-04-10
UVIX,2x Long VIX Futures ETF,2025-04-10
UVXY,ProShares Ultra VIX Short-Term Futures ETF,2025-04-10
VXX,iPath Series B S&P 500 VIX Short-Term Futures ETN,2025-04-10
ZAPR,Innovator Equity Defined Protection ETF - 1 Yr April,2025-04-10
ZDEK,Innovator Equity Defined Protection ETF - 1 Yr December,2025-04-10
FEBU,AllianzIM U.S. Equity Buffer15 Uncapped Feb ETF,2025-04-11
JANH,Innovator Premium Income 20 Barrier ETF - January,2025-04-11
JBBB,Janus Henderson B-BBB CLO ETF,2025-04-11
LOCT,Innovator Premium Income 15 Buffer ETF - October,2025-04-11
PBAP,PGIM S&P 500 Buffer 20 ETF - April,2025-04-11
ROBN,T-Rex 2X Long HOOD Daily Target ETF,2025-04-11
TAPR,Innovator Equity Defined Protection ETF - 2 Yr to April 2027,2025-04-11
TSLT,T-Rex 2X Long Tesla Daily Target ETF,2025-04-11
UVIX,2x Long VIX Futures ETF,2025-04-11
UVXY,ProShares Ultra VIX Short-Term Futures ETF,2025-04-11
VXX,iPath Series B S&P 500 VIX Short-Term Futures ETN,2025-04-11
ZAPR,Innovator Equity Defined Protection ETF - 1 Yr April,2025-04-11
ZDEK,Innovator Equity Defined Protection ETF - 1 Yr December,2025-04-11
FEBU,AllianzIM U.S. Equity Buffer15 Uncapped Feb ETF,2025-04-14
JANH,Innovator Premium Income 20 Barrier ETF - January,2025-04-14
JBBB,Janus Henderson B-BBB CLO ETF,2025-04-14
NJUN,Innovator Growth-100 Power Buffer ETF - June,2025-04-14
PBAP,PGIM S&P 500 Buffer 20 ETF - April,2025-04-14
ROBN,T-Rex 2X Long HOOD Daily Target ETF,2025-04-14
TAPR,Innovator Equity Defined Protection ETF - 2 Yr to April 2027,2025-04-14
TSLT,T-Rex 2X Long Tesla Daily Target ETF,2025-04-14
UVIX,2x Long VIX Futures ETF,2025-04-14
UVXY,ProShares Ultra VIX Short-Term Futures ETF,2025-04-14
VXX,iPath Series B S&P 500 VIX Short-Term Futures ETN,2025-04-14
ZAPR,Innovator Equity Defined Protection ETF - 1 Yr April,2025-04-14
ZDEK,Innovator Equity Defined Protection ETF - 1 Yr December,2025-04-14
FEBU,AllianzIM U.S. Equity Buffer15 Uncapped Feb ETF,2025-04-15
JBBB,Janus Henderson B-BBB CLO ETF,2025-04-15
NJUN,Innovator Growth-100 Power Buffer ETF - June,2025-04-15
PBAP,PGIM S&P 500 Buffer 20 ETF - April,2025-04-15
ROBN,T-Rex 2X Long HOOD Daily Target ETF,2025-04-15
TAPR,Innovator Equity Defined Protection ETF - 2 Yr to April 2027,2025-04-15
TSLT,T-Rex 2X Long Tesla Daily Target ETF,2025-04-15
UVIX,2x Long VIX Futures ETF,2025-04-15
UVXY,ProShares Ultra VIX Short-Term Futures ETF,2025-04-15
VXX,iPath Series B S&P 500 VIX Short-Term Futures ETN,2025-04-15
ZAPR,Innovator Equity Defined Protection ETF - 1 Yr April,2025-04-15
ZDEK,Innovator Equity Defined Protection ETF - 1 Yr December,2025-04-15
FEBU,AllianzIM U.S. Equity Buffer15 Uncapped Feb ETF,2025-04-16
JBBB,Janus Henderson B-BBB CLO ETF,2025-04-16
NJUN,Innovator Growth-100 Power Buffer ETF - June,2025-04-16
PBAP,PGIM S&P 500 Buffer 20 ETF - April,2025-04-16
ROBN,T-Rex 2X Long HOOD Daily Target ETF,2025-04-16
TAPR,Innovator Equity Defined Protection ETF - 2 Yr to April 2027,2025-04-16
TSLT,T-Rex 2X Long Tesla Daily Target ETF,2025-04-16
UVIX,2x Long VIX Futures ETF,2025-04-16
UVXY,ProShares Ultra VIX Short-Term Futures ETF,2025-04-16
VXX,iPath Series B S&P 500 VIX Short-Term Futures ETN,2025-04-16
ZAPR,Innovator Equity Defined Protection ETF - 1 Yr April,2025-04-16
ZDEK,Innovator Equity Defined Protection ETF - 1 Yr December,2025-04-16
FEBU,AllianzIM U.S. Equity Buffer15 Uncapped Feb ETF,2025-04-17
JBBB,Janus Henderson B-BBB CLO ETF,2025-04-17
NJUN,Innovator Growth-100 Power Buffer ETF - June,2025-04-17
PBAP,PGIM S&P 500 Buffer 20 ETF - April,2025-04-17
ROBN,T-Rex 2X Long HOOD Daily Target ETF,2025-04-17
TAPR,Innovator Equity Defined Protection ETF - 2 Yr to April 2027,2025-04-17
TSLT,T-Rex 2X Long Tesla Daily Target ETF,2025-04-17
UVIX,2x Long VIX Futures ETF,2025-04-17
UVXY,ProShares Ultra VIX Short-Term Futures ETF,2025-04-17
VXX,iPath Series B S&P 500 VIX Short-Term Futures ETN,2025-04-17
ZAPR,Innovator Equity Defined Protection ETF - 1 Yr April,2025-04-17
ZDEK,Innovator Equity Defined Protection ETF - 1 Yr December,2025-04-17
JBBB,Janus Henderson B-BBB CLO ETF,2025-04-21
NJUN,Innovator Growth-100 Power Buffer ETF - June,2025-04-21
PBAP,PGIM S&P 500 Buffer 20 ETF - April,2025-04-21
ROBN,T-Rex 2X Long HOOD Daily Target ETF,2025-04-21
TAPR,Innovator Equity Defined Protection ETF - 2 Yr to April 2027,2025-04-21
TSLT,T-Rex 2X Long Tesla Daily Target ETF,2025-04-21
UVIX,2x Long VIX Futures ETF,2025-04-21
UVXY,ProShares Ultra VIX Short-Term Futures ETF,2025-04-21
VXX,iPath Series B S&P 500 VIX Short-Term Futures ETN,2025-04-21
ZAPR,Innovator Equity Defined Protection ETF - 1 Yr April,2025-04-21
ZDEK,Innovator Equity Defined Protection ETF - 1 Yr December,2025-04-21
FFLV,Fidelity Fundamental Large Cap Value ETF,2025-04-22
NJUN,Innovator Growth-100 Power Buffer ETF - June,2025-04-22
PBAP,PGIM S&P 500 Buffer 20 ETF - April,2025-04-22
ROBN,T-Rex 2X Long HOOD Daily Target ETF,2025-04-22
SPBU,AllianzIM Buffer15 Uncapped Allocation ETF,2025-04-22
TAPR,Innovator Equity Defined Protection ETF - 2 Yr to April 2027,2025-04-22
TSLT,T-Rex 2X Long Tesla Daily Target ETF,2025-04-22
UVIX,2x Long VIX Futures ETF,2025-04-22
UVXY,ProShares Ultra VIX Short-Term Futures ETF,2025-04-22
VXX,iPath Series B S&P 500 VIX Short-Term Futures ETN,2025-04-22
ZAPR,Innovator Equity Defined Protection ETF - 1 Yr April,2025-04-22
ZDEK,Innovator Equity Defined Protection ETF - 1 Yr December,2025-04-22
FFLV,Fidelity Fundamental Large Cap Value ETF,2025-04-23
NVDQ,T-Rex 2X Inverse NVIDIA Daily Target ETF,2025-04-23
PBAP,PGIM S&P 500 Buffer 20 ETF - April,2025-04-23
SPBU,AllianzIM Buffer15 Uncapped Allocation ETF,2025-04-23
TSLT,T-Rex 2X Long Tesla Daily Target ETF,2025-04-23
UVIX,2x Long VIX Futures ETF,2025-04-23
UVXY,ProShares Ultra VIX Short-Term Futures ETF,2025-04-23
VXX,iPath Series B S&P 500 VIX Short-Term Futures ETN,2025-04-23
ZAPR,Innovator Equity Defined Protection ETF - 1 Yr April,2025-04-23
ZDEK,Innovator Equity Defined Protection ETF - 1 Yr December,2025-04-23
FFLV,Fidelity Fundamental Large Cap Value ETF,2025-04-24
NVDQ,T-Rex 2X Inverse NVIDIA Daily Target ETF,2025-04-24
PBAP,PGIM S&P 500 Buffer 20 ETF - April,2025-04-24
SPBU,AllianzIM Buffer15 Uncapped Allocation ETF,2025-04-24
UVIX,2x Long VIX Futures ETF,2025-04-24
UVXY,ProShares Ultra VIX Short-Term Futures ETF,2025-04-24
VXX,iPath Series B S&P 500 VIX Short-Term Futures ETN,2025-04-24
ZAPR,Innovator Equity Defined Protection ETF - 1 Yr April,2025-04-24
FFLV,Fidelity Fundamental Large Cap Value ETF,2025-04-25
NVDQ,T-Rex 2X Inverse NVIDIA Daily Target ETF,2025-04-25
PBAP,PGIM S&P 500 Buffer 20 ETF - April,2025-04-25
SPBU,AllianzIM Buffer15 Uncapped Allocation ETF,2025-04-25
UVIX,2x Long VIX Futures ETF,2025-04-25
UVXY,ProShares Ultra VIX Short-Term Futures ETF,2025-04-25
VXX,iPath Series B S&P 500 VIX Short-Term Futures ETN,2025-04-25
ZAPR,Innovator Equity Defined Protection ETF - 1 Yr April,2025-04-25
FFLV,Fidelity Fundamental Large Cap Value ETF,2025-04-28
NVDQ,T-Rex 2X Inverse NVIDIA Daily Target ETF,2025-04-28
PBAP,PGIM S&P 500 Buffer 20 ETF - April,2025-04-28
SPBU,AllianzIM Buffer15 Uncapped Allocation ETF,2025-04-28
UVIX,2x Long VIX Futures ETF,2025-04-28
UVXY,ProShares Ultra VIX Short-Term Futures ETF,2025-04-28
VXX,iPath Series B S&P 500 VIX Short-Term Futures ETN,2025-04-28
ZAPR,Innovator Equity Defined Protection ETF - 1 Yr April,2025-04-28
FFLV,Fidelity Fundamental Large Cap Value ETF,2025-04-29
NVDQ,T-Rex 2X Inverse NVIDIA Daily Target ETF,2025-04-29
PBAP,PGIM S&P 500 Buffer 20 ETF - April,2025-04-29
SPBU,AllianzIM Buffer15 Uncapped Allocation ETF,2025-04-29
UVIX,2x Long VIX Futures ETF,2025-04-29
UVXY,ProShares Ultra VIX Short-Term Futures ETF,2025-04-29
VXX,iPath Series B S&P 500 VIX Short-Term Futures ETN,2025-04-29
ZAPR,Innovator Equity Defined Protection ETF - 1 Yr April,2025-04-29
FFLV,Fidelity Fundamental Large Cap Value ETF,2025-04-30
NVDQ,T-Rex 2X Inverse NVIDIA Daily Target ETF,2025-04-30
PBAP,PGIM S&P 500 Buffer 20 ETF - April,2025-04-30
SPBU,AllianzIM Buffer15 Uncapped Allocation ETF,2025-04-30
UVIX,2x Long VIX Futures ETF,2025-04-30
UVXY,ProShares Ultra VIX Short-Term Futures ETF,2025-04-30
ZAPR,Innovator Equity Defined Protection ETF - 1 Yr April,2025-04-30
NVDQ,T-Rex 2X Inverse NVIDIA Daily Target ETF,2025-05-01
SPBU,AllianzIM Buffer15 Uncapped Allocation ETF,2025-05-01
UVIX,2x Long VIX Futures ETF,2025-05-01
UVXY,ProShares Ultra VIX Short-Term Futures ETF,2025-05-01
ZAPR,Innovator Equity Defined Protection ETF - 1 Yr April,2025-05-01
NVDQ,T-Rex 2X Inverse NVIDIA Daily Target ETF,2025-05-02
SPBU,AllianzIM Buffer15 Uncapped Allocation ETF,2025-05-02
UVIX,2x Long VIX Futures ETF,2025-05-02
UVXY,ProShares Ultra VIX Short-Term Futures ETF,2025-05-02
ZAPR,Innovator Equity Defined Protection ETF - 1 Yr April,2025-05-02
NVDQ,T-Rex 2X Inverse NVIDIA Daily Target ETF,2025-05-05
SPBU,AllianzIM Buffer15 Uncapped Allocation ETF,2025-05-05
UVIX,2x Long VIX Futures ETF,2025-05-05
UVXY,ProShares Ultra VIX Short-Term Futures ETF,2025-05-05
ZAPR,Innovator Equity Defined Protection ETF - 1 Yr April,2025-05-05
NVDQ,T-Rex 2X Inverse NVIDIA Daily Target ETF,2025-05-06
SPBU,AllianzIM Buffer15 Uncapped Allocation ETF,2025-05-06
UVIX,2x Long VIX Futures ETF,2025-05-06
UVXY,ProShares Ultra VIX Short-Term Futures ETF,2025-05-06
VIXY,ProShares VIX Short-Term Futures ETF,2025-05-06
ZAPR,Innovator Equity Defined Protection ETF - 1 Yr April,2025-05-06
NVDQ,T-Rex 2X Inverse NVIDIA Daily Target ETF,2025-05-07
SPBU,AllianzIM Buffer15 Uncapped Allocation ETF,2025-05-07
UMAY,Innovator U.S. Equity Ultra Buffer ETF - May,2025-05-07
UVIX,2x Long VIX Futures ETF,2025-05-07
UVXY,ProShares Ultra VIX Short-Term Futures ETF,2025-05-07
VIXY,ProShares VIX Short-Term Futures ETF,2025-05-07
KMAY,Innovator U.S. Small Cap Power Buffer ETF - May,2025-05-08
NMAY,Innovator Growth-100 Power Buffer ETF - May,2025-05-08
NVDQ,T-Rex 2X Inverse NVIDIA Daily Target ETF,2025-05-08
PBMY,PGIM S&P 500 Buffer 20 ETF - May,2025-05-08
PMMY,PGIM S&P 500 Max Buffer ETF - May,2025-05-08
SPBU,AllianzIM Buffer15 Uncapped Allocation ETF,2025-05-08
UMAY,Innovator U.S. Equity Ultra Buffer ETF - May,2025-05-08
VIXY,ProShares VIX Short-Term Futures ETF,2025-05-08
ZMAY,Innovator Equity Defined Protection ETF - 1 Yr May,2025-05-08
KMAY,Innovator U.S. Small Cap Power Buffer ETF - May,2025-05-09
NMAY,Innovator Growth-100 Power Buffer ETF - May,2025-05-09
NVDQ,T-Rex 2X Inverse NVIDIA Daily Target ETF,2025-05-09
PBMY,PGIM S&P 500 Buffer 20 ETF - May,2025-05-09
PMMY,PGIM S&P 500 Max Buffer ETF - May,2025-05-09
SPBU,AllianzIM Buffer15 Uncapped Allocation ETF,2025-05-09
UMAY,Innovator U.S. Equity Ultra Buffer ETF - May,2025-05-09
VIXY,ProShares VIX Short-Term Futures ETF,2025-05-09
ZMAY,Innovator Equity Defined Protection ETF - 1 Yr May,2025-05-09
KMAY,Innovator U.S. Small Cap Power Buffer ETF - May,2025-05-12
NMAY,Innovator Growth-100 Power Buffer ETF - May,2025-05-12
NVDQ,T-Rex 2X Inverse NVIDIA Daily Target ETF,2025-05-12
PBMY,PGIM S&P 500 Buffer 20 ETF - May,2025-05-12
PMMY,PGIM S&P 500 Max Buffer ETF - May,2025-05-12
SPBU,AllianzIM Buffer15 Uncapped Allocation ETF,2025-05-12
UMAY,Innovator U.S. Equity Ultra Buffer ETF - May,2025-05-12
VIXY,ProShares VIX Short-Term Futures ETF,2025-05-12
ZMAY,Innovator Equity Defined Protection ETF - 1 Yr May,2025-05-12
KMAY,Innovator U.S. Small Cap Power Buffer ETF - May,2025-05-13
NMAY,Innovator Growth-100 Power Buffer ETF - May,2025-05-13
NVDQ,T-Rex 2X Inverse NVIDIA Daily Target ETF,2025-05-13
PBMY,PGIM S&P 500 Buffer 20 ETF - May,2025-05-13
PMMY,PGIM S&P 500 Max Buffer ETF - May,2025-05-13
SPBU,AllianzIM Buffer15 Uncapped Allocation ETF,2025-05-13
UMAY,Innovator U.S. Equity Ultra Buffer ETF - May,2025-05-13
VIXY,ProShares VIX Short-Term Futures ETF,2025-05-13
ZMAY,Innovator Equity Defined Protection ETF - 1 Yr May,2025-05-13
KMAY,Innovator U.S. Small Cap Power Buffer ETF - May,2025-05-14
NMAY,Innovator Growth-100 Power Buffer ETF - May,2025-05-14
NVDQ,T-Rex 2X Inverse NVIDIA Daily Target ETF,2025-05-14
PBMY,PGIM S&P 500 Buffer 20 ETF - May,2025-05-14
PMMY,PGIM S&P 500 Max Buffer ETF - May,2025-05-14
UMAY,Innovator U.S. Equity Ultra Buffer ETF - May,2025-05-14
VIXY,ProShares VIX Short-Term Futures ETF,2025-05-14
ZMAY,Innovator Equity Defined Protection ETF - 1 Yr May,2025-05-14
KMAY,Innovator U.S. Small Cap Power Buffer ETF - May,2025-05-15
NMAY,Innovator Growth-100 Power Buffer ETF - May,2025-05-15
NVDQ,T-Rex 2X Inverse NVIDIA Daily Target ETF,2025-05-15
PBMY,PGIM S&P 500 Buffer 20 ETF - May,2025-05-15
PMMY,PGIM S&P 500 Max Buffer ETF - May,2025-05-15
UMAY,Innovator U.S. Equity Ultra Buffer ETF - May,2025-05-15
VIXY,ProShares VIX Short-Term Futures ETF,2025-05-15
ZMAY,Innovator Equity Defined Protection ETF - 1 Yr May,2025-05-15
KMAY,Innovator U.S. Small Cap Power Buffer ETF - May,2025-05-16
MAGX,Roundhill Daily 2X Long Magnificent Seven ETF,2025-05-16
NMAY,Innovator Growth-100 Power Buffer ETF - May,2025-05-16
NVDQ,T-Rex 2X Inverse NVIDIA Daily Target ETF,2025-05-16
PBMY,PGIM S&P 500 Buffer 20 ETF - May,2025-05-16
PMMY,PGIM S&P 500 Max Buffer ETF - May,2025-05-16
UMAY,Innovator U.S. Equity Ultra Buffer ETF - May,2025-05-16
VIXY,ProShares VIX Short-Term Futures ETF,2025-05-16
ZMAY,Innovator Equity Defined Protection ETF - 1 Yr May,2025-05-16
KMAY,Innovator U.S. Small Cap Power Buffer ETF - May,2025-05-19
MAGX,Roundhill Daily 2X Long Magnificent Seven ETF,2025-05-19
NMAY,Innovator Growth-100 Power Buffer ETF - May,2025-05-19
NVDQ,T-Rex 2X Inverse NVIDIA Daily Target ETF,2025-05-19
PBMY,PGIM S&P 500 Buffer 20 ETF - May,2025-05-19
UMAY,Innovator U.S. Equity Ultra Buffer ETF - May,2025-05-19
VIXY,ProShares VIX Short-Term Futures ETF,2025-05-19
ZMAY,Innovator Equity Defined Protection ETF - 1 Yr May,2025-05-19
KMAY,Innovator U.S. Small Cap Power Buffer ETF - May,2025-05-20
MAGX,Roundhill Daily 2X Long Magnificent Seven ETF,2025-05-20
NVDQ,T-Rex 2X Inverse NVIDIA Daily Target ETF,2025-05-20
TEMT,Tradr 2X Long TEM Daily ETF,2025-05-20
VIXY,ProShares VIX Short-Term Futures ETF,2025-05-20
ZMAY,Innovator Equity Defined Protection ETF - 1 Yr May,2025-05-20
KMAY,Innovator U.S. Small Cap Power Buffer ETF - May,2025-05-21
MAGX,Roundhill Daily 2X Long Magnificent Seven ETF,2025-05-21
NVDQ,T-Rex 2X Inverse NVIDIA Daily Target ETF,2025-05-21
TEMT,Tradr 2X Long TEM Daily ETF,2025-05-21
VIXY,ProShares VIX Short-Term Futures ETF,2025-05-21
ZMAY,Innovator Equity Defined Protection ETF - 1 Yr May,2025-05-21
KMAY,Innovator U.S. Small Cap Power Buffer ETF - May,2025-05-22
MAGX,Roundhill Daily 2X Long Magnificent Seven ETF,2025-05-22
NVDQ,T-Rex 2X Inverse NVIDIA Daily Target ETF,2025-05-22
TEMT,Tradr 2X Long TEM Daily ETF,2025-05-22
VIXY,ProShares VIX Short-Term Futures ETF,2025-05-22
ZMAY,Innovator Equity Defined Protection ETF - 1 Yr May,2025-05-22
GMAY,FT Vest U.S. Equity Moderate Buffer ETF - May,2025-05-23
KMAY,Innovator U.S. Small Cap Power Buffer ETF - May,2025-05-23
MAGX,Roundhill Daily 2X Long Magnificent Seven ETF,2025-05-23
NVDQ,T-Rex 2X Inverse NVIDIA Daily Target ETF,2025-05-23
TEMT,Tradr 2X Long TEM Daily ETF,2025-05-23
VIXY,ProShares VIX Short-Term Futures ETF,2025-05-23
ZMAY,Innovator Equity Defined Protection ETF - 1 Yr May,2025-05-23
GMAY,FT Vest U.S. Equity Moderate Buffer ETF - May,2025-05-27
KMAY,Innovator U.S. Small Cap Power Buffer ETF - May,2025-05-27
NVDQ,T-Rex 2X Inverse NVIDIA Daily Target ETF,2025-05-27
TEMT,Tradr 2X Long TEM Daily ETF,2025-05-27
ZMAY,Innovator Equity Defined Protection ETF - 1 Yr May,2025-05-27
GMAY,FT Vest U.S. Equity Moderate Buffer ETF - May,2025-05-28
KMAY,Innovator U.S. Small Cap Power Buffer ETF - May,2025-05-28
NVDQ,T-Rex 2X Inverse NVIDIA Daily Target ETF,2025-05-28
TEMT,Tradr 2X Long TEM Daily ETF,2025-05-28
ZMAY,Innovator Equity Defined Protection ETF - 1 Yr May,2025-05-28
GMAY,FT Vest U.S. Equity Moderate Buffer ETF - May,2025-05-29
IBMT,iShares iBonds Dec 2031 Term Muni Bond ETF,2025-05-29
KMAY,Innovator U.S. Small Cap Power Buffer ETF - May,2025-05-29
NVDQ,T-Rex 2X Inverse NVIDIA Daily Target ETF,2025-05-29
TEMT,Tradr 2X Long TEM Daily ETF,2025-05-29
ZMAY,Innovator Equity Defined Protection ETF - 1 Yr May,2025-05-29
GMAY,FT Vest U.S. Equity Moderate Buffer ETF - May,2025-05-30
IBMT,iShares iBonds Dec 2031 Term Muni Bond ETF,2025-05-30
KMAY,Innovator U.S. Small Cap Power Buffer ETF - May,2025-05-30
NVDQ,T-Rex 2X Inverse NVIDIA Daily Target ETF,2025-05-30
TEMT,Tradr 2X Long TEM Daily ETF,2025-05-30
TSLT,T-Rex 2X Long Tesla Daily Target ETF,2025-05-30
ZMAY,Innovator Equity Defined Protection ETF - 1 Yr May,2025-05-30
GMAY,FT Vest U.S. Equity Moderate Buffer ETF - May,2025-06-02
IBMT,iShares iBonds Dec 2031 Term Muni Bond ETF,2025-06-02
KMAY,Innovator U.S. Small Cap Power Buffer ETF - May,2025-06-02
NVDQ,T-Rex 2X Inverse NVIDIA Daily Target ETF,2025-06-02
TEMT,Tradr 2X Long TEM Daily ETF,2025-06-02
TSLT,T-Rex 2X Long Tesla Daily Target ETF,2025-06-02
ZMAY,Innovator Equity Defined Protection ETF - 1 Yr May,2025-06-02
GMAY,FT Vest U.S. Equity Moderate Buffer ETF - May,2025-06-03
IBMT,iShares iBonds Dec 2031 Term Muni Bond ETF,2025-06-03
KMAY,Innovator U.S. Small Cap Power Buffer ETF - May,2025-06-03
NVDQ,T-Rex 2X Inverse NVIDIA Daily Target ETF,2025-06-03
TEMT,Tradr 2X Long TEM Daily ETF,2025-06-03
TSLT,T-Rex 2X Long Tesla Daily Target ETF,2025-06-03
ZMAY,Innovator Equity Defined Protection ETF - 1 Yr May,2025-06-03
GMAY,FT Vest U.S. Equity Moderate Buffer ETF - May,2025-06-04
IBMT,iShares iBonds Dec 2031 Term Muni Bond ETF,2025-06-04
KMAY,Innovator U.S. Small Cap Power Buffer ETF - May,2025-06-04
NVDQ,T-Rex 2X Inverse NVIDIA Daily Target ETF,2025-06-04
TEMT,Tradr 2X Long TEM Daily ETF,2025-06-04
TSLT,T-Rex 2X Long Tesla Daily Target ETF,2025-06-04
GMAY,FT Vest U.S. Equity Moderate Buffer ETF - May,2025-06-05
IBMT,iShares iBonds Dec 2031 Term Muni Bond ETF,2025-06-05
KMAY,Innovator U.S. Small Cap Power Buffer ETF - May,2025-06-05
NVDQ,T-Rex 2X Inverse NVIDIA Daily Target ETF,2025-06-05
TEMT,Tradr 2X Long TEM Daily ETF,2025-06-05
TSLT,T-Rex 2X Long Tesla Daily Target ETF,2025-06-05
GMAY,FT Vest U.S. Equity Moderate Buffer ETF - May,2025-06-06
KMAY,Innovator U.S. Small Cap Power Buffer ETF - May,2025-06-06
NVDQ,T-Rex 2X Inverse NVIDIA Daily Target ETF,2025-06-06
TEMT,Tradr 2X Long TEM Daily ETF,2025-06-06
TSLT,T-Rex 2X Long Tesla Daily Target ETF,2025-06-06
DEFR,Aptus Deferred Income ETF,2025-06-09
GMAY,FT Vest U.S. Equity Moderate Buffer ETF - May,2025-06-09
ISVL,iShares International Developed Small Cap Value Factor ETF,2025-06-09
KMAY,Innovator U.S. Small Cap Power Buffer ETF - May,2025-06-09
NVDQ,T-Rex 2X Inverse NVIDIA Daily Target ETF,2025-06-09
TSLT,T-Rex 2X Long Tesla Daily Target ETF,2025-06-09
ZJUN,Innovator Equity Defined Protection ETF - 1 Yr June,2025-06-09
DEFR,Aptus Deferred Income ETF,2025-06-10
GMAY,FT Vest U.S. Equity Moderate Buffer ETF - May,2025-06-10
ISVL,iShares International Developed Small Cap Value Factor ETF,2025-06-10
KMAY,Innovator U.S. Small Cap Power Buffer ETF - May,2025-06-10
NVDQ,T-Rex 2X Inverse NVIDIA Daily Target ETF,2025-06-10
PBJN,PGIM S&P 500 Buffer 20 ETF - June,2025-06-10
TSLT,T-Rex 2X Long Tesla Daily Target ETF,2025-06-10
ZJUN,Innovator Equity Defined Protection ETF - 1 Yr June,2025-06-10
DEFR,Aptus Deferred Income ETF,2025-06-11
GMAY,FT Vest U.S. Equity Moderate Buffer ETF - May,2025-06-11
ISVL,iShares International Developed Small Cap Value Factor ETF,2025-06-11
KMAY,Innovator U.S. Small Cap Power Buffer ETF - May,2025-06-11
NVDQ,T-Rex 2X Inverse NVIDIA Daily Target ETF,2025-06-11
PBJN,PGIM S&P 500 Buffer 20 ETF - June,2025-06-11
TSLT,T-Rex 2X Long Tesla Daily Target ETF,2025-06-11
ZJUN,Innovator Equity Defined Protection ETF - 1 Yr June,2025-06-11
DEFR,Aptus Deferred Income ETF,2025-06-12
GMAY,FT Vest U.S. Equity Moderate Buffer ETF - May,2025-06-12
ISVL,iShares International Developed Small Cap Value Factor ETF,2025-06-12
KMAY,Innovator U.S. Small Cap Power Buffer ETF - May,2025-06-12
NVDQ,T-Rex 2X Inverse NVIDIA Daily Target ETF,2025-06-12
PBJN,PGIM S&P 500 Buffer 20 ETF - June,2025-06-12
TSLT,T-Rex 2X Long Tesla Daily Target ETF,2025-06-12
ZJUN,Innovator Equity Defined Protection ETF - 1 Yr June,2025-06-12
DEFR,Aptus Deferred Income ETF,2025-06-13
ISVL,iShares International Developed Small Cap Value Factor ETF,2025-06-13
KMAY,Innovator U.S. Small Cap Power Buffer ETF - May,2025-06-13
NVDQ,T-Rex 2X Inverse NVIDIA Daily Target ETF,2025-06-13
PBJN,PGIM S&P 500 Buffer 20 ETF - June,2025-06-13
TSLT,T-Rex 2X Long Tesla Daily Target ETF,2025-06-13
ZJUN,Innovator Equity Defined Protection ETF - 1 Yr June,2025-06-13
DEFR,Aptus Deferred Income ETF,2025-06-16
ISVL,iShares International Developed Small Cap Value Factor ETF,2025-06-16
KMAY,Innovator U.S. Small Cap Power Buffer ETF - May,2025-06-16
NVDQ,T-Rex 2X Inverse NVIDIA Daily Target ETF,2025-06-16
PBJN,PGIM S&P 500 Buffer 20 ETF - June,2025-06-16
ZJUN,Innovator Equity Defined Protection ETF - 1 Yr June,2025-06-16
ARCX,Tradr 2X Long ACHR Daily ETF,2025-06-17
DEFR,Aptus Deferred Income ETF,2025-06-17
GMEU,T-REX 2X Long GME Daily Target ETF,2025-06-17
NVDQ,T-Rex 2X Inverse NVIDIA Daily Target ETF,2025-06-17
PBJN,PGIM S&P 500 Buffer 20 ETF - June,2025-06-17
ZJUN,Innovator Equity Defined Protection ETF - 1 Yr June,2025-06-17
ARCX,Tradr 2X Long ACHR Daily ETF,2025-06-18
DEFR,Aptus Deferred Income ETF,2025-06-18
GMEU,T-REX 2X Long GME Daily Target ETF,2025-06-18
PBJN,PGIM S&P 500 Buffer 20 ETF - June,2025-06-18
ZJUN,Innovator Equity Defined Protection ETF - 1 Yr June,2025-06-18
ARCX,Tradr 2X Long ACHR Daily ETF,2025-06-20
DEFR,Aptus Deferred Income ETF,2025-06-20
GMEU,T-REX 2X Long GME Daily Target ETF,2025-06-20
NVDX,T-Rex 2X Long NVIDIA Daily Target ETF,2025-06-20
VGMS,Vanguard Multi-Sector Income Bond ETF,2025-06-20
ZJUN,Innovator Equity Defined Protection ETF - 1 Yr June,2025-06-20
ARCX,Tradr 2X Long ACHR Daily ETF,2025-06-23
GMEU,T-REX 2X Long GME Daily Target ETF,2025-06-23
NVDX,T-Rex 2X Long NVIDIA Daily Target ETF,2025-06-23
VGMS,Vanguard Multi-Sector Income Bond ETF,2025-06-23
ZJUN,Innovator Equity Defined Protection ETF - 1 Yr June,2025-06-23
ARCX,Tradr 2X Long ACHR Daily ETF,2025-06-24
GMEU,T-REX 2X Long GME Daily Target ETF,2025-06-24
NVDX,T-Rex 2X Long NVIDIA Daily Target ETF,2025-06-24
VGMS,Vanguard Multi-Sector Income Bond ETF,2025-06-24
ZJUN,Innovator Equity Defined Protection ETF - 1 Yr June,2025-06-24
ARCX,Tradr 2X Long ACHR Daily ETF,2025-06-25
GMEU,T-REX 2X Long GME Daily Target ETF,2025-06-25
NVDX,T-Rex 2X Long NVIDIA Daily Target ETF,2025-06-25
VGMS,Vanguard Multi-Sector Income Bond ETF,2025-06-25
ZJUN,Innovator Equity Defined Protection ETF - 1 Yr June,2025-06-25
ARCX,Tradr 2X Long ACHR Daily ETF,2025-06-26
GMEU,T-REX 2X Long GME Daily Target ETF,2025-06-26
NVDX,T-Rex 2X Long NVIDIA Daily Target ETF,2025-06-26
VGMS,Vanguard Multi-Sector Income Bond ETF,2025-06-26
ZJUN,Innovator Equity Defined Protection ETF - 1 Yr June,2025-06-26
ARCX,Tradr 2X Long ACHR Daily ETF,2025-06-27
GMEU,T-REX 2X Long GME Daily Target ETF,2025-06-27
NVDX,T-Rex 2X Long NVIDIA Daily Target ETF,2025-06-27
VGMS,Vanguard Multi-Sector Income Bond ETF,2025-06-27
ZJUN,Innovator Equity Defined Protection ETF - 1 Yr June,2025-06-27
ARCX,Tradr 2X Long ACHR Daily ETF,2025-06-30
GMEU,T-REX 2X Long GME Daily Target ETF,2025-06-30
NVDX,T-Rex 2X Long NVIDIA Daily Target ETF,2025-06-30
VGMS,Vanguard Multi-Sector Income Bond ETF,2025-06-30
ZJUN,Innovator Equity Defined Protection ETF - 1 Yr June,2025-06-30
ARCX,Tradr 2X Long ACHR Daily ETF,2025-07-01
GMEU,T-REX 2X Long GME Daily Target ETF,2025-07-01
NVDX,T-Rex 2X Long NVIDIA Daily Target ETF,2025-07-01
QUBX,Tradr 2X Long QUBT Daily ETF,2025-07-01
VGMS,Vanguard Multi-Sector Income Bond ETF,2025-07-01
ZJUN,Innovator Equity Defined Protection ETF - 1 Yr June,2025-07-01
ARCX,Tradr 2X Long ACHR Daily ETF,2025-07-02
GMEU,T-REX 2X Long GME Daily Target ETF,2025-07-02
NVDX,T-Rex 2X Long NVIDIA Daily Target ETF,2025-07-02
QUBX,Tradr 2X Long QUBT Daily ETF,2025-07-02
VGMS,Vanguard Multi-Sector Income Bond ETF,2025-07-02
ZJUN,Innovator Equity Defined Protection ETF - 1 Yr June,2025-07-02
ARCX,Tradr 2X Long ACHR Daily ETF,2025-07-03
GMEU,T-REX 2X Long GME Daily Target ETF,2025-07-03
NVDX,T-Rex 2X Long NVIDIA Daily Target ETF,2025-07-03
QUBX,Tradr 2X Long QUBT Daily ETF,2025-07-03
ZJUN,Innovator Equity Defined Protection ETF - 1 Yr June,2025-07-03
ARCX,Tradr 2X Long ACHR Daily ETF,2025-07-07
GMEU,T-REX 2X Long GME Daily Target ETF,2025-07-07
MSTZ,T-Rex 2X Inverse MSTR Daily Target ETF,2025-07-07
NVDX,T-Rex 2X Long NVIDIA Daily Target ETF,2025-07-07
QUBX,Tradr 2X Long QUBT Daily ETF,2025-07-07
ZJUN,Innovator Equity Defined Protection ETF - 1 Yr June,2025-07-07
ARCX,Tradr 2X Long ACHR Daily ETF,2025-07-08
GMEU,T-REX 2X Long GME Daily Target ETF,2025-07-08
MSTZ,T-Rex 2X Inverse MSTR Daily Target ETF,2025-07-08
NVDX,T-Rex 2X Long NVIDIA Daily Target ETF,2025-07-08
PBJL,PGIM S&P 500 Buffer 20 ETF - July,2025-07-08
QUBX,Tradr 2X Long QUBT Daily ETF,2025-07-08
ZJUL,Innovator Equity Defined Protection ETF - 1 Yr July,2025-07-08
ARCX,Tradr 2X Long ACHR Daily ETF,2025-07-09
DDFL,Innovator Equity Dual Directional 15 Buffer ETF - July,2025-07-09
MSTU,T-Rex 2X Long MSTR Daily Target ETF,2025-07-09
MSTZ,T-Rex 2X Inverse MSTR Daily Target ETF,2025-07-09
NVDX,T-Rex 2X Long NVIDIA Daily Target ETF,2025-07-09
PBJL,PGIM S&P 500 Buffer 20 ETF - July,2025-07-09
QUBX,Tradr 2X Long QUBT Daily ETF,2025-07-09
ZJUL,Innovator Equity Defined Protection ETF - 1 Yr July,2025-07-09
ARCX,Tradr 2X Long ACHR Daily ETF,2025-07-10
DDFL,Innovator Equity Dual Directional 15 Buffer ETF - July,2025-07-10
MSTU,T-Rex 2X Long MSTR Daily Target ETF,2025-07-10
MSTZ,T-Rex 2X Inverse MSTR Daily Target ETF,2025-07-10
NVDX,T-Rex 2X Long NVIDIA Daily Target ETF,2025-07-10
PBJL,PGIM S&P 500 Buffer 20 ETF - July,2025-07-10
QUBX,Tradr 2X Long QUBT Daily ETF,2025-07-10
ZJUL,Innovator Equity Defined Protection ETF - 1 Yr July,2025-07-10
ARCX,Tradr 2X Long ACHR Daily ETF,2025-07-11
DDFL,Innovator Equity Dual Directional 15 Buffer ETF - July,2025-07-11
EFAD,ProShares MSCI EAFE Dividend Growers ETF,2025-07-11
MSTU,T-Rex 2X Long MSTR Daily Target ETF,2025-07-11
MSTZ,T-Rex 2X Inverse MSTR Daily Target ETF,2025-07-11
NVDX,T-Rex 2X Long NVIDIA Daily Target ETF,2025-07-11
PBJL,PGIM S&P 500 Buffer 20 ETF - July,2025-07-11
QUBX,Tradr 2X Long QUBT Daily ETF,2025-07-11
ZJUL,Innovator Equity Defined Protection ETF - 1 Yr July,2025-07-11
DDFL,Innovator Equity Dual Directional 15 Buffer ETF - July,2025-07-14
EFAD,ProShares MSCI EAFE Dividend Growers ETF,2025-07-14
MSTU,T-Rex 2X Long MSTR Daily Target ETF,2025-07-14
MSTZ,T-Rex 2X Inverse MSTR Daily Target ETF,2025-07-14
NVDX,T-Rex 2X Long NVIDIA Daily Target ETF,2025-07-14
PBJL,PGIM S&P 500 Buffer 20 ETF - July,2025-07-14
QUBX,Tradr 2X Long QUBT Daily ETF,2025-07-14
ZJUL,Innovator Equity Defined Protection ETF - 1 Yr July,2025-07-14
DDFL,Innovator Equity Dual Directional 15 Buffer ETF - July,2025-07-15
EFAD,ProShares MSCI EAFE Dividend Growers ETF,2025-07-15
MSTU,T-Rex 2X Long MSTR Daily Target ETF,2025-07-15
MSTZ,T-Rex 2X Inverse MSTR Daily Target ETF,2025-07-15
NVDX,T-Rex 2X Long NVIDIA Daily Target ETF,2025-07-15
PBJL,PGIM S&P 500 Buffer 20 ETF - July,2025-07-15
QBF,Innovator Uncapped Bitcoin 20 Floor ETF - Quarterly,2025-07-15
QUBX,Tradr 2X Long QUBT Daily ETF,2025-07-15
ZJUL,Innovator Equity Defined Protection ETF - 1 Yr July,2025-07-15
CBXY,Calamos Bitcoin 90 Series Structured Alt Protection ETF - July,2025-07-16
DDFL,Innovator Equity Dual Directional 15 Buffer ETF - July,2025-07-16
EFAD,ProShares MSCI EAFE Dividend Growers ETF,2025-07-16
MSTU,T-Rex 2X Long MSTR Daily Target ETF,2025-07-16
MSTZ,T-Rex 2X Inverse MSTR Daily Target ETF,2025-07-16
NVDX,T-Rex 2X Long NVIDIA Daily Target ETF,2025-07-16
PBJL,PGIM S&P 500 Buffer 20 ETF - July,2025-07-16
QBF,Innovator Uncapped Bitcoin 20 Floor ETF - Quarterly,2025-07-16
QUBX,Tradr 2X Long QUBT Daily ETF,2025-07-16
ZJUL,Innovator Equity Defined Protection ETF - 1 Yr July,2025-07-16
CBXY,Calamos Bitcoin 90 Series Structured Alt Protection ETF - July,2025-07-17
DDFL,Innovator Equity Dual Directional 15 Buffer ETF - July,2025-07-17
EFAD,ProShares MSCI EAFE Dividend Growers ETF,2025-07-17
MSTU,T-Rex 2X Long MSTR Daily Target ETF,2025-07-17
MSTZ,T-Rex 2X Inverse MSTR Daily Target ETF,2025-07-17
NVDX,T-Rex 2X Long NVIDIA Daily Target ETF,2025-07-17
QBF,Innovator Uncapped Bitcoin 20 Floor ETF - Quarterly,2025-07-17
QUBX,Tradr 2X Long QUBT Daily ETF,2025-07-17
ZJUL,Innovator Equity Defined Protection ETF - 1 Yr July,2025-07-17
CBXY,Calamos Bitcoin 90 Series Structured Alt Protection ETF - July,2025-07-18
DDFL,Innovator Equity Dual Directional 15 Buffer ETF - July,2025-07-18
EFAD,ProShares MSCI EAFE Dividend Growers ETF,2025-07-18
MSTU,T-Rex 2X Long MSTR Daily Target ETF,2025-07-18
MSTZ,T-Rex 2X Inverse MSTR Daily Target ETF,2025-07-18
NVDX,T-Rex 2X Long NVIDIA Daily Target ETF,2025-07-18
QBF,Innovator Uncapped Bitcoin 20 Floor ETF - Quarterly,2025-07-18
QUBX,Tradr 2X Long QUBT Daily ETF,2025-07-18
SSK,REX-Osprey SOL + Staking ETF,2025-07-18
ZJUL,Innovator Equity Defined Protection ETF - 1 Yr July,2025-07-18
CBXY,Calamos Bitcoin 90 Series Structured Alt Protection ETF - July,2025-07-21
DDFL,Innovator Equity Dual Directional 15 Buffer ETF - July,2025-07-21
MSTU,T-Rex 2X Long MSTR Daily Target ETF,2025-07-21
MSTZ,T-Rex 2X Inverse MSTR Daily Target ETF,2025-07-21
NVDX,T-Rex 2X Long NVIDIA Daily Target ETF,2025-07-21
QBF,Innovator Uncapped Bitcoin 20 Floor ETF - Quarterly,2025-07-21
QUBX,Tradr 2X Long QUBT Daily ETF,2025-07-21
SSK,REX-Osprey SOL + Staking ETF,2025-07-21
ZJUL,Innovator Equity Defined Protection ETF - 1 Yr July,2025-07-21
CBXY,Calamos Bitcoin 90 Series Structured Alt Protection ETF - July,2025-07-22
DDFL,Innovator Equity Dual Directional 15 Buffer ETF - July,2025-07-22
MSTU,T-Rex 2X Long MSTR Daily Target ETF,2025-07-22
MSTZ,T-Rex 2X Inverse MSTR Daily Target ETF,2025-07-22
NVDX,T-Rex 2X Long NVIDIA Daily Target ETF,2025-07-22
QBF,Innovator Uncapped Bitcoin 20 Floor ETF - Quarterly,2025-07-22
QUBX,Tradr 2X Long QUBT Daily ETF,2025-07-22
SSK,REX-Osprey SOL + Staking ETF,2025-07-22
ZJUL,Innovator Equity Defined Protection ETF - 1 Yr July,2025-07-22
CBXY,Calamos Bitcoin 90 Series Structured Alt Protection ETF - July,2025-07-23
DDFL,Innovator Equity Dual Directional 15 Buffer ETF - July,2025-07-23
MSTU,T-Rex 2X Long MSTR Daily Target ETF,2025-07-23
MSTZ,T-Rex 2X Inverse MSTR Daily Target ETF,2025-07-23
QBF,Innovator Uncapped Bitcoin 20 Floor ETF - Quarterly,2025-07-23
QUBX,Tradr 2X Long QUBT Daily ETF,2025-07-23
SSK,REX-Osprey SOL + Staking ETF,2025-07-23
CBXY,Calamos Bitcoin 90 Series Structured Alt Protection ETF - July,2025-07-24
DDFL,Innovator Equity Dual Directional 15 Buffer ETF - July,2025-07-24
MSTU,T-Rex 2X Long MSTR Daily Target ETF,2025-07-24
MSTZ,T-Rex 2X Inverse MSTR Daily Target ETF,2025-07-24
QBF,Innovator Uncapped Bitcoin 20 Floor ETF - Quarterly,2025-07-24
QUBX,Tradr 2X Long QUBT Daily ETF,2025-07-24
SSK,REX-Osprey SOL + Staking ETF,2025-07-24
DDFL,Innovator Equity Dual Directional 15 Buffer ETF - July,2025-07-25
GJUL,FT Vest U.S. Equity Moderate Buffer ETF - July,2025-07-25
MSTU,T-Rex 2X Long MSTR Daily Target ETF,2025-07-25
MSTZ,T-Rex 2X Inverse MSTR Daily Target ETF,2025-07-25
QUBX,Tradr 2X Long QUBT Daily ETF,2025-07-25
SSK,REX-Osprey SOL + Staking ETF,2025-07-25
DDFL,Innovator Equity Dual Directional 15 Buffer ETF - July,2025-07-28
GJUL,FT Vest U.S. Equity Moderate Buffer ETF - July,2025-07-28
MSTZ,T-Rex 2X Inverse MSTR Daily Target ETF,2025-07-28
QUBX,Tradr 2X Long QUBT Daily ETF,2025-07-28
SSK,REX-Osprey SOL + Staking ETF,2025-07-28
DDFL,Innovator Equity Dual Directional 15 Buffer ETF - July,2025-07-29
GJUL,FT Vest U.S. Equity Moderate Buffer ETF - July,2025-07-29
MSTZ,T-Rex 2X Inverse MSTR Daily Target ETF,2025-07-29
QCJL,FT Vest Nasdaq-100 Conservative Buffer ETF - July,2025-07-29
QUBX,Tradr 2X Long QUBT Daily ETF,2025-07-29
SSK,REX-Osprey SOL + Staking ETF,2025-07-29
DDFL,Innovator Equity Dual Directional 15 Buffer ETF - July,2025-07-30
GJUL,FT Vest U.S. Equity Moderate Buffer ETF - July,2025-07-30
MSTZ,T-Rex 2X Inverse MSTR Daily Target ETF,2025-07-30
QCJL,FT Vest Nasdaq-100 Conservative Buffer ETF - July,2025-07-30
QUBX,Tradr 2X Long QUBT Daily ETF,2025-07-30
SSK,REX-Osprey SOL + Staking ETF,2025-07-30
DDFL,Innovator Equity Dual Directional 15 Buffer ETF - July,2025-07-31
GJUL,FT Vest U.S. Equity Moderate Buffer ETF - July,2025-07-31
MSTZ,T-Rex 2X Inverse MSTR Daily Target ETF,2025-07-31
QCJL,FT Vest Nasdaq-100 Conservative Buffer ETF - July,2025-07-31
QUBX,Tradr 2X Long QUBT Daily ETF,2025-07-31
SSK,REX-Osprey SOL + Staking ETF,2025-07-31
DDFL,Innovator Equity Dual Directional 15 Buffer ETF - July,2025-08-01
GJUL,FT Vest U.S. Equity Moderate Buffer ETF - July,2025-08-01
MSTZ,T-Rex 2X Inverse MSTR Daily Target ETF,2025-08-01
QCJL,FT Vest Nasdaq-100 Conservative Buffer ETF - July,2025-08-01
QUBX,Tradr 2X Long QUBT Daily ETF,2025-08-01
SSK,REX-Osprey SOL + Staking ETF,2025-08-01
DDFL,Innovator Equity Dual Directional 15 Buffer ETF - July,2025-08-04
GJUL,FT Vest U.S. Equity Moderate Buffer ETF - July,2025-08-04
MSTZ,T-Rex 2X Inverse MSTR Daily Target ETF,2025-08-04
QCJL,FT Vest Nasdaq-100 Conservative Buffer ETF - July,2025-08-04
QUBX,Tradr 2X Long QUBT Daily ETF,2025-08-04
SSK,REX-Osprey SOL + Staking ETF,2025-08-04
DDFL,Innovator Equity Dual Directional 15 Buffer ETF - July,2025-08-05
GJUL,FT Vest U.S. Equity Moderate Buffer ETF - July,2025-08-05
MSTZ,T-Rex 2X Inverse MSTR Daily Target ETF,2025-08-05
QCJL,FT Vest Nasdaq-100 Conservative Buffer ETF - July,2025-08-05
QUBX,Tradr 2X Long QUBT Daily ETF,2025-08-05
SSK,REX-Osprey SOL + Staking ETF,2025-08-05
GJUL,FT Vest U.S. Equity Moderate Buffer ETF - July,2025-08-06
MSTZ,T-Rex 2X Inverse MSTR Daily Target ETF,2025-08-06
QCJL,FT Vest Nasdaq-100 Conservative Buffer ETF - July,2025-08-06
QUBX,Tradr 2X Long QUBT Daily ETF,2025-08-06
SSK,REX-Osprey SOL + Staking ETF,2025-08-06
GJUL,FT Vest U.S. Equity Moderate Buffer ETF - July,2025-08-07
GMEU,T-REX 2X Long GME Daily Target ETF,2025-08-07
MSTZ,T-Rex 2X Inverse MSTR Daily Target ETF,2025-08-07
NAUG,Innovator Growth-100 Power Buffer ETF - August,2025-08-07
QCJL,FT Vest Nasdaq-100 Conservative Buffer ETF - July,2025-08-07
QUBX,Tradr 2X Long QUBT Daily ETF,2025-08-07
SSK,REX-Osprey SOL + Staking ETF,2025-08-07
ZAUG,Innovator Equity Defined Protection ETF - 1 Yr August,2025-08-07
AUGP,PGIM S&P 500 Buffer 12 ETF - August,2025-08-08
GJUL,FT Vest U.S. Equity Moderate Buffer ETF - July,2025-08-08
GMEU,T-REX 2X Long GME Daily Target ETF,2025-08-08
MSTZ,T-Rex 2X Inverse MSTR Daily Target ETF,2025-08-08
NAUG,Innovator Growth-100 Power Buffer ETF - August,2025-08-08
QCJL,FT Vest Nasdaq-100 Conservative Buffer ETF - July,2025-08-08
QUBX,Tradr 2X Long QUBT Daily ETF,2025-08-08
SMU,Tradr 2X Long SMR Daily ETF,2025-08-08
SSK,REX-Osprey SOL + Staking ETF,2025-08-08
UPSX,Tradr 2X Long UPST Daily ETF,2025-08-08
ZAUG,Innovator Equity Defined Protection ETF - 1 Yr August,2025-08-08
AUGP,PGIM S&P 500 Buffer 12 ETF - August,2025-08-11
GJUL,FT Vest U.S. Equity Moderate Buffer ETF - July,2025-08-11
GMEU,T-REX 2X Long GME Daily Target ETF,2025-08-11
MLN,VanEck Long Muni ETF,2025-08-11
MSTZ,T-Rex 2X Inverse MSTR Daily Target ETF,2025-08-11
NAUG,Innovator Growth-100 Power Buffer ETF - August,2025-08-11
QCJL,FT Vest Nasdaq-100 Conservative Buffer ETF - July,2025-08-11
QUBX,Tradr 2X Long QUBT Daily ETF,2025-08-11
SMU,Tradr 2X Long SMR Daily ETF,2025-08-11
SSK,REX-Osprey SOL + Staking ETF,2025-08-11
TSLZ,T-Rex 2X Inverse Tesla Daily Target ETF,2025-08-11
UPSX,Tradr 2X Long UPST Daily ETF,2025-08-11
ZAUG,Innovator Equity Defined Protection ETF - 1 Yr August,2025-08-11
AUGP,PGIM S&P 500 Buffer 12 ETF - August,2025-08-12
GJUL,FT Vest U.S. Equity Moderate Buffer ETF - July,2025-08-12
GMEU,T-REX 2X Long GME Daily Target ETF,2025-08-12
MLN,VanEck Long Muni ETF,2025-08-12
MSTZ,T-Rex 2X Inverse MSTR Daily Target ETF,2025-08-12
NAUG,Innovator Growth-100 Power Buffer ETF - August,2025-08-12
QCJL,FT Vest Nasdaq-100 Conservative Buffer ETF - July,2025-08-12
QUBX,Tradr 2X Long QUBT Daily ETF,2025-08-12
SMU,Tradr 2X Long SMR Daily ETF,2025-08-12
SSK,REX-Osprey SOL + Staking ETF,2025-08-12
TSLZ,T-Rex 2X Inverse Tesla Daily Target ETF,2025-08-12
UPSX,Tradr 2X Long UPST Daily ETF,2025-08-12
ZAUG,Innovator Equity Defined Protection ETF - 1 Yr August,2025-08-12
AUGP,PGIM S&P 500 Buffer 12 ETF - August,2025-08-13
GJUL,FT Vest U.S. Equity Moderate Buffer ETF - July,2025-08-13
GMEU,T-REX 2X Long GME Daily Target ETF,2025-08-13
MLN,VanEck Long Muni ETF,2025-08-13
MSTZ,T-Rex 2X Inverse MSTR Daily Target ETF,2025-08-13
NAUG,Innovator Growth-100 Power Buffer ETF - August,2025-08-13
QCJL,FT Vest Nasdaq-100 Conservative Buffer ETF - July,2025-08-13
QUBX,Tradr 2X Long QUBT Daily ETF,2025-08-13
SMU,Tradr 2X Long SMR Daily ETF,2025-08-13
SSK,REX-Osprey SOL + Staking ETF,2025-08-13
TSLZ,T-Rex 2X Inverse Tesla Daily Target ETF,2025-08-13
UPSX,Tradr 2X Long UPST Daily ETF,2025-08-13
ZAUG,Innovator Equity Defined Protection ETF - 1 Yr August,2025-08-13
AUGP,PGIM S&P 500 Buffer 12 ETF - August,2025-08-14
GMEU,T-REX 2X Long GME Daily Target ETF,2025-08-14
MLN,VanEck Long Muni ETF,2025-08-14
MSTZ,T-Rex 2X Inverse MSTR Daily Target ETF,2025-08-14
NAUG,Innovator Growth-100 Power Buffer ETF - August,2025-08-14
QCJL,FT Vest Nasdaq-100 Conservative Buffer ETF - July,2025-08-14
QUBX,Tradr 2X Long QUBT Daily ETF,2025-08-14
SMU,Tradr 2X Long SMR Daily ETF,2025-08-14
SSK,REX-Osprey SOL + Staking ETF,2025-08-14
TSLZ,T-Rex 2X Inverse Tesla Daily Target ETF,2025-08-14
UPSX,Tradr 2X Long UPST Daily ETF,2025-08-14
ZAUG,Innovator Equity Defined Protection ETF - 1 Yr August,2025-08-14
AUGP,PGIM S&P 500 Buffer 12 ETF - August,2025-08-15
CRWU,T-REX 2X Long CRWV Daily Target ETF,2025-08-15
GMEU,T-REX 2X Long GME Daily Target ETF,2025-08-15
MLN,VanEck Long Muni ETF,2025-08-15
MSTZ,T-Rex 2X Inverse MSTR Daily Target ETF,2025-08-15
MTRA,Invesco International Growth Focus ETF,2025-08-15
NAUG,Innovator Growth-100 Power Buffer ETF - August,2025-08-15
QCJL,FT Vest Nasdaq-100 Conservative Buffer ETF - July,2025-08-15
SMU,Tradr 2X Long SMR Daily ETF,2025-08-15
SNAV,Mohr Sector Nav ETF,2025-08-15
SSK,REX-Osprey SOL + Staking ETF,2025-08-15
TSLZ,T-Rex 2X Inverse Tesla Daily Target ETF,2025-08-15
UPSX,Tradr 2X Long UPST Daily ETF,2025-08-15
CRWU,T-REX 2X Long CRWV Daily Target ETF,2025-08-19
GMEU,T-REX 2X Long GME Daily Target ETF,2025-08-19
MSTZ,T-Rex 2X Inverse MSTR Daily Target ETF,2025-08-19
MTRA,Invesco International Growth Focus ETF,2025-08-19
NAUG,Innovator Growth-100 Power Buffer ETF - August,2025-08-19
NVDX,T-Rex 2X Long NVIDIA Daily Target ETF,2025-08-19
QCJL,FT Vest Nasdaq-100 Conservative Buffer ETF - July,2025-08-19
SMU,Tradr 2X Long SMR Daily ETF,2025-08-19
SNAV,Mohr Sector Nav ETF,2025-08-19
SSK,REX-Osprey SOL + Staking ETF,2025-08-19
SVIX,-1x Short VIX Futures ETF,2025-08-19
TSLZ,T-Rex 2X Inverse Tesla Daily Target ETF,2025-08-19
UPSX,Tradr 2X Long UPST Daily ETF,2025-08-19
CRWU,T-REX 2X Long CRWV Daily Target ETF,2025-08-20
CWVX,Tradr 2X Long CRWV Daily ETF,2025-08-20
GMEU,T-REX 2X Long GME Daily Target ETF,2025-08-20
MSTZ,T-Rex 2X Inverse MSTR Daily Target ETF,2025-08-20
MTRA,Invesco International Growth Focus ETF,2025-08-20
NAUG,Innovator Growth-100 Power Buffer ETF - August,2025-08-20
NVDX,T-Rex 2X Long NVIDIA Daily Target ETF,2025-08-20
SMU,Tradr 2X Long SMR Daily ETF,2025-08-20
SMUP,T-REX 2X Long SMR Daily Target ETF,2025-08-20
SNAV,Mohr Sector Nav ETF,2025-08-20
SSK,REX-Osprey SOL + Staking ETF,2025-08-20
SVIX,-1x Short VIX Futures ETF,2025-08-20
TSLZ,T-Rex 2X Inverse Tesla Daily Target ETF,2025-08-20
UPSX,Tradr 2X Long UPST Daily ETF,2025-08-20
AUGP,PGIM S&P 500 Buffer 12 ETF - August,2025-08-18
CRWU,T-REX 2X Long CRWV Daily Target ETF,2025-08-18
GMEU,T-REX 2X Long GME Daily Target ETF,2025-08-18
MLN,VanEck Long Muni ETF,2025-08-18
MSTZ,T-Rex 2X Inverse MSTR Daily Target ETF,2025-08-18
MTRA,Invesco International Growth Focus ETF,2025-08-18
NAUG,Innovator Growth-100 Power Buffer ETF - August,2025-08-18
QCJL,FT Vest Nasdaq-100 Conservative Buffer ETF - July,2025-08-18
SMU,Tradr 2X Long SMR Daily ETF,2025-08-18
SNAV,Mohr Sector Nav ETF,2025-08-18
SSK,REX-Osprey SOL + Staking ETF,2025-08-18
TSLZ,T-Rex 2X Inverse Tesla Daily Target ETF,2025-08-18
UPSX,Tradr 2X Long UPST Daily ETF,2025-08-18
CRWU,T-REX 2X Long CRWV Daily Target ETF,2025-08-25
CWVX,Tradr 2X Long CRWV Daily ETF,2025-08-25
MSTZ,T-Rex 2X Inverse MSTR Daily Target ETF,2025-08-25
MTRA,Invesco International Growth Focus ETF,2025-08-25
NAUG,Innovator Growth-100 Power Buffer ETF - August,2025-08-25
NVDX,T-Rex 2X Long NVIDIA Daily Target ETF,2025-08-25
SMU,Tradr 2X Long SMR Daily ETF,2025-08-25
SMUP,T-REX 2X Long SMR Daily Target ETF,2025-08-25
SSK,REX-Osprey SOL + Staking ETF,2025-08-25
SVIX,-1x Short VIX Futures ETF,2025-08-25
TSLZ,T-Rex 2X Inverse Tesla Daily Target ETF,2025-08-25
UPSX,Tradr 2X Long UPST Daily ETF,2025-08-25
CCUP,T-REX 2X Long CRCL Daily Target ETF,2025-08-27
CRWU,T-REX 2X Long CRWV Daily Target ETF,2025-08-27
CWVX,Tradr 2X Long CRWV Daily ETF,2025-08-27
MSTZ,T-Rex 2X Inverse MSTR Daily Target ETF,2025-08-27
MTRA,Invesco International Growth Focus ETF,2025-08-27
NVDX,T-Rex 2X Long NVIDIA Daily Target ETF,2025-08-27
SMU,Tradr 2X Long SMR Daily ETF,2025-08-27
SMUP,T-REX 2X Long SMR Daily Target ETF,2025-08-27
SSK,REX-Osprey SOL + Staking ETF,2025-08-27
SVIX,-1x Short VIX Futures ETF,2025-08-27
TSLZ,T-Rex 2X Inverse Tesla Daily Target ETF,2025-08-27
UPSX,Tradr 2X Long UPST Daily ETF,2025-08-27
CCUP,T-REX 2X Long CRCL Daily Target ETF,2025-08-29
CRWU,T-REX 2X Long CRWV Daily Target ETF,2025-08-29
CWVX,Tradr 2X Long CRWV Daily ETF,2025-08-29
MTRA,Invesco International Growth Focus ETF,2025-08-29
NVDX,T-Rex 2X Long NVIDIA Daily Target ETF,2025-08-29
SMU,Tradr 2X Long SMR Daily ETF,2025-08-29
SMUP,T-REX 2X Long SMR Daily Target ETF,2025-08-29
SSK,REX-Osprey SOL + Staking ETF,2025-08-29
SVIX,-1x Short VIX Futures ETF,2025-08-29
TSLZ,T-Rex 2X Inverse Tesla Daily Target ETF,2025-08-29
UPSX,Tradr 2X Long UPST Daily ETF,2025-08-29
XTJL,Innovator U.S. Equity Accelerated Plus ETF - July,2025-08-29
CCUP,T-REX 2X Long CRCL Daily Target ETF,2025-09-02
CWVX,Tradr 2X Long CRWV Daily ETF,2025-09-02
MTRA,Invesco International Growth Focus ETF,2025-09-02
NVDX,T-Rex 2X Long NVIDIA Daily Target ETF,2025-09-02
SMU,Tradr 2X Long SMR Daily ETF,2025-09-02
SMUP,T-REX 2X Long SMR Daily Target ETF,2025-09-02
SSK,REX-Osprey SOL + Staking ETF,2025-09-02
SVIX,-1x Short VIX Futures ETF,2025-09-02
TSLZ,T-Rex 2X Inverse Tesla Daily Target ETF,2025-09-02
UPSX,Tradr 2X Long UPST Daily ETF,2025-09-02
XTJL,Innovator U.S. Equity Accelerated Plus ETF - July,2025-09-02
CCUP,T-REX 2X Long CRCL Daily Target ETF,2025-09-03
MTRA,Invesco International Growth Focus ETF,2025-09-03
NVDX,T-Rex 2X Long NVIDIA Daily Target ETF,2025-09-03
SMU,Tradr 2X Long SMR Daily ETF,2025-09-03
SMUP,T-REX 2X Long SMR Daily Target ETF,2025-09-03
SSK,REX-Osprey SOL + Staking ETF,2025-09-03
SVIX,-1x Short VIX Futures ETF,2025-09-03
TSLZ,T-Rex 2X Inverse Tesla Daily Target ETF,2025-09-03
UPSX,Tradr 2X Long UPST Daily ETF,2025-09-03
XTJL,Innovator U.S. Equity Accelerated Plus ETF - July,2025-09-03
CCUP,T-REX 2X Long CRCL Daily Target ETF,2025-09-04
MTRA,Invesco International Growth Focus ETF,2025-09-04
NVDX,T-Rex 2X Long NVIDIA Daily Target ETF,2025-09-04
SMU,Tradr 2X Long SMR Daily ETF,2025-09-04
SMUP,T-REX 2X Long SMR Daily Target ETF,2025-09-04
SSK,REX-Osprey SOL + Staking ETF,2025-09-04
SVIX,-1x Short VIX Futures ETF,2025-09-04
TSLZ,T-Rex 2X Inverse Tesla Daily Target ETF,2025-09-04
UPSX,Tradr 2X Long UPST Daily ETF,2025-09-04
XTJL,Innovator U.S. Equity Accelerated Plus ETF - July,2025-09-04
CCUP,T-REX 2X Long CRCL Daily Target ETF,2025-09-08
GMEU,T-REX 2X Long GME Daily Target ETF,2025-09-08
LABX,Tradr 2X Long ALAB Daily ETF,2025-09-08
MTRA,Invesco International Growth Focus ETF,2025-09-08
NVDX,T-Rex 2X Long NVIDIA Daily Target ETF,2025-09-08
PBSE,PGIM S&P 500 Buffer 20 ETF - September,2025-09-08
SEPP,PGIM S&P 500 Buffer 12 ETF - September,2025-09-08
SMU,Tradr 2X Long SMR Daily ETF,2025-09-08
SSK,REX-Osprey SOL + Staking ETF,2025-09-08
UPSX,Tradr 2X Long UPST Daily ETF,2025-09-08
CCUP,T-REX 2X Long CRCL Daily Target ETF,2025-09-09
DDFS,Innovator Equity Dual Directional 15 Buffer ETF - September,2025-09-09
GMEU,T-REX 2X Long GME Daily Target ETF,2025-09-09
LABX,Tradr 2X Long ALAB Daily ETF,2025-09-09
MTRA,Invesco International Growth Focus ETF,2025-09-09
NVDX,T-Rex 2X Long NVIDIA Daily Target ETF,2025-09-09
PBSE,PGIM S&P 500 Buffer 20 ETF - September,2025-09-09
SEPP,PGIM S&P 500 Buffer 12 ETF - September,2025-09-09
SMU,Tradr 2X Long SMR Daily ETF,2025-09-09
SSK,REX-Osprey SOL + Staking ETF,2025-09-09
UPSX,Tradr 2X Long UPST Daily ETF,2025-09-09
CCUP,T-REX 2X Long CRCL Daily Target ETF,2025-09-10
DDFS,Innovator Equity Dual Directional 15 Buffer ETF - September,2025-09-10
GMEU,T-REX 2X Long GME Daily Target ETF,2025-09-10
LABX,Tradr 2X Long ALAB Daily ETF,2025-09-10
MSTU,T-Rex 2X Long MSTR Daily Target ETF,2025-09-10
MTRA,Invesco International Growth Focus ETF,2025-09-10
NVDX,T-Rex 2X Long NVIDIA Daily Target ETF,2025-09-10
PBSE,PGIM S&P 500 Buffer 20 ETF - September,2025-09-10
SEPP,PGIM S&P 500 Buffer 12 ETF - September,2025-09-10
SMU,Tradr 2X Long SMR Daily ETF,2025-09-10
SSK,REX-Osprey SOL + Staking ETF,2025-09-10
UPSX,Tradr 2X Long UPST Daily ETF,2025-09-10
CCUP,T-REX 2X Long CRCL Daily Target ETF,2025-09-11
DDFS,Innovator Equity Dual Directional 15 Buffer ETF - September,2025-09-11
GMEU,T-REX 2X Long GME Daily Target ETF,2025-09-11
LABX,Tradr 2X Long ALAB Daily ETF,2025-09-11
MSTU,T-Rex 2X Long MSTR Daily Target ETF,2025-09-11
MTRA,Invesco International Growth Focus ETF,2025-09-11
NVDX,T-Rex 2X Long NVIDIA Daily Target ETF,2025-09-11
PBSE,PGIM S&P 500 Buffer 20 ETF - September,2025-09-11
SEPP,PGIM S&P 500 Buffer 12 ETF - September,2025-09-11
SMU,Tradr 2X Long SMR Daily ETF,2025-09-11
UPSX,Tradr 2X Long UPST Daily ETF,2025-09-11
WPAY,Roundhill WeeklyPay Universe ETF,2025-09-11
CCUP,T-REX 2X Long CRCL Daily Target ETF,2025-09-12
DDFS,Innovator Equity Dual Directional 15 Buffer ETF - September,2025-09-12
GMEU,T-REX 2X Long GME Daily Target ETF,2025-09-12
LABX,Tradr 2X Long ALAB Daily ETF,2025-09-12
MSTU,T-Rex 2X Long MSTR Daily Target ETF,2025-09-12
MTRA,Invesco International Growth Focus ETF,2025-09-12
NVDX,T-Rex 2X Long NVIDIA Daily Target ETF,2025-09-12
PBSE,PGIM S&P 500 Buffer 20 ETF - September,2025-09-12
SEPP,PGIM S&P 500 Buffer 12 ETF - September,2025-09-12
SMU,Tradr 2X Long SMR Daily ETF,2025-09-12
TSLZ,T-Rex 2X Inverse Tesla Daily Target ETF,2025-09-12
UPSX,Tradr 2X Long UPST Daily ETF,2025-09-12
USEP,Innovator U.S. Equity Ultra Buffer ETF - September,2025-09-12
WPAY,Roundhill WeeklyPay Universe ETF,2025-09-12
CCUP,T-REX 2X Long CRCL Daily Target ETF,2025-09-15
DDFS,Innovator Equity Dual Directional 15 Buffer ETF - September,2025-09-15
GMEU,T-REX 2X Long GME Daily Target ETF,2025-09-15
LABX,Tradr 2X Long ALAB Daily ETF,2025-09-15
MSTU,T-Rex 2X Long MSTR Daily Target ETF,2025-09-15
MTRA,Invesco International Growth Focus ETF,2025-09-15
NVDX,T-Rex 2X Long NVIDIA Daily Target ETF,2025-09-15
PBSE,PGIM S&P 500 Buffer 20 ETF - September,2025-09-15
SEPP,PGIM S&P 500 Buffer 12 ETF - September,2025-09-15
SMU,Tradr 2X Long SMR Daily ETF,2025-09-15
TSLZ,T-Rex 2X Inverse Tesla Daily Target ETF,2025-09-15
UPSX,Tradr 2X Long UPST Daily ETF,2025-09-15
USEP,Innovator U.S. Equity Ultra Buffer ETF - September,2025-09-15
WPAY,Roundhill WeeklyPay Universe ETF,2025-09-15
CCUP,T-REX 2X Long CRCL Daily Target ETF,2025-09-16
DDFS,Innovator Equity Dual Directional 15 Buffer ETF - September,2025-09-16
GMEU,T-REX 2X Long GME Daily Target ETF,2025-09-16
JOBX,Tradr 2X Long JOBY Daily ETF,2025-09-16
LABX,Tradr 2X Long ALAB Daily ETF,2025-09-16
MSTU,T-Rex 2X Long MSTR Daily Target ETF,2025-09-16
MTRA,Invesco International Growth Focus ETF,2025-09-16
NVDX,T-Rex 2X Long NVIDIA Daily Target ETF,2025-09-16
PBSE,PGIM S&P 500 Buffer 20 ETF - September,2025-09-16
SMU,Tradr 2X Long SMR Daily ETF,2025-09-16
TSLZ,T-Rex 2X Inverse Tesla Daily Target ETF,2025-09-16
UPSX,Tradr 2X Long UPST Daily ETF,2025-09-16
USEP,Innovator U.S. Equity Ultra Buffer ETF - September,2025-09-16
UVIX,2x Long VIX Futures ETF,2025-09-16
WPAY,Roundhill WeeklyPay Universe ETF,2025-09-16
CCUP,T-REX 2X Long CRCL Daily Target ETF,2025-09-17
DDFS,Innovator Equity Dual Directional 15 Buffer ETF - September,2025-09-17
GMEU,T-REX 2X Long GME Daily Target ETF,2025-09-17
JOBX,Tradr 2X Long JOBY Daily ETF,2025-09-17
KSEP,Innovator U.S. Small Cap Power Buffer ETF - September,2025-09-17
LABX,Tradr 2X Long ALAB Daily ETF,2025-09-17
MSTU,T-Rex 2X Long MSTR Daily Target ETF,2025-09-17
MTRA,Invesco International Growth Focus ETF,2025-09-17
NVDX,T-Rex 2X Long NVIDIA Daily Target ETF,2025-09-17
PBSE,PGIM S&P 500 Buffer 20 ETF - September,2025-09-17
SMU,Tradr 2X Long SMR Daily ETF,2025-09-17
TSLT,T-Rex 2X Long Tesla Daily Target ETF,2025-09-17
TSLZ,T-Rex 2X Inverse Tesla Daily Target ETF,2025-09-17
UPSX,Tradr 2X Long UPST Daily ETF,2025-09-17
USEP,Innovator U.S. Equity Ultra Buffer ETF - September,2025-09-17
UVIX,2x Long VIX Futures ETF,2025-09-17
WPAY,Roundhill WeeklyPay Universe ETF,2025-09-17
CCUP,T-REX 2X Long CRCL Daily Target ETF,2025-09-18
CRWU,T-REX 2X Long CRWV Daily Target ETF,2025-09-18
DDFS,Innovator Equity Dual Directional 15 Buffer ETF - September,2025-09-18
GMEU,T-REX 2X Long GME Daily Target ETF,2025-09-18
JOBX,Tradr 2X Long JOBY Daily ETF,2025-09-18
KSEP,Innovator U.S. Small Cap Power Buffer ETF - September,2025-09-18
LABX,Tradr 2X Long ALAB Daily ETF,2025-09-18
MSTU,T-Rex 2X Long MSTR Daily Target ETF,2025-09-18
MTRA,Invesco International Growth Focus ETF,2025-09-18
NVDX,T-Rex 2X Long NVIDIA Daily Target ETF,2025-09-18
PBSE,PGIM S&P 500 Buffer 20 ETF - September,2025-09-18
SMU,Tradr 2X Long SMR Daily ETF,2025-09-18
TSLT,T-Rex 2X Long Tesla Daily Target ETF,2025-09-18
TSLZ,T-Rex 2X Inverse Tesla Daily Target ETF,2025-09-18
UPSX,Tradr 2X Long UPST Daily ETF,2025-09-18
USEP,Innovator U.S. Equity Ultra Buffer ETF - September,2025-09-18
UVIX,2x Long VIX Futures ETF,2025-09-18
WPAY,Roundhill WeeklyPay Universe ETF,2025-09-18
CCUP,T-REX 2X Long CRCL Daily Target ETF,2025-09-19
CRWU,T-REX 2X Long CRWV Daily Target ETF,2025-09-19
DDFS,Innovator Equity Dual Directional 15 Buffer ETF - September,2025-09-19
GMEU,T-REX 2X Long GME Daily Target ETF,2025-09-19
JOBX,Tradr 2X Long JOBY Daily ETF,2025-09-19
KSEP,Innovator U.S. Small Cap Power Buffer ETF - September,2025-09-19
MSTU,T-Rex 2X Long MSTR Daily Target ETF,2025-09-19
MTRA,Invesco International Growth Focus ETF,2025-09-19
NVDX,T-Rex 2X Long NVIDIA Daily Target ETF,2025-09-19
PBSE,PGIM S&P 500 Buffer 20 ETF - September,2025-09-19
SMU,Tradr 2X Long SMR Daily ETF,2025-09-19
TSLT,T-Rex 2X Long Tesla Daily Target ETF,2025-09-19
TSLZ,T-Rex 2X Inverse Tesla Daily Target ETF,2025-09-19
UPSX,Tradr 2X Long UPST Daily ETF,2025-09-19
USEP,Innovator U.S. Equity Ultra Buffer ETF - September,2025-09-19
UVIX,2x Long VIX Futures ETF,2025-09-19
WPAY,Roundhill WeeklyPay Universe ETF,2025-09-19
CCUP,T-REX 2X Long CRCL Daily Target ETF,2025-09-22
CRWU,T-REX 2X Long CRWV Daily Target ETF,2025-09-22
DDFS,Innovator Equity Dual Directional 15 Buffer ETF - September,2025-09-22
JOBX,Tradr 2X Long JOBY Daily ETF,2025-09-22
KSEP,Innovator U.S. Small Cap Power Buffer ETF - September,2025-09-22
MSTU,T-Rex 2X Long MSTR Daily Target ETF,2025-09-22
MTRA,Invesco International Growth Focus ETF,2025-09-22
NVDX,T-Rex 2X Long NVIDIA Daily Target ETF,2025-09-22
PBSE,PGIM S&P 500 Buffer 20 ETF - September,2025-09-22
QUBX,Tradr 2X Long QUBT Daily ETF,2025-09-22
SMU,Tradr 2X Long SMR Daily ETF,2025-09-22
TSLT,T-Rex 2X Long Tesla Daily Target ETF,2025-09-22
TSLZ,T-Rex 2X Inverse Tesla Daily Target ETF,2025-09-22
UPSX,Tradr 2X Long UPST Daily ETF,2025-09-22
USEP,Innovator U.S. Equity Ultra Buffer ETF - September,2025-09-22
UVIX,2x Long VIX Futures ETF,2025-09-22
WPAY,Roundhill WeeklyPay Universe ETF,2025-09-22
APLX,Tradr 2X Long APLD Daily ETF,2025-09-23
CCUP,T-REX 2X Long CRCL Daily Target ETF,2025-09-23
CRWU,T-REX 2X Long CRWV Daily Target ETF,2025-09-23
DDFS,Innovator Equity Dual Directional 15 Buffer ETF - September,2025-09-23
JOBX,Tradr 2X Long JOBY Daily ETF,2025-09-23
KSEP,Innovator U.S. Small Cap Power Buffer ETF - September,2025-09-23
MSTU,T-Rex 2X Long MSTR Daily Target ETF,2025-09-23
MTRA,Invesco International Growth Focus ETF,2025-09-23
NVDX,T-Rex 2X Long NVIDIA Daily Target ETF,2025-09-23
PBSE,PGIM S&P 500 Buffer 20 ETF - September,2025-09-23
QUBX,Tradr 2X Long QUBT Daily ETF,2025-09-23
SMU,Tradr 2X Long SMR Daily ETF,2025-09-23
TSLT,T-Rex 2X Long Tesla Daily Target ETF,2025-09-23
TSLZ,T-Rex 2X Inverse Tesla Daily Target ETF,2025-09-23
UPSX,Tradr 2X Long UPST Daily ETF,2025-09-23
USEP,Innovator U.S. Equity Ultra Buffer ETF - September,2025-09-23
UVIX,2x Long VIX Futures ETF,2025-09-23
WPAY,Roundhill WeeklyPay Universe ETF,2025-09-23
APLX,Tradr 2X Long APLD Daily ETF,2025-09-24
CCUP,T-REX 2X Long CRCL Daily Target ETF,2025-09-24
CRWU,T-REX 2X Long CRWV Daily Target ETF,2025-09-24
DDFS,Innovator Equity Dual Directional 15 Buffer ETF - September,2025-09-24
JOBX,Tradr 2X Long JOBY Daily ETF,2025-09-24
KSEP,Innovator U.S. Small Cap Power Buffer ETF - September,2025-09-24
MSTU,T-Rex 2X Long MSTR Daily Target ETF,2025-09-24
MTRA,Invesco International Growth Focus ETF,2025-09-24
NVDX,T-Rex 2X Long NVIDIA Daily Target ETF,2025-09-24
PBSE,PGIM S&P 500 Buffer 20 ETF - September,2025-09-24
QUBX,Tradr 2X Long QUBT Daily ETF,2025-09-24
SMU,Tradr 2X Long SMR Daily ETF,2025-09-24
TSLT,T-Rex 2X Long Tesla Daily Target ETF,2025-09-24
TSLZ,T-Rex 2X Inverse Tesla Daily Target ETF,2025-09-24
UPSX,Tradr 2X Long UPST Daily ETF,2025-09-24
USEP,Innovator U.S. Equity Ultra Buffer ETF - September,2025-09-24
UVIX,2x Long VIX Futures ETF,2025-09-24
WPAY,Roundhill WeeklyPay Universe ETF,2025-09-24
APLX,Tradr 2X Long APLD Daily ETF,2025-09-25
CRWU,T-REX 2X Long CRWV Daily Target ETF,2025-09-25
DDFS,Innovator Equity Dual Directional 15 Buffer ETF - September,2025-09-25
DOJE,REX-Osprey DOGE ETF,2025-09-25
JOBX,Tradr 2X Long JOBY Daily ETF,2025-09-25
KSEP,Innovator U.S. Small Cap Power Buffer ETF - September,2025-09-25
MSTU,T-Rex 2X Long MSTR Daily Target ETF,2025-09-25
MTRA,Invesco International Growth Focus ETF,2025-09-25
NVDX,T-Rex 2X Long NVIDIA Daily Target ETF,2025-09-25
PBSE,PGIM S&P 500 Buffer 20 ETF - September,2025-09-25
QUBX,Tradr 2X Long QUBT Daily ETF,2025-09-25
SMU,Tradr 2X Long SMR Daily ETF,2025-09-25
TSLT,T-Rex 2X Long Tesla Daily Target ETF,2025-09-25
TSLZ,T-Rex 2X Inverse Tesla Daily Target ETF,2025-09-25
UPSX,Tradr 2X Long UPST Daily ETF,2025-09-25
USEP,Innovator U.S. Equity Ultra Buffer ETF - September,2025-09-25
UVIX,2x Long VIX Futures ETF,2025-09-25
WPAY,Roundhill WeeklyPay Universe ETF,2025-09-25
APLX,Tradr 2X Long APLD Daily ETF,2025-09-26
ARKK,ARK Innovation ETF,2025-09-26
CRWU,T-REX 2X Long CRWV Daily Target ETF,2025-09-26
DDFS,Innovator Equity Dual Directional 15 Buffer ETF - September,2025-09-26
DOJE,REX-Osprey DOGE ETF,2025-09-26
JOBX,Tradr 2X Long JOBY Daily ETF,2025-09-26
KSEP,Innovator U.S. Small Cap Power Buffer ETF - September,2025-09-26
MSTU,T-Rex 2X Long MSTR Daily Target ETF,2025-09-26
MTRA,Invesco International Growth Focus ETF,2025-09-26
NVDX,T-Rex 2X Long NVIDIA Daily Target ETF,2025-09-26
PBSE,PGIM S&P 500 Buffer 20 ETF - September,2025-09-26
QUBX,Tradr 2X Long QUBT Daily ETF,2025-09-26
SMU,Tradr 2X Long SMR Daily ETF,2025-09-26
TSLT,T-Rex 2X Long Tesla Daily Target ETF,2025-09-26
TSLZ,T-Rex 2X Inverse Tesla Daily Target ETF,2025-09-26
UPSX,Tradr 2X Long UPST Daily ETF,2025-09-26
USEP,Innovator U.S. Equity Ultra Buffer ETF - September,2025-09-26
UVIX,2x Long VIX Futures ETF,2025-09-26
WPAY,Roundhill WeeklyPay Universe ETF,2025-09-26
YSEP,FT Vest International Equity Moderate Buffer ETF - September,2025-09-26
APLX,Tradr 2X Long APLD Daily ETF,2025-09-29
ARKK,ARK Innovation ETF,2025-09-29
CRWU,T-REX 2X Long CRWV Daily Target ETF,2025-09-29
DDFS,Innovator Equity Dual Directional 15 Buffer ETF - September,2025-09-29
DOJE,REX-Osprey DOGE ETF,2025-09-29
GMEU,T-REX 2X Long GME Daily Target ETF,2025-09-29
JOBX,Tradr 2X Long JOBY Daily ETF,2025-09-29
KSEP,Innovator U.S. Small Cap Power Buffer ETF - September,2025-09-29
MSTU,T-Rex 2X Long MSTR Daily Target ETF,2025-09-29
MTRA,Invesco International Growth Focus ETF,2025-09-29
NVDX,T-Rex 2X Long NVIDIA Daily Target ETF,2025-09-29
PBSE,PGIM S&P 500 Buffer 20 ETF - September,2025-09-29
QUBX,Tradr 2X Long QUBT Daily ETF,2025-09-29
SMU,Tradr 2X Long SMR Daily ETF,2025-09-29
TEMT,Tradr 2X Long TEM Daily ETF,2025-09-29
TSLT,T-Rex 2X Long Tesla Daily Target ETF,2025-09-29
TSLZ,T-Rex 2X Inverse Tesla Daily Target ETF,2025-09-29
UPSX,Tradr 2X Long UPST Daily ETF,2025-09-29
USEP,Innovator U.S. Equity Ultra Buffer ETF - September,2025-09-29
UVIX,2x Long VIX Futures ETF,2025-09-29
WPAY,Roundhill WeeklyPay Universe ETF,2025-09-29
YSEP,FT Vest International Equity Moderate Buffer ETF - September,2025-09-29
APLX,Tradr 2X Long APLD Daily ETF,2025-10-01
ARKK,ARK Innovation ETF,2025-10-01
CRWU,T-REX 2X Long CRWV Daily Target ETF,2025-10-01
DDFS,Innovator Equity Dual Directional 15 Buffer ETF - September,2025-10-01
DOJE,REX-Osprey DOGE ETF,2025-10-01
GMEU,T-REX 2X Long GME Daily Target ETF,2025-10-01
JOBX,Tradr 2X Long JOBY Daily ETF,2025-10-01
MSTU,T-Rex 2X Long MSTR Daily Target ETF,2025-10-01
MTRA,Invesco International Growth Focus ETF,2025-10-01
NVDX,T-Rex 2X Long NVIDIA Daily Target ETF,2025-10-01
NVTX,Tradr 2X Long NVTS Daily ETF,2025-10-01
PBSE,PGIM S&P 500 Buffer 20 ETF - September,2025-10-01
PMSE,PGIM S&P 500 Max Buffer ETF - September,2025-10-01
QUBX,Tradr 2X Long QUBT Daily ETF,2025-10-01
SMU,Tradr 2X Long SMR Daily ETF,2025-10-01
TEMT,Tradr 2X Long TEM Daily ETF,2025-10-01
TSLT,T-Rex 2X Long Tesla Daily Target ETF,2025-10-01
TSLZ,T-Rex 2X Inverse Tesla Daily Target ETF,2025-10-01
UPSX,Tradr 2X Long UPST Daily ETF,2025-10-01
UVIX,2x Long VIX Futures ETF,2025-10-01
WPAY,Roundhill WeeklyPay Universe ETF,2025-10-01
YSEP,FT Vest International Equity Moderate Buffer ETF - September,2025-10-01
APLX,Tradr 2X Long APLD Daily ETF,2025-10-02
ARKK,ARK Innovation ETF,2025-10-02
CRWU,T-REX 2X Long CRWV Daily Target ETF,2025-10-02
DDFS,Innovator Equity Dual Directional 15 Buffer ETF - September,2025-10-02
DOJE,REX-Osprey DOGE ETF,2025-10-02
GMEU,T-REX 2X Long GME Daily Target ETF,2025-10-02
JOBX,Tradr 2X Long JOBY Daily ETF,2025-10-02
MSTU,T-Rex 2X Long MSTR Daily Target ETF,2025-10-02
MTRA,Invesco International Growth Focus ETF,2025-10-02
NVDX,T-Rex 2X Long NVIDIA Daily Target ETF,2025-10-02
NVTX,Tradr 2X Long NVTS Daily ETF,2025-10-02
PBSE,PGIM S&P 500 Buffer 20 ETF - September,2025-10-02
PMSE,PGIM S&P 500 Max Buffer ETF - September,2025-10-02
QUBX,Tradr 2X Long QUBT Daily ETF,2025-10-02
RSSX,Return Stacked U.S. Stocks & Gold/Bitcoin ETF,2025-10-02
SMU,Tradr 2X Long SMR Daily ETF,2025-10-02
TEMT,Tradr 2X Long TEM Daily ETF,2025-10-02
TSLT,T-Rex 2X Long Tesla Daily Target ETF,2025-10-02
TSLZ,T-Rex 2X Inverse Tesla Daily Target ETF,2025-10-02
UPSX,Tradr 2X Long UPST Daily ETF,2025-10-02
UVIX,2x Long VIX Futures ETF,2025-10-02
WPAY,Roundhill WeeklyPay Universe ETF,2025-10-02
YSEP,FT Vest International Equity Moderate Buffer ETF - September,2025-10-02
APLX,Tradr 2X Long APLD Daily ETF,2025-10-03
ARKK,ARK Innovation ETF,2025-10-03
BMNU,T-REX 2X Long BMNR Daily Target ETF,2025-10-03
CRWU,T-REX 2X Long CRWV Daily Target ETF,2025-10-03
DDFS,Innovator Equity Dual Directional 15 Buffer ETF - September,2025-10-03
GMEU,T-REX 2X Long GME Daily Target ETF,2025-10-03
JOBX,Tradr 2X Long JOBY Daily ETF,2025-10-03
MSTU,T-Rex 2X Long MSTR Daily Target ETF,2025-10-03
NVDX,T-Rex 2X Long NVIDIA Daily Target ETF,2025-10-03
NVTX,Tradr 2X Long NVTS Daily ETF,2025-10-03
PBSE,PGIM S&P 500 Buffer 20 ETF - September,2025-10-03
PMSE,PGIM S&P 500 Max Buffer ETF - September,2025-10-03
QUBX,Tradr 2X Long QUBT Daily ETF,2025-10-03
ROBN,T-Rex 2X Long HOOD Daily Target ETF,2025-10-03
RSSX,Return Stacked U.S. Stocks & Gold/Bitcoin ETF,2025-10-03
SMU,Tradr 2X Long SMR Daily ETF,2025-10-03
TEMT,Tradr 2X Long TEM Daily ETF,2025-10-03
TOKE,Cambria Cannabis ETF,2025-10-03
TSLT,T-Rex 2X Long Tesla Daily Target ETF,2025-10-03
TSLZ,T-Rex 2X Inverse Tesla Daily Target ETF,2025-10-03
UPSX,Tradr 2X Long UPST Daily ETF,2025-10-03
UVIX,2x Long VIX Futures ETF,2025-10-03
WPAY,Roundhill WeeklyPay Universe ETF,2025-10-03
YSEP,FT Vest International Equity Moderate Buffer ETF - September,2025-10-03
APLX,Tradr 2X Long APLD Daily ETF,2025-10-06
ARKK,ARK Innovation ETF,2025-10-06
BMNU,T-REX 2X Long BMNR Daily Target ETF,2025-10-06
CRWU,T-REX 2X Long CRWV Daily Target ETF,2025-10-06
DDFS,Innovator Equity Dual Directional 15 Buffer ETF - September,2025-10-06
GMEU,T-REX 2X Long GME Daily Target ETF,2025-10-06
JOBX,Tradr 2X Long JOBY Daily ETF,2025-10-06
MSTU,T-Rex 2X Long MSTR Daily Target ETF,2025-10-06
NVDX,T-Rex 2X Long NVIDIA Daily Target ETF,2025-10-06
NVTX,Tradr 2X Long NVTS Daily ETF,2025-10-06
PMSE,PGIM S&P 500 Max Buffer ETF - September,2025-10-06
QUBX,Tradr 2X Long QUBT Daily ETF,2025-10-06
ROBN,T-Rex 2X Long HOOD Daily Target ETF,2025-10-06
RSSX,Return Stacked U.S. Stocks & Gold/Bitcoin ETF,2025-10-06
SMU,Tradr 2X Long SMR Daily ETF,2025-10-06
TEMT,Tradr 2X Long TEM Daily ETF,2025-10-06
TOKE,Cambria Cannabis ETF,2025-10-06
TSLT,T-Rex 2X Long Tesla Daily Target ETF,2025-10-06
TSLZ,T-Rex 2X Inverse Tesla Daily Target ETF,2025-10-06
UPSX,Tradr 2X Long UPST Daily ETF,2025-10-06
UVIX,2x Long VIX Futures ETF,2025-10-06
WPAY,Roundhill WeeklyPay Universe ETF,2025-10-06
YSEP,FT Vest International Equity Moderate Buffer ETF - September,2025-10-06
APLX,Tradr 2X Long APLD Daily ETF,2025-10-08
ARKK,ARK Innovation ETF,2025-10-08
BMNU,T-REX 2X Long BMNR Daily Target ETF,2025-10-08
CRWU,T-REX 2X Long CRWV Daily Target ETF,2025-10-08
DDFO,Innovator Equity Dual Directional 15 Buffer ETF - October,2025-10-08
DDFS,Innovator Equity Dual Directional 15 Buffer ETF - September,2025-10-08
DJTU,T-REX 2X Long DJT Daily Target ETF,2025-10-08
GMEU,T-REX 2X Long GME Daily Target ETF,2025-10-08
JOBX,Tradr 2X Long JOBY Daily ETF,2025-10-08
MSTU,T-Rex 2X Long MSTR Daily Target ETF,2025-10-08
NVDX,T-Rex 2X Long NVIDIA Daily Target ETF,2025-10-08
NVTX,Tradr 2X Long NVTS Daily ETF,2025-10-08
PBOC,PGIM S&P 500 Buffer 20 ETF - October,2025-10-08
PMSE,PGIM S&P 500 Max Buffer ETF - September,2025-10-08
QUBX,Tradr 2X Long QUBT Daily ETF,2025-10-08
ROBN,T-Rex 2X Long HOOD Daily Target ETF,2025-10-08
RSSX,Return Stacked U.S. Stocks & Gold/Bitcoin ETF,2025-10-08
SMU,Tradr 2X Long SMR Daily ETF,2025-10-08
TEMT,Tradr 2X Long TEM Daily ETF,2025-10-08
TOCT,Innovator Equity Defined Protection ETF - 2 Yr to October 2027,2025-10-08
TOKE,Cambria Cannabis ETF,2025-10-08
TSLT,T-Rex 2X Long Tesla Daily Target ETF,2025-10-08
TSLZ,T-Rex 2X Inverse Tesla Daily Target ETF,2025-10-08
UPSX,Tradr 2X Long UPST Daily ETF,2025-10-08
UVIX,2x Long VIX Futures ETF,2025-10-08
WPAY,Roundhill WeeklyPay Universe ETF,2025-10-08
YSEP,FT Vest International Equity Moderate Buffer ETF - September,2025-10-08
ZOCT,Innovator Equity Defined Protection ETF - 1 Yr October,2025-10-08
APLX,Tradr 2X Long APLD Daily ETF,2025-10-14
ARKK,ARK Innovation ETF,2025-10-14
ASTX,Tradr 2X Long ASTS Daily ETF,2025-10-14
BMNU,T-REX 2X Long BMNR Daily Target ETF,2025-10-14
CRWU,T-REX 2X Long CRWV Daily Target ETF,2025-10-14
DDFO,Innovator Equity Dual Directional 15 Buffer ETF - October,2025-10-14
DJTU,T-REX 2X Long DJT Daily Target ETF,2025-10-14
MSTU,T-Rex 2X Long MSTR Daily Target ETF,2025-10-14
NVDX,T-Rex 2X Long NVIDIA Daily Target ETF,2025-10-14
NVTX,Tradr 2X Long NVTS Daily ETF,2025-10-14
PBOC,PGIM S&P 500 Buffer 20 ETF - October,2025-10-14
QUBX,Tradr 2X Long QUBT Daily ETF,2025-10-14
ROBN,T-Rex 2X Long HOOD Daily Target ETF,2025-10-14
RSSX,Return Stacked U.S. Stocks & Gold/Bitcoin ETF,2025-10-14
SMU,Tradr 2X Long SMR Daily ETF,2025-10-14
TOCT,Innovator Equity Defined Protection ETF - 2 Yr to October 2027,2025-10-14
TSLZ,T-Rex 2X Inverse Tesla Daily Target ETF,2025-10-14
UPSX,Tradr 2X Long UPST Daily ETF,2025-10-14
WPAY,Roundhill WeeklyPay Universe ETF,2025-10-14
ZOCT,Innovator Equity Defined Protection ETF - 1 Yr October,2025-10-14
APLX,Tradr 2X Long APLD Daily ETF,2025-10-15
ASTX,Tradr 2X Long ASTS Daily ETF,2025-10-15
BMNU,T-REX 2X Long BMNR Daily Target ETF,2025-10-15
CRWU,T-REX 2X Long CRWV Daily Target ETF,2025-10-15
DDFO,Innovator Equity Dual Directional 15 Buffer ETF - October,2025-10-15
DJTU,T-REX 2X Long DJT Daily Target ETF,2025-10-15
ETQ,T-Rex 2X Inverse Ether Daily Target ETF,2025-10-15
MSTU,T-Rex 2X Long MSTR Daily Target ETF,2025-10-15
NVDX,T-Rex 2X Long NVIDIA Daily Target ETF,2025-10-15
NVTX,Tradr 2X Long NVTS Daily ETF,2025-10-15
PBOC,PGIM S&P 500 Buffer 20 ETF - October,2025-10-15
QUBX,Tradr 2X Long QUBT Daily ETF,2025-10-15
ROBN,T-Rex 2X Long HOOD Daily Target ETF,2025-10-15
RSSX,Return Stacked U.S. Stocks & Gold/Bitcoin ETF,2025-10-15
SMU,Tradr 2X Long SMR Daily ETF,2025-10-15
TOCT,Innovator Equity Defined Protection ETF - 2 Yr to October 2027,2025-10-15
TSLZ,T-Rex 2X Inverse Tesla Daily Target ETF,2025-10-15
UPSX,Tradr 2X Long UPST Daily ETF,2025-10-15
WPAY,Roundhill WeeklyPay Universe ETF,2025-10-15
ZOCT,Innovator Equity Defined Protection ETF - 1 Yr October,2025-10-15
APLX,Tradr 2X Long APLD Daily ETF,2025-10-21
ASTX,Tradr 2X Long ASTS Daily ETF,2025-10-21
BMNU,T-REX 2X Long BMNR Daily Target ETF,2025-10-21
DDFO,Innovator Equity Dual Directional 15 Buffer ETF - October,2025-10-21
DDTO,Innovator Equity Dual Directional 10 Buffer ETF - October,2025-10-21
DJTU,T-REX 2X Long DJT Daily Target ETF,2025-10-21
ETQ,T-Rex 2X Inverse Ether Daily Target ETF,2025-10-21
JNEU,AllianzIM U.S. Equity Buffer15 Uncapped June ETF,2025-10-21
MSTZ,T-Rex 2X Inverse MSTR Daily Target ETF,2025-10-21
NVDX,T-Rex 2X Long NVIDIA Daily Target ETF,2025-10-21
NVTX,Tradr 2X Long NVTS Daily ETF,2025-10-21
PBOC,PGIM S&P 500 Buffer 20 ETF - October,2025-10-21
PSH,PGIM Short Duration High Yield ETF,2025-10-21
QUBX,Tradr 2X Long QUBT Daily ETF,2025-10-21
ROBN,T-Rex 2X Long HOOD Daily Target ETF,2025-10-21
SMU,Tradr 2X Long SMR Daily ETF,2025-10-21
STEN,iShares Large Cap 10% Target Buffer Sep ETF,2025-10-21
TOCT,Innovator Equity Defined Protection ETF - 2 Yr to October 2027,2025-10-21
UPSX,Tradr 2X Long UPST Daily ETF,2025-10-21
WPAY,Roundhill WeeklyPay Universe ETF,2025-10-21
ZOCT,Innovator Equity Defined Protection ETF - 1 Yr October,2025-10-21
APLX,Tradr 2X Long APLD Daily ETF,2025-10-20
ASTX,Tradr 2X Long ASTS Daily ETF,2025-10-20
BMNU,T-REX 2X Long BMNR Daily Target ETF,2025-10-20
DDFO,Innovator Equity Dual Directional 15 Buffer ETF - October,2025-10-20
DDTO,Innovator Equity Dual Directional 10 Buffer ETF - October,2025-10-20
DJTU,T-REX 2X Long DJT Daily Target ETF,2025-10-20
ETQ,T-Rex 2X Inverse Ether Daily Target ETF,2025-10-20
JNEU,AllianzIM U.S. Equity Buffer15 Uncapped June ETF,2025-10-20
MSTU,T-Rex 2X Long MSTR Daily Target ETF,2025-10-20
NVDX,T-Rex 2X Long NVIDIA Daily Target ETF,2025-10-20
NVTX,Tradr 2X Long NVTS Daily ETF,2025-10-20
PBOC,PGIM S&P 500 Buffer 20 ETF - October,2025-10-20
PSH,PGIM Short Duration High Yield ETF,2025-10-20
QUBX,Tradr 2X Long QUBT Daily ETF,2025-10-20
ROBN,T-Rex 2X Long HOOD Daily Target ETF,2025-10-20
SMU,Tradr 2X Long SMR Daily ETF,2025-10-20
STEN,iShares Large Cap 10% Target Buffer Sep ETF,2025-10-20
TOCT,Innovator Equity Defined Protection ETF - 2 Yr to October 2027,2025-10-20
UPSX,Tradr 2X Long UPST Daily ETF,2025-10-20
WPAY,Roundhill WeeklyPay Universe ETF,2025-10-20
ZOCT,Innovator Equity Defined Protection ETF - 1 Yr October,2025-10-20
APLX,Tradr 2X Long APLD Daily ETF,2025-10-22
BMNU,T-REX 2X Long BMNR Daily Target ETF,2025-10-22
DDFO,Innovator Equity Dual Directional 15 Buffer ETF - October,2025-10-22
DDTO,Innovator Equity Dual Directional 10 Buffer ETF - October,2025-10-22
ETQ,T-Rex 2X Inverse Ether Daily Target ETF,2025-10-22
JNEU,AllianzIM U.S. Equity Buffer15 Uncapped June ETF,2025-10-22
MSTZ,T-Rex 2X Inverse MSTR Daily Target ETF,2025-10-22
NVDX,T-Rex 2X Long NVIDIA Daily Target ETF,2025-10-22
NVTX,Tradr 2X Long NVTS Daily ETF,2025-10-22
PBOC,PGIM S&P 500 Buffer 20 ETF - October,2025-10-22
PSH,PGIM Short Duration High Yield ETF,2025-10-22
QUBX,Tradr 2X Long QUBT Daily ETF,2025-10-22
ROBN,T-Rex 2X Long HOOD Daily Target ETF,2025-10-22
SMU,Tradr 2X Long SMR Daily ETF,2025-10-22
STEN,iShares Large Cap 10% Target Buffer Sep ETF,2025-10-22
UPSX,Tradr 2X Long UPST Daily ETF,2025-10-22
WPAY,Roundhill WeeklyPay Universe ETF,2025-10-22
ZOCT,Innovator Equity Defined Protection ETF - 1 Yr October,2025-10-22
APLX,Tradr 2X Long APLD Daily ETF,2025-10-27
BMNU,T-REX 2X Long BMNR Daily Target ETF,2025-10-27
BUFP,PGIM Laddered S&P 500 Buffer 12 ETF,2025-10-27
CLSX,Tradr 2X Long CLSK Daily ETF,2025-10-27
DDFO,Innovator Equity Dual Directional 15 Buffer ETF - October,2025-10-27
DDTO,Innovator Equity Dual Directional 10 Buffer ETF - October,2025-10-27
MSTZ,T-Rex 2X Inverse MSTR Daily Target ETF,2025-10-27
PBOC,PGIM S&P 500 Buffer 20 ETF - October,2025-10-27
PSH,PGIM Short Duration High Yield ETF,2025-10-27
QBF,Innovator Uncapped Bitcoin 20 Floor ETF - Quarterly,2025-10-27
QCOC,FT Vest Nasdaq-100 Conservative Buffer ETF - October,2025-10-27
QUBX,Tradr 2X Long QUBT Daily ETF,2025-10-27
ROBN,T-Rex 2X Long HOOD Daily Target ETF,2025-10-27
SMU,Tradr 2X Long SMR Daily ETF,2025-10-27
UPSX,Tradr 2X Long UPST Daily ETF,2025-10-27
WPAY,Roundhill WeeklyPay Universe ETF,2025-10-27
ZOCT,Innovator Equity Defined Protection ETF - 1 Yr October,2025-10-27
APLX,Tradr 2X Long APLD Daily ETF,2025-10-28
ASTX,Tradr 2X Long ASTS Daily ETF,2025-10-28
BMNU,T-REX 2X Long BMNR Daily Target ETF,2025-10-28
BUFP,PGIM Laddered S&P 500 Buffer 12 ETF,2025-10-28
CLSX,Tradr 2X Long CLSK Daily ETF,2025-10-28
DDFO,Innovator Equity Dual Directional 15 Buffer ETF - October,2025-10-28
DDTO,Innovator Equity Dual Directional 10 Buffer ETF - October,2025-10-28
GMEU,T-REX 2X Long GME Daily Target ETF,2025-10-28
MSTZ,T-Rex 2X Inverse MSTR Daily Target ETF,2025-10-28
PBOC,PGIM S&P 500 Buffer 20 ETF - October,2025-10-28
QBF,Innovator Uncapped Bitcoin 20 Floor ETF - Quarterly,2025-10-28
QCOC,FT Vest Nasdaq-100 Conservative Buffer ETF - October,2025-10-28
QUBX,Tradr 2X Long QUBT Daily ETF,2025-10-28
ROBN,T-Rex 2X Long HOOD Daily Target ETF,2025-10-28
SMU,Tradr 2X Long SMR Daily ETF,2025-10-28
UPSX,Tradr 2X Long UPST Daily ETF,2025-10-28
WPAY,Roundhill WeeklyPay Universe ETF,2025-10-28
ZOCT,Innovator Equity Defined Protection ETF - 1 Yr October,2025-10-28
APLX,Tradr 2X Long APLD Daily ETF,2025-10-29
ASTX,Tradr 2X Long ASTS Daily ETF,2025-10-29
BMNU,T-REX 2X Long BMNR Daily Target ETF,2025-10-29
BUFP,PGIM Laddered S&P 500 Buffer 12 ETF,2025-10-29
CLSX,Tradr 2X Long CLSK Daily ETF,2025-10-29
DDFO,Innovator Equity Dual Directional 15 Buffer ETF - October,2025-10-29
DDTO,Innovator Equity Dual Directional 10 Buffer ETF - October,2025-10-29
GMEU,T-REX 2X Long GME Daily Target ETF,2025-10-29
MSTZ,T-Rex 2X Inverse MSTR Daily Target ETF,2025-10-29
NFLU,T-Rex 2X Long NFLX Daily Target ETF,2025-10-29
PBOC,PGIM S&P 500 Buffer 20 ETF - October,2025-10-29
QBF,Innovator Uncapped Bitcoin 20 Floor ETF - Quarterly,2025-10-29
QCOC,FT Vest Nasdaq-100 Conservative Buffer ETF - October,2025-10-29
QUBX,Tradr 2X Long QUBT Daily ETF,2025-10-29
ROBN,T-Rex 2X Long HOOD Daily Target ETF,2025-10-29
SMU,Tradr 2X Long SMR Daily ETF,2025-10-29
UPSX,Tradr 2X Long UPST Daily ETF,2025-10-29
UVIX,2x Long VIX Futures ETF,2025-10-29
WPAY,Roundhill WeeklyPay Universe ETF,2025-10-29
ZOCT,Innovator Equity Defined Protection ETF - 1 Yr October,2025-10-29
APLX,Tradr 2X Long APLD Daily ETF,2025-10-30
ASTX,Tradr 2X Long ASTS Daily ETF,2025-10-30
BMNU,T-REX 2X Long BMNR Daily Target ETF,2025-10-30
BUFP,PGIM Laddered S&P 500 Buffer 12 ETF,2025-10-30
CLSX,Tradr 2X Long CLSK Daily ETF,2025-10-30
DDFO,Innovator Equity Dual Directional 15 Buffer ETF - October,2025-10-30
DDTO,Innovator Equity Dual Directional 10 Buffer ETF - October,2025-10-30
GMEU,T-REX 2X Long GME Daily Target ETF,2025-10-30
MSTZ,T-Rex 2X Inverse MSTR Daily Target ETF,2025-10-30
NFLU,T-Rex 2X Long NFLX Daily Target ETF,2025-10-30
OPEX,Tradr 2X Long OPEN Daily ETF,2025-10-30
PBOC,PGIM S&P 500 Buffer 20 ETF - October,2025-10-30
QBF,Innovator Uncapped Bitcoin 20 Floor ETF - Quarterly,2025-10-30
QCOC,FT Vest Nasdaq-100 Conservative Buffer ETF - October,2025-10-30
QUBX,Tradr 2X Long QUBT Daily ETF,2025-10-30
ROBN,T-Rex 2X Long HOOD Daily Target ETF,2025-10-30
SMU,Tradr 2X Long SMR Daily ETF,2025-10-30
UPSX,Tradr 2X Long UPST Daily ETF,2025-10-30
UVIX,2x Long VIX Futures ETF,2025-10-30
WPAY,Roundhill WeeklyPay Universe ETF,2025-10-30
ZOCT,Innovator Equity Defined Protection ETF - 1 Yr October,2025-10-30
APLX,Tradr 2X Long APLD Daily ETF,2025-11-03
APRB,Aptus April Buffer ETF,2025-11-03
ASTX,Tradr 2X Long ASTS Daily ETF,2025-11-03
BMNU,T-REX 2X Long BMNR Daily Target ETF,2025-11-03
BUFP,PGIM Laddered S&P 500 Buffer 12 ETF,2025-11-03
CLSX,Tradr 2X Long CLSK Daily ETF,2025-11-03
DDFO,Innovator Equity Dual Directional 15 Buffer ETF - October,2025-11-03
DDTO,Innovator Equity Dual Directional 10 Buffer ETF - October,2025-11-03
GMEU,T-REX 2X Long GME Daily Target ETF,2025-11-03
JULB,Aptus July Buffer ETF,2025-11-03
MSTZ,T-Rex 2X Inverse MSTR Daily Target ETF,2025-11-03
NFLU,T-Rex 2X Long NFLX Daily Target ETF,2025-11-03
OPEX,Tradr 2X Long OPEN Daily ETF,2025-11-03
QCOC,FT Vest Nasdaq-100 Conservative Buffer ETF - October,2025-11-03
QUBX,Tradr 2X Long QUBT Daily ETF,2025-11-03
SMU,Tradr 2X Long SMR Daily ETF,2025-11-03
UVIX,2x Long VIX Futures ETF,2025-11-03
APLX,Tradr 2X Long APLD Daily ETF,2025-11-04
APRB,Aptus April Buffer ETF,2025-11-04
ASTX,Tradr 2X Long ASTS Daily ETF,2025-11-04
BMNU,T-REX 2X Long BMNR Daily Target ETF,2025-11-04
BUFP,PGIM Laddered S&P 500 Buffer 12 ETF,2025-11-04
CLSX,Tradr 2X Long CLSK Daily ETF,2025-11-04
DDFO,Innovator Equity Dual Directional 15 Buffer ETF - October,2025-11-04
DDTO,Innovator Equity Dual Directional 10 Buffer ETF - October,2025-11-04
GMEU,T-REX 2X Long GME Daily Target ETF,2025-11-04
JULB,Aptus July Buffer ETF,2025-11-04
MSTZ,T-Rex 2X Inverse MSTR Daily Target ETF,2025-11-04
NFLU,T-Rex 2X Long NFLX Daily Target ETF,2025-11-04
OPEX,Tradr 2X Long OPEN Daily ETF,2025-11-04
QCOC,FT Vest Nasdaq-100 Conservative Buffer ETF - October,2025-11-04
QUBX,Tradr 2X Long QUBT Daily ETF,2025-11-04
SMU,Tradr 2X Long SMR Daily ETF,2025-11-04
UVIX,2x Long VIX Futures ETF,2025-11-04
APLX,Tradr 2X Long APLD Daily ETF,2025-11-05
APRB,Aptus April Buffer ETF,2025-11-05
ASTX,Tradr 2X Long ASTS Daily ETF,2025-11-05
BMNU,T-REX 2X Long BMNR Daily Target ETF,2025-11-05
BUFP,PGIM Laddered S&P 500 Buffer 12 ETF,2025-11-05
CLSX,Tradr 2X Long CLSK Daily ETF,2025-11-05
DDFO,Innovator Equity Dual Directional 15 Buffer ETF - October,2025-11-05
ETQ,T-Rex 2X Inverse Ether Daily Target ETF,2025-11-05
GMEU,T-REX 2X Long GME Daily Target ETF,2025-11-05
JULB,Aptus July Buffer ETF,2025-11-05
MSTZ,T-Rex 2X Inverse MSTR Daily Target ETF,2025-11-05
NFLU,T-Rex 2X Long NFLX Daily Target ETF,2025-11-05
NVDQ,T-Rex 2X Inverse NVIDIA Daily Target ETF,2025-11-05
OPEX,Tradr 2X Long OPEN Daily ETF,2025-11-05
QCOC,FT Vest Nasdaq-100 Conservative Buffer ETF - October,2025-11-05
QUBX,Tradr 2X Long QUBT Daily ETF,2025-11-05
TSLZ,T-Rex 2X Inverse Tesla Daily Target ETF,2025-11-05
UVIX,2x Long VIX Futures ETF,2025-11-05
APRB,Aptus April Buffer ETF,2025-11-06
ASTX,Tradr 2X Long ASTS Daily ETF,2025-11-06
BMNU,T-REX 2X Long BMNR Daily Target ETF,2025-11-06
BUFP,PGIM Laddered S&P 500 Buffer 12 ETF,2025-11-06
CLSX,Tradr 2X Long CLSK Daily ETF,2025-11-06
DDFO,Innovator Equity Dual Directional 15 Buffer ETF - October,2025-11-06
ETQ,T-Rex 2X Inverse Ether Daily Target ETF,2025-11-06
GMEU,T-REX 2X Long GME Daily Target ETF,2025-11-06
JULB,Aptus July Buffer ETF,2025-11-06
MSTZ,T-Rex 2X Inverse MSTR Daily Target ETF,2025-11-06
NFLU,T-Rex 2X Long NFLX Daily Target ETF,2025-11-06
NVDQ,T-Rex 2X Inverse NVIDIA Daily Target ETF,2025-11-06
OPEX,Tradr 2X Long OPEN Daily ETF,2025-11-06
QCOC,FT Vest Nasdaq-100 Conservative Buffer ETF - October,2025-11-06
QUBX,Tradr 2X Long QUBT Daily ETF,2025-11-06
TSLZ,T-Rex 2X Inverse Tesla Daily Target ETF,2025-11-06
UVIX,2x Long VIX Futures ETF,2025-11-06
APRB,Aptus April Buffer ETF,2025-11-07
ASTX,Tradr 2X Long ASTS Daily ETF,2025-11-07
BMNU,T-REX 2X Long BMNR Daily Target ETF,2025-11-07
BUFP,PGIM Laddered S&P 500 Buffer 12 ETF,2025-11-07
CLSX,Tradr 2X Long CLSK Daily ETF,2025-11-07
DDFO,Innovator Equity Dual Directional 15 Buffer ETF - October,2025-11-07
ETQ,T-Rex 2X Inverse Ether Daily Target ETF,2025-11-07
GMEU,T-REX 2X Long GME Daily Target ETF,2025-11-07
JULB,Aptus July Buffer ETF,2025-11-07
MSTZ,T-Rex 2X Inverse MSTR Daily Target ETF,2025-11-07
NNOV,Innovator Growth-100 Power Buffer ETF - November,2025-11-07
NVDQ,T-Rex 2X Inverse NVIDIA Daily Target ETF,2025-11-07
OPEX,Tradr 2X Long OPEN Daily ETF,2025-11-07
QCOC,FT Vest Nasdaq-100 Conservative Buffer ETF - October,2025-11-07
QUBX,Tradr 2X Long QUBT Daily ETF,2025-11-07
TSLZ,T-Rex 2X Inverse Tesla Daily Target ETF,2025-11-07
UNOV,Innovator U.S. Equity Ultra Buffer ETF - November,2025-11-07
UVIX,2x Long VIX Futures ETF,2025-11-07
APRB,Aptus April Buffer ETF,2025-11-12
ASTX,Tradr 2X Long ASTS Daily ETF,2025-11-12
BMNU,T-REX 2X Long BMNR Daily Target ETF,2025-11-12
BUFP,PGIM Laddered S&P 500 Buffer 12 ETF,2025-11-12
CLSX,Tradr 2X Long CLSK Daily ETF,2025-11-12
DDFO,Innovator Equity Dual Directional 15 Buffer ETF - October,2025-11-12
DDTN,Innovator Equity Dual Directional 10 Buffer ETF - November,2025-11-12
ETQ,T-Rex 2X Inverse Ether Daily Target ETF,2025-11-12
GMEU,T-REX 2X Long GME Daily Target ETF,2025-11-12
JULB,Aptus July Buffer ETF,2025-11-12
MSTZ,T-Rex 2X Inverse MSTR Daily Target ETF,2025-11-12
NNOV,Innovator Growth-100 Power Buffer ETF - November,2025-11-12
NVDQ,T-Rex 2X Inverse NVIDIA Daily Target ETF,2025-11-12
OCTB,Aptus October Buffer ETF,2025-11-12
OPEX,Tradr 2X Long OPEN Daily ETF,2025-11-12
PMNV,PGIM S&P 500 Max Buffer ETF - November,2025-11-12
QCOC,FT Vest Nasdaq-100 Conservative Buffer ETF - October,2025-11-12
QUBX,Tradr 2X Long QUBT Daily ETF,2025-11-12
SMU,Tradr 2X Long SMR Daily ETF,2025-11-12
TSLZ,T-Rex 2X Inverse Tesla Daily Target ETF,2025-11-12
UNOV,Innovator U.S. Equity Ultra Buffer ETF - November,2025-11-12
UVIX,2x Long VIX Futures ETF,2025-11-12
ARCX,Tradr 2X Long ACHR Daily ETF,2025-11-13
ASTX,Tradr 2X Long ASTS Daily ETF,2025-11-13
BMNU,T-REX 2X Long BMNR Daily Target ETF,2025-11-13
BUFP,PGIM Laddered S&P 500 Buffer 12 ETF,2025-11-13
CLSX,Tradr 2X Long CLSK Daily ETF,2025-11-13
DDTN,Innovator Equity Dual Directional 10 Buffer ETF - November,2025-11-13
ETQ,T-Rex 2X Inverse Ether Daily Target ETF,2025-11-13
GMEU,T-REX 2X Long GME Daily Target ETF,2025-11-13
JULB,Aptus July Buffer ETF,2025-11-13
MSTZ,T-Rex 2X Inverse MSTR Daily Target ETF,2025-11-13
NNOV,Innovator Growth-100 Power Buffer ETF - November,2025-11-13
NVDQ,T-Rex 2X Inverse NVIDIA Daily Target ETF,2025-11-13
OCTB,Aptus October Buffer ETF,2025-11-13
OPEX,Tradr 2X Long OPEN Daily ETF,2025-11-13
PMNV,PGIM S&P 500 Max Buffer ETF - November,2025-11-13
QCOC,FT Vest Nasdaq-100 Conservative Buffer ETF - October,2025-11-13
QUBX,Tradr 2X Long QUBT Daily ETF,2025-11-13
SMU,Tradr 2X Long SMR Daily ETF,2025-11-13
TSLZ,T-Rex 2X Inverse Tesla Daily Target ETF,2025-11-13
UNOV,Innovator U.S. Equity Ultra Buffer ETF - November,2025-11-13
UVIX,2x Long VIX Futures ETF,2025-11-13
ARCX,Tradr 2X Long ACHR Daily ETF,2025-11-14
ASTX,Tradr 2X Long ASTS Daily ETF,2025-11-14
BMNU,T-REX 2X Long BMNR Daily Target ETF,2025-11-14
CLSX,Tradr 2X Long CLSK Daily ETF,2025-11-14
DDTN,Innovator Equity Dual Directional 10 Buffer ETF - November,2025-11-14
ETQ,T-Rex 2X Inverse Ether Daily Target ETF,2025-11-14
GMEU,T-REX 2X Long GME Daily Target ETF,2025-11-14
IREX,Tradr 2X Long IREN Daily ETF,2025-11-14
MSTZ,T-Rex 2X Inverse MSTR Daily Target ETF,2025-11-14
NNOV,Innovator Growth-100 Power Buffer ETF - November,2025-11-14
NVDQ,T-Rex 2X Inverse NVIDIA Daily Target ETF,2025-11-14
OCTB,Aptus October Buffer ETF,2025-11-14
OPEX,Tradr 2X Long OPEN Daily ETF,2025-11-14
PMNV,PGIM S&P 500 Max Buffer ETF - November,2025-11-14
QCOC,FT Vest Nasdaq-100 Conservative Buffer ETF - October,2025-11-14
QUBX,Tradr 2X Long QUBT Daily ETF,2025-11-14
SMU,Tradr 2X Long SMR Daily ETF,2025-11-14
TSLZ,T-Rex 2X Inverse Tesla Daily Target ETF,2025-11-14
UNOV,Innovator U.S. Equity Ultra Buffer ETF - November,2025-11-14
UVIX,2x Long VIX Futures ETF,2025-11-14
ARCX,Tradr 2X Long ACHR Daily ETF,2025-11-17
ASTX,Tradr 2X Long ASTS Daily ETF,2025-11-17
BMNU,T-REX 2X Long BMNR Daily Target ETF,2025-11-17
CLSX,Tradr 2X Long CLSK Daily ETF,2025-11-17
DDTN,Innovator Equity Dual Directional 10 Buffer ETF - November,2025-11-17
ETQ,T-Rex 2X Inverse Ether Daily Target ETF,2025-11-17
GMEU,T-REX 2X Long GME Daily Target ETF,2025-11-17
IREX,Tradr 2X Long IREN Daily ETF,2025-11-17
MSTZ,T-Rex 2X Inverse MSTR Daily Target ETF,2025-11-17
NNOV,Innovator Growth-100 Power Buffer ETF - November,2025-11-17
NVDQ,T-Rex 2X Inverse NVIDIA Daily Target ETF,2025-11-17
OCTB,Aptus October Buffer ETF,2025-11-17
OPEX,Tradr 2X Long OPEN Daily ETF,2025-11-17
PMNV,PGIM S&P 500 Max Buffer ETF - November,2025-11-17
QUBX,Tradr 2X Long QUBT Daily ETF,2025-11-17
SMU,Tradr 2X Long SMR Daily ETF,2025-11-17
UNOV,Innovator U.S. Equity Ultra Buffer ETF - November,2025-11-17
UVIX,2x Long VIX Futures ETF,2025-11-17
ARCX,Tradr 2X Long ACHR Daily ETF,2025-11-19
ASTX,Tradr 2X Long ASTS Daily ETF,2025-11-19
BMNU,T-REX 2X Long BMNR Daily Target ETF,2025-11-19
CLSX,Tradr 2X Long CLSK Daily ETF,2025-11-19
DDTN,Innovator Equity Dual Directional 10 Buffer ETF - November,2025-11-19
ETQ,T-Rex 2X Inverse Ether Daily Target ETF,2025-11-19
ETU,T-Rex 2X Long Ether Daily Target ETF,2025-11-19
GMEU,T-REX 2X Long GME Daily Target ETF,2025-11-19
IREX,Tradr 2X Long IREN Daily ETF,2025-11-19
MSTZ,T-Rex 2X Inverse MSTR Daily Target ETF,2025-11-19
NNOV,Innovator Growth-100 Power Buffer ETF - November,2025-11-19
NVDQ,T-Rex 2X Inverse NVIDIA Daily Target ETF,2025-11-19
OCTB,Aptus October Buffer ETF,2025-11-19
OPEX,Tradr 2X Long OPEN Daily ETF,2025-11-19
PMNV,PGIM S&P 500 Max Buffer ETF - November,2025-11-19
QUBX,Tradr 2X Long QUBT Daily ETF,2025-11-19
SMU,Tradr 2X Long SMR Daily ETF,2025-11-19
UNOV,Innovator U.S. Equity Ultra Buffer ETF - November,2025-11-19
UVIX,2x Long VIX Futures ETF,2025-11-19
ARCX,Tradr 2X Long ACHR Daily ETF,2025-11-20
ASTX,Tradr 2X Long ASTS Daily ETF,2025-11-20
BMNU,T-REX 2X Long BMNR Daily Target ETF,2025-11-20
BTCZ,T-Rex 2X Inverse Bitcoin Daily Target ETF,2025-11-20
CLSX,Tradr 2X Long CLSK Daily ETF,2025-11-20
DDTN,Innovator Equity Dual Directional 10 Buffer ETF - November,2025-11-20
ETU,T-Rex 2X Long Ether Daily Target ETF,2025-11-20
GMEU,T-REX 2X Long GME Daily Target ETF,2025-11-20
IREX,Tradr 2X Long IREN Daily ETF,2025-11-20
MAGC,Roundhill China Magnificent Seven ETF,2025-11-20
MSTZ,T-Rex 2X Inverse MSTR Daily Target ETF,2025-11-20
NNOV,Innovator Growth-100 Power Buffer ETF - November,2025-11-20
NVDQ,T-Rex 2X Inverse NVIDIA Daily Target ETF,2025-11-20
OCTB,Aptus October Buffer ETF,2025-11-20
OPEX,Tradr 2X Long OPEN Daily ETF,2025-11-20
QUBX,Tradr 2X Long QUBT Daily ETF,2025-11-20
SMU,Tradr 2X Long SMR Daily ETF,2025-11-20
SVIX,-1x Short VIX Futures ETF,2025-11-20
UNOV,Innovator U.S. Equity Ultra Buffer ETF - November,2025-11-20
UVIX,2x Long VIX Futures ETF,2025-11-20
ARCX,Tradr 2X Long ACHR Daily ETF,2025-11-21
ASTX,Tradr 2X Long ASTS Daily ETF,2025-11-21
BMNU,T-REX 2X Long BMNR Daily Target ETF,2025-11-21
BTCZ,T-Rex 2X Inverse Bitcoin Daily Target ETF,2025-11-21
CLSX,Tradr 2X Long CLSK Daily ETF,2025-11-21
DDTN,Innovator Equity Dual Directional 10 Buffer ETF - November,2025-11-21
ETU,T-Rex 2X Long Ether Daily Target ETF,2025-11-21
GMEU,T-REX 2X Long GME Daily Target ETF,2025-11-21
IREX,Tradr 2X Long IREN Daily ETF,2025-11-21
MAGC,Roundhill China Magnificent Seven ETF,2025-11-21
MSTZ,T-Rex 2X Inverse MSTR Daily Target ETF,2025-11-21
NNOV,Innovator Growth-100 Power Buffer ETF - November,2025-11-21
NVDQ,T-Rex 2X Inverse NVIDIA Daily Target ETF,2025-11-21
OCTB,Aptus October Buffer ETF,2025-11-21
OPEX,Tradr 2X Long OPEN Daily ETF,2025-11-21
QUBX,Tradr 2X Long QUBT Daily ETF,2025-11-21
SMU,Tradr 2X Long SMR Daily ETF,2025-11-21
SVIX,-1x Short VIX Futures ETF,2025-11-21
UNOV,Innovator U.S. Equity Ultra Buffer ETF - November,2025-11-21
UVIX,2x Long VIX Futures ETF,2025-11-21
ARCX,Tradr 2X Long ACHR Daily ETF,2025-11-24
ASTX,Tradr 2X Long ASTS Daily ETF,2025-11-24
BMNU,T-REX 2X Long BMNR Daily Target ETF,2025-11-24
BTCZ,T-Rex 2X Inverse Bitcoin Daily Target ETF,2025-11-24
CLSX,Tradr 2X Long CLSK Daily ETF,2025-11-24
DDTN,Innovator Equity Dual Directional 10 Buffer ETF - November,2025-11-24
ETU,T-Rex 2X Long Ether Daily Target ETF,2025-11-24
GMEU,T-REX 2X Long GME Daily Target ETF,2025-11-24
IREX,Tradr 2X Long IREN Daily ETF,2025-11-24
MAGC,Roundhill China Magnificent Seven ETF,2025-11-24
MSTZ,T-Rex 2X Inverse MSTR Daily Target ETF,2025-11-24
NNOV,Innovator Growth-100 Power Buffer ETF - November,2025-11-24
NVDQ,T-Rex 2X Inverse NVIDIA Daily Target ETF,2025-11-24
OCTB,Aptus October Buffer ETF,2025-11-24
OPEX,Tradr 2X Long OPEN Daily ETF,2025-11-24
QUBX,Tradr 2X Long QUBT Daily ETF,2025-11-24
SMU,Tradr 2X Long SMR Daily ETF,2025-11-24
SVIX,-1x Short VIX Futures ETF,2025-11-24
UNOV,Innovator U.S. Equity Ultra Buffer ETF - November,2025-11-24
UVIX,2x Long VIX Futures ETF,2025-11-24
ARCX,Tradr 2X Long ACHR Daily ETF,2025-11-25
ASTX,Tradr 2X Long ASTS Daily ETF,2025-11-25
BMNU,T-REX 2X Long BMNR Daily Target ETF,2025-11-25
BTCZ,T-Rex 2X Inverse Bitcoin Daily Target ETF,2025-11-25
CLSX,Tradr 2X Long CLSK Daily ETF,2025-11-25
DDTN,Innovator Equity Dual Directional 10 Buffer ETF - November,2025-11-25
ETU,T-Rex 2X Long Ether Daily Target ETF,2025-11-25
IREX,Tradr 2X Long IREN Daily ETF,2025-11-25
MAGC,Roundhill China Magnificent Seven ETF,2025-11-25
MSTZ,T-Rex 2X Inverse MSTR Daily Target ETF,2025-11-25
NNOV,Innovator Growth-100 Power Buffer ETF - November,2025-11-25
NVDQ,T-Rex 2X Inverse NVIDIA Daily Target ETF,2025-11-25
OCTB,Aptus October Buffer ETF,2025-11-25
OPEX,Tradr 2X Long OPEN Daily ETF,2025-11-25
QUBX,Tradr 2X Long QUBT Daily ETF,2025-11-25
SMU,Tradr 2X Long SMR Daily ETF,2025-11-25
SVIX,-1x Short VIX Futures ETF,2025-11-25
UNOV,Innovator U.S. Equity Ultra Buffer ETF - November,2025-11-25
UVIX,2x Long VIX Futures ETF,2025-11-25
ARCX,Tradr 2X Long ACHR Daily ETF,2025-11-26
ASTX,Tradr 2X Long ASTS Daily ETF,2025-11-26
BMNU,T-REX 2X Long BMNR Daily Target ETF,2025-11-26
BTCZ,T-Rex 2X Inverse Bitcoin Daily Target ETF,2025-11-26
CLSX,Tradr 2X Long CLSK Daily ETF,2025-11-26
DDTN,Innovator Equity Dual Directional 10 Buffer ETF - November,2025-11-26
ETU,T-Rex 2X Long Ether Daily Target ETF,2025-11-26
IREX,Tradr 2X Long IREN Daily ETF,2025-11-26
MAGC,Roundhill China Magnificent Seven ETF,2025-11-26
MSTZ,T-Rex 2X Inverse MSTR Daily Target ETF,2025-11-26
NNOV,Innovator Growth-100 Power Buffer ETF - November,2025-11-26
NVDQ,T-Rex 2X Inverse NVIDIA Daily Target ETF,2025-11-26
OCTB,Aptus October Buffer ETF,2025-11-26
OPEX,Tradr 2X Long OPEN Daily ETF,2025-11-26
SMU,Tradr 2X Long SMR Daily ETF,2025-11-26
SVIX,-1x Short VIX Futures ETF,2025-11-26
UVIX,2x Long VIX Futures ETF,2025-11-26
ARCX,Tradr 2X Long ACHR Daily ETF,2025-11-28
ASTX,Tradr 2X Long ASTS Daily ETF,2025-11-28
BMNU,T-REX 2X Long BMNR Daily Target ETF,2025-11-28
BTCZ,T-Rex 2X Inverse Bitcoin Daily Target ETF,2025-11-28
CLSX,Tradr 2X Long CLSK Daily ETF,2025-11-28
DDTN,Innovator Equity Dual Directional 10 Buffer ETF - November,2025-11-28
DGOC,FT Vest U.S. Equity Buffer & Digital Return ETF - October,2025-11-28
ETU,T-Rex 2X Long Ether Daily Target ETF,2025-11-28
IREX,Tradr 2X Long IREN Daily ETF,2025-11-28
MAGC,Roundhill China Magnificent Seven ETF,2025-11-28
MSTZ,T-Rex 2X Inverse MSTR Daily Target ETF,2025-11-28
NNOV,Innovator Growth-100 Power Buffer ETF - November,2025-11-28
NVDQ,T-Rex 2X Inverse NVIDIA Daily Target ETF,2025-11-28
OCTB,Aptus October Buffer ETF,2025-11-28
SMU,Tradr 2X Long SMR Daily ETF,2025-11-28
SVIX,-1x Short VIX Futures ETF,2025-11-28
UVIX,2x Long VIX Futures ETF,2025-11-28
ARCX,Tradr 2X Long ACHR Daily ETF,2025-12-01
ASTX,Tradr 2X Long ASTS Daily ETF,2025-12-01
BMNU,T-REX 2X Long BMNR Daily Target ETF,2025-12-01
BTCZ,T-Rex 2X Inverse Bitcoin Daily Target ETF,2025-12-01
CLSX,Tradr 2X Long CLSK Daily ETF,2025-12-01
DDTN,Innovator Equity Dual Directional 10 Buffer ETF - November,2025-12-01
DGOC,FT Vest U.S. Equity Buffer & Digital Return ETF - October,2025-12-01
ETU,T-Rex 2X Long Ether Daily Target ETF,2025-12-01
IREX,Tradr 2X Long IREN Daily ETF,2025-12-01
MAGC,Roundhill China Magnificent Seven ETF,2025-12-01
MSTZ,T-Rex 2X Inverse MSTR Daily Target ETF,2025-12-01
NNOV,Innovator Growth-100 Power Buffer ETF - November,2025-12-01
OCTB,Aptus October Buffer ETF,2025-12-01
SMU,Tradr 2X Long SMR Daily ETF,2025-12-01
SVIX,-1x Short VIX Futures ETF,2025-12-01
UVIX,2x Long VIX Futures ETF,2025-12-01
ARCX,Tradr 2X Long ACHR Daily ETF,2025-12-03
ASTX,Tradr 2X Long ASTS Daily ETF,2025-12-03
BMNU,T-REX 2X Long BMNR Daily Target ETF,2025-12-03
BTCZ,T-Rex 2X Inverse Bitcoin Daily Target ETF,2025-12-03
CLSX,Tradr 2X Long CLSK Daily ETF,2025-12-03
DDTN,Innovator Equity Dual Directional 10 Buffer ETF - November,2025-12-03
DGOC,FT Vest U.S. Equity Buffer & Digital Return ETF - October,2025-12-03
ETU,T-Rex 2X Long Ether Daily Target ETF,2025-12-03
IREX,Tradr 2X Long IREN Daily ETF,2025-12-03
MAGC,Roundhill China Magnificent Seven ETF,2025-12-03
MSTZ,T-Rex 2X Inverse MSTR Daily Target ETF,2025-12-03
NNOV,Innovator Growth-100 Power Buffer ETF - November,2025-12-03
OCTB,Aptus October Buffer ETF,2025-12-03
SMU,Tradr 2X Long SMR Daily ETF,2025-12-03
UVIX,2x Long VIX Futures ETF,2025-12-03
ARCX,Tradr 2X Long ACHR Daily ETF,2025-12-04
ASTX,Tradr 2X Long ASTS Daily ETF,2025-12-04
BMNU,T-REX 2X Long BMNR Daily Target ETF,2025-12-04
BTCZ,T-Rex 2X Inverse Bitcoin Daily Target ETF,2025-12-04
CLSX,Tradr 2X Long CLSK Daily ETF,2025-12-04
DGOC,FT Vest U.S. Equity Buffer & Digital Return ETF - October,2025-12-04
ETU,T-Rex 2X Long Ether Daily Target ETF,2025-12-04
IREX,Tradr 2X Long IREN Daily ETF,2025-12-04
MSTZ,T-Rex 2X Inverse MSTR Daily Target ETF,2025-12-04
OCTB,Aptus October Buffer ETF,2025-12-04
SMU,Tradr 2X Long SMR Daily ETF,2025-12-04
UVIX,2x Long VIX Futures ETF,2025-12-04
ASTX,Tradr 2X Long ASTS Daily ETF,2025-12-08
BMNU,T-REX 2X Long BMNR Daily Target ETF,2025-12-08
BTCZ,T-Rex 2X Inverse Bitcoin Daily Target ETF,2025-12-08
CLSX,Tradr 2X Long CLSK Daily ETF,2025-12-08
DECP,PGIM S&P 500 Buffer 12 ETF - December,2025-12-08
ETU,T-Rex 2X Long Ether Daily Target ETF,2025-12-08
IREX,Tradr 2X Long IREN Daily ETF,2025-12-08
MSTZ,T-Rex 2X Inverse MSTR Daily Target ETF,2025-12-08
NVDQ,T-Rex 2X Inverse NVIDIA Daily Target ETF,2025-12-08
SMU,Tradr 2X Long SMR Daily ETF,2025-12-08
UVIX,2x Long VIX Futures ETF,2025-12-08
ASTX,Tradr 2X Long ASTS Daily ETF,2025-12-09
BMNU,T-REX 2X Long BMNR Daily Target ETF,2025-12-09
BTCZ,T-Rex 2X Inverse Bitcoin Daily Target ETF,2025-12-09
CLSX,Tradr 2X Long CLSK Daily ETF,2025-12-09
DECP,PGIM S&P 500 Buffer 12 ETF - December,2025-12-09
ETU,T-Rex 2X Long Ether Daily Target ETF,2025-12-09
IREX,Tradr 2X Long IREN Daily ETF,2025-12-09
MSTZ,T-Rex 2X Inverse MSTR Daily Target ETF,2025-12-09
NVDQ,T-Rex 2X Inverse NVIDIA Daily Target ETF,2025-12-09
SMU,Tradr 2X Long SMR Daily ETF,2025-12-09
UVIX,2x Long VIX Futures ETF,2025-12-09
ASTX,Tradr 2X Long ASTS Daily ETF,2025-12-10
BMNU,T-REX 2X Long BMNR Daily Target ETF,2025-12-10
BTCZ,T-Rex 2X Inverse Bitcoin Daily Target ETF,2025-12-10
CLSX,Tradr 2X Long CLSK Daily ETF,2025-12-10
DECP,PGIM S&P 500 Buffer 12 ETF - December,2025-12-10
IREX,Tradr 2X Long IREN Daily ETF,2025-12-10
MSTU,T-Rex 2X Long MSTR Daily Target ETF,2025-12-10
MSTZ,T-Rex 2X Inverse MSTR Daily Target ETF,2025-12-10
NVDQ,T-Rex 2X Inverse NVIDIA Daily Target ETF,2025-12-10
SMU,Tradr 2X Long SMR Daily ETF,2025-12-10
UVIX,2x Long VIX Futures ETF,2025-12-10
ASTX,Tradr 2X Long ASTS Daily ETF,2025-12-11
BMNU,T-REX 2X Long BMNR Daily Target ETF,2025-12-11
BTCZ,T-Rex 2X Inverse Bitcoin Daily Target ETF,2025-12-11
CLSX,Tradr 2X Long CLSK Daily ETF,2025-12-11
DECP,PGIM S&P 500 Buffer 12 ETF - December,2025-12-11
IBMT,iShares iBonds Dec 2031 Term Muni Bond ETF,2025-12-11
IREX,Tradr 2X Long IREN Daily ETF,2025-12-11
MSTU,T-Rex 2X Long MSTR Daily Target ETF,2025-12-11
MSTZ,T-Rex 2X Inverse MSTR Daily Target ETF,2025-12-11
NVDQ,T-Rex 2X Inverse NVIDIA Daily Target ETF,2025-12-11
SMU,Tradr 2X Long SMR Daily ETF,2025-12-11
UVIX,2x Long VIX Futures ETF,2025-12-11
BMNU,T-REX 2X Long BMNR Daily Target ETF,2025-12-12
BTCZ,T-Rex 2X Inverse Bitcoin Daily Target ETF,2025-12-12
CLSX,Tradr 2X Long CLSK Daily ETF,2025-12-12
DECP,PGIM S&P 500 Buffer 12 ETF - December,2025-12-12
IBMT,iShares iBonds Dec 2031 Term Muni Bond ETF,2025-12-12
IREX,Tradr 2X Long IREN Daily ETF,2025-12-12
MSTU,T-Rex 2X Long MSTR Daily Target ETF,2025-12-12
MSTZ,T-Rex 2X Inverse MSTR Daily Target ETF,2025-12-12
NVDQ,T-Rex 2X Inverse NVIDIA Daily Target ETF,2025-12-12
SMU,Tradr 2X Long SMR Daily ETF,2025-12-12
UVIX,2x Long VIX Futures ETF,2025-12-12
BMNU,T-REX 2X Long BMNR Daily Target ETF,2025-12-15
BTCZ,T-Rex 2X Inverse Bitcoin Daily Target ETF,2025-12-15
CLSX,Tradr 2X Long CLSK Daily ETF,2025-12-15
DECP,PGIM S&P 500 Buffer 12 ETF - December,2025-12-15
IBMT,iShares iBonds Dec 2031 Term Muni Bond ETF,2025-12-15
IREX,Tradr 2X Long IREN Daily ETF,2025-12-15
MSTU,T-Rex 2X Long MSTR Daily Target ETF,2025-12-15
MSTZ,T-Rex 2X Inverse MSTR Daily Target ETF,2025-12-15
NVDQ,T-Rex 2X Inverse NVIDIA Daily Target ETF,2025-12-15
SMU,Tradr 2X Long SMR Daily ETF,2025-12-15
UVIX,2x Long VIX Futures ETF,2025-12-15
BMNU,T-REX 2X Long BMNR Daily Target ETF,2025-12-16
BTCZ,T-Rex 2X Inverse Bitcoin Daily Target ETF,2025-12-16
CLSX,Tradr 2X Long CLSK Daily ETF,2025-12-16
DECP,PGIM S&P 500 Buffer 12 ETF - December,2025-12-16
IBMT,iShares iBonds Dec 2031 Term Muni Bond ETF,2025-12-16
IREX,Tradr 2X Long IREN Daily ETF,2025-12-16
MSTU,T-Rex 2X Long MSTR Daily Target ETF,2025-12-16
MSTZ,T-Rex 2X Inverse MSTR Daily Target ETF,2025-12-16
NNOV,Innovator Growth-100 Power Buffer ETF - November,2025-12-16
NVDQ,T-Rex 2X Inverse NVIDIA Daily Target ETF,2025-12-16
PBDE,PGIM S&P 500 Buffer 20 ETF - December,2025-12-16
SMU,Tradr 2X Long SMR Daily ETF,2025-12-16
UVIX,2x Long VIX Futures ETF,2025-12-16
BMNU,T-REX 2X Long BMNR Daily Target ETF,2025-12-17
BTCZ,T-Rex 2X Inverse Bitcoin Daily Target ETF,2025-12-17
CLSX,Tradr 2X Long CLSK Daily ETF,2025-12-17
DECP,PGIM S&P 500 Buffer 12 ETF - December,2025-12-17
IBMT,iShares iBonds Dec 2031 Term Muni Bond ETF,2025-12-17
IREX,Tradr 2X Long IREN Daily ETF,2025-12-17
MSTU,T-Rex 2X Long MSTR Daily Target ETF,2025-12-17
MSTZ,T-Rex 2X Inverse MSTR Daily Target ETF,2025-12-17
NNOV,Innovator Growth-100 Power Buffer ETF - November,2025-12-17
NVDQ,T-Rex 2X Inverse NVIDIA Daily Target ETF,2025-12-17
PBDE,PGIM S&P 500 Buffer 20 ETF - December,2025-12-17
SMU,Tradr 2X Long SMR Daily ETF,2025-12-17
BMNU,T-REX 2X Long BMNR Daily Target ETF,2025-12-18
BTCZ,T-Rex 2X Inverse Bitcoin Daily Target ETF,2025-12-18
CLSX,Tradr 2X Long CLSK Daily ETF,2025-12-18
DECP,PGIM S&P 500 Buffer 12 ETF - December,2025-12-18
IBMT,iShares iBonds Dec 2031 Term Muni Bond ETF,2025-12-18
IREX,Tradr 2X Long IREN Daily ETF,2025-12-18
IYZ,iShares U.S. Telecommunications ETF,2025-12-18
MSTU,T-Rex 2X Long MSTR Daily Target ETF,2025-12-18
MSTZ,T-Rex 2X Inverse MSTR Daily Target ETF,2025-12-18
NNOV,Innovator Growth-100 Power Buffer ETF - November,2025-12-18
PBDE,PGIM S&P 500 Buffer 20 ETF - December,2025-12-18
SMU,Tradr 2X Long SMR Daily ETF,2025-12-18
BMNU,T-REX 2X Long BMNR Daily Target ETF,2025-12-19
BTCZ,T-Rex 2X Inverse Bitcoin Daily Target ETF,2025-12-19
CLSX,Tradr 2X Long CLSK Daily ETF,2025-12-19
DECP,PGIM S&P 500 Buffer 12 ETF - December,2025-12-19
IBMT,iShares iBonds Dec 2031 Term Muni Bond ETF,2025-12-19
IREX,Tradr 2X Long IREN Daily ETF,2025-12-19
IYZ,iShares U.S. Telecommunications ETF,2025-12-19
MSTU,T-Rex 2X Long MSTR Daily Target ETF,2025-12-19
MSTZ,T-Rex 2X Inverse MSTR Daily Target ETF,2025-12-19
NNOV,Innovator Growth-100 Power Buffer ETF - November,2025-12-19
PBDE,PGIM S&P 500 Buffer 20 ETF - December,2025-12-19
SMU,Tradr 2X Long SMR Daily ETF,2025-12-19
BMNU,T-REX 2X Long BMNR Daily Target ETF,2025-12-22
BTCZ,T-Rex 2X Inverse Bitcoin Daily Target ETF,2025-12-22
CLSX,Tradr 2X Long CLSK Daily ETF,2025-12-22
DECP,PGIM S&P 500 Buffer 12 ETF - December,2025-12-22
IBMT,iShares iBonds Dec 2031 Term Muni Bond ETF,2025-12-22
IREX,Tradr 2X Long IREN Daily ETF,2025-12-22
IYZ,iShares U.S. Telecommunications ETF,2025-12-22
MSTU,T-Rex 2X Long MSTR Daily Target ETF,2025-12-22
MSTZ,T-Rex 2X Inverse MSTR Daily Target ETF,2025-12-22
NNOV,Innovator Growth-100 Power Buffer ETF - November,2025-12-22
PBDE,PGIM S&P 500 Buffer 20 ETF - December,2025-12-22
SMU,Tradr 2X Long SMR Daily ETF,2025-12-22
BMNU,T-REX 2X Long BMNR Daily Target ETF,2025-12-23
BTCZ,T-Rex 2X Inverse Bitcoin Daily Target ETF,2025-12-23
CLSX,Tradr 2X Long CLSK Daily ETF,2025-12-23
IBMT,iShares iBonds Dec 2031 Term Muni Bond ETF,2025-12-23
IREX,Tradr 2X Long IREN Daily ETF,2025-12-23
IYZ,iShares U.S. Telecommunications ETF,2025-12-23
MSTU,T-Rex 2X Long MSTR Daily Target ETF,2025-12-23
MSTZ,T-Rex 2X Inverse MSTR Daily Target ETF,2025-12-23
NNOV,Innovator Growth-100 Power Buffer ETF - November,2025-12-23
NVDX,T-Rex 2X Long NVIDIA Daily Target ETF,2025-12-23
PBDE,PGIM S&P 500 Buffer 20 ETF - December,2025-12-23
SMU,Tradr 2X Long SMR Daily ETF,2025-12-23
BMNU,T-REX 2X Long BMNR Daily Target ETF,2025-12-24
BTCZ,T-Rex 2X Inverse Bitcoin Daily Target ETF,2025-12-24
CLSX,Tradr 2X Long CLSK Daily ETF,2025-12-24
IBMT,iShares iBonds Dec 2031 Term Muni Bond ETF,2025-12-24
IREX,Tradr 2X Long IREN Daily ETF,2025-12-24
IYZ,iShares U.S. Telecommunications ETF,2025-12-24
KAMO,Kensington Credit Opportunities ETF,2025-12-24
MSTU,T-Rex 2X Long MSTR Daily Target ETF,2025-12-24
MSTZ,T-Rex 2X Inverse MSTR Daily Target ETF,2025-12-24
NNOV,Innovator Growth-100 Power Buffer ETF - November,2025-12-24
NVDX,T-Rex 2X Long NVIDIA Daily Target ETF,2025-12-24
PBDE,PGIM S&P 500 Buffer 20 ETF - December,2025-12-24
SMU,Tradr 2X Long SMR Daily ETF,2025-12-24
TSLT,T-Rex 2X Long Tesla Daily Target ETF,2025-12-24
BMNU,T-REX 2X Long BMNR Daily Target ETF,2025-12-26
BTCZ,T-Rex 2X Inverse Bitcoin Daily Target ETF,2025-12-26
CLSX,Tradr 2X Long CLSK Daily ETF,2025-12-26
IBMT,iShares iBonds Dec 2031 Term Muni Bond ETF,2025-12-26
IREX,Tradr 2X Long IREN Daily ETF,2025-12-26
IYZ,iShares U.S. Telecommunications ETF,2025-12-26
KAMO,Kensington Credit Opportunities ETF,2025-12-26
MSTU,T-Rex 2X Long MSTR Daily Target ETF,2025-12-26
MSTZ,T-Rex 2X Inverse MSTR Daily Target ETF,2025-12-26
NNOV,Innovator Growth-100 Power Buffer ETF - November,2025-12-26
NVDX,T-Rex 2X Long NVIDIA Daily Target ETF,2025-12-26
PBDE,PGIM S&P 500 Buffer 20 ETF - December,2025-12-26
SMU,Tradr 2X Long SMR Daily ETF,2025-12-26
TSLT,T-Rex 2X Long Tesla Daily Target ETF,2025-12-26
BMNU,T-REX 2X Long BMNR Daily Target ETF,2025-12-29
BTCZ,T-Rex 2X Inverse Bitcoin Daily Target ETF,2025-12-29
CLSX,Tradr 2X Long CLSK Daily ETF,2025-12-29
FEBZ,Elevation Series Trust,2025-12-29
IREX,Tradr 2X Long IREN Daily ETF,2025-12-29
IYZ,iShares U.S. Telecommunications ETF,2025-12-29
KAMO,Kensington Credit Opportunities ETF,2025-12-29
MSTU,T-Rex 2X Long MSTR Daily Target ETF,2025-12-29
MSTZ,T-Rex 2X Inverse MSTR Daily Target ETF,2025-12-29
NNOV,Innovator Growth-100 Power Buffer ETF - November,2025-12-29
NVDX,T-Rex 2X Long NVIDIA Daily Target ETF,2025-12-29
SMU,Tradr 2X Long SMR Daily ETF,2025-12-29
TEMT,Tradr 2X Long TEM Daily ETF,2025-12-29
TSLT,T-Rex 2X Long Tesla Daily Target ETF,2025-12-29
BMNU,T-REX 2X Long BMNR Daily Target ETF,2025-12-30
BTCZ,T-Rex 2X Inverse Bitcoin Daily Target ETF,2025-12-30
CLSX,Tradr 2X Long CLSK Daily ETF,2025-12-30
FEBZ,Elevation Series Trust,2025-12-30
IREX,Tradr 2X Long IREN Daily ETF,2025-12-30
KAMO,Kensington Credit Opportunities ETF,2025-12-30
MSTU,T-Rex 2X Long MSTR Daily Target ETF,2025-12-30
MSTZ,T-Rex 2X Inverse MSTR Daily Target ETF,2025-12-30
NNOV,Innovator Growth-100 Power Buffer ETF - November,2025-12-30
NVDX,T-Rex 2X Long NVIDIA Daily Target ETF,2025-12-30
SMU,Tradr 2X Long SMR Daily ETF,2025-12-30
TEMT,Tradr 2X Long TEM Daily ETF,2025-12-30
TSLT,T-Rex 2X Long Tesla Daily Target ETF,2025-12-30
BMNU,T-REX 2X Long BMNR Daily Target ETF,2025-12-31
BTCZ,T-Rex 2X Inverse Bitcoin Daily Target ETF,2025-12-31
CLSX,Tradr 2X Long CLSK Daily ETF,2025-12-31
FEBZ,Elevation Series Trust,2025-12-31
IREX,Tradr 2X Long IREN Daily ETF,2025-12-31
KAMO,Kensington Credit Opportunities ETF,2025-12-31
MSTU,T-Rex 2X Long MSTR Daily Target ETF,2025-12-31
MSTZ,T-Rex 2X Inverse MSTR Daily Target ETF,2025-12-31
NVDX,T-Rex 2X Long NVIDIA Daily Target ETF,2025-12-31
SMU,Tradr 2X Long SMR Daily ETF,2025-12-31
TEMT,Tradr 2X Long TEM Daily ETF,2025-12-31
TSLT,T-Rex 2X Long Tesla Daily Target ETF,2025-12-31
BMNU,T-REX 2X Long BMNR Daily Target ETF,2026-01-02
BTCZ,T-Rex 2X Inverse Bitcoin Daily Target ETF,2026-01-02
CLSX,Tradr 2X Long CLSK Daily ETF,2026-01-02
FEBZ,Elevation Series Trust,2026-01-02
IREX,Tradr 2X Long IREN Daily ETF,2026-01-02
KAMO,Kensington Credit Opportunities ETF,2026-01-02
MSTU,T-Rex 2X Long MSTR Daily Target ETF,2026-01-02
MSTZ,T-Rex 2X Inverse MSTR Daily Target ETF,2026-01-02
NVDX,T-Rex 2X Long NVIDIA Daily Target ETF,2026-01-02
SMU,Tradr 2X Long SMR Daily ETF,2026-01-02
TEMT,Tradr 2X Long TEM Daily ETF,2026-01-02
TSLT,T-Rex 2X Long Tesla Daily Target ETF,2026-01-02
BMNU,T-REX 2X Long BMNR Daily Target ETF,2026-01-08
BTCZ,T-Rex 2X Inverse Bitcoin Daily Target ETF,2026-01-08
BUFH,FT Vest Laddered Max Buffer ETF,2026-01-08
CIFU,T-REX 2X Long CIFR Daily Target ETF,2026-01-08
IREX,Tradr 2X Long IREN Daily ETF,2026-01-08
JANB,Aptus January Buffer ETF,2026-01-08
NVDQ,T-Rex 2X Inverse NVIDIA Daily Target ETF,2026-01-08
SMU,Tradr 2X Long SMR Daily ETF,2026-01-08
TEMT,Tradr 2X Long TEM Daily ETF,2026-01-08
BMNU,T-REX 2X Long BMNR Daily Target ETF,2026-01-09
BTCZ,T-Rex 2X Inverse Bitcoin Daily Target ETF,2026-01-09
BUFH,FT Vest Laddered Max Buffer ETF,2026-01-09
CIFU,T-REX 2X Long CIFR Daily Target ETF,2026-01-09
DDFJ,Innovator Equity Dual Directional 15 Buffer ETF - January,2026-01-09
DDTJ,Innovator Equity Dual Directional 10 Buffer ETF - January,2026-01-09
IREX,Tradr 2X Long IREN Daily ETF,2026-01-09
JANB,Aptus January Buffer ETF,2026-01-09
NVDQ,T-Rex 2X Inverse NVIDIA Daily Target ETF,2026-01-09
SMU,Tradr 2X Long SMR Daily ETF,2026-01-09
TSLT,T-Rex 2X Long Tesla Daily Target ETF,2026-01-09
BTCZ,T-Rex 2X Inverse Bitcoin Daily Target ETF,2026-01-12
BUFH,FT Vest Laddered Max Buffer ETF,2026-01-12
CIFU,T-REX 2X Long CIFR Daily Target ETF,2026-01-12
DDFJ,Innovator Equity Dual Directional 15 Buffer ETF - January,2026-01-12
DDTJ,Innovator Equity Dual Directional 10 Buffer ETF - January,2026-01-12
IREX,Tradr 2X Long IREN Daily ETF,2026-01-12
JANB,Aptus January Buffer ETF,2026-01-12
NVDQ,T-Rex 2X Inverse NVIDIA Daily Target ETF,2026-01-12
SMU,Tradr 2X Long SMR Daily ETF,2026-01-12
TSLT,T-Rex 2X Long Tesla Daily Target ETF,2026-01-12
BTCZ,T-Rex 2X Inverse Bitcoin Daily Target ETF,2026-01-13
BUFH,FT Vest Laddered Max Buffer ETF,2026-01-13
CIFU,T-REX 2X Long CIFR Daily Target ETF,2026-01-13
DDFJ,Innovator Equity Dual Directional 15 Buffer ETF - January,2026-01-13
DDTJ,Innovator Equity Dual Directional 10 Buffer ETF - January,2026-01-13
IREX,Tradr 2X Long IREN Daily ETF,2026-01-13
JANB,Aptus January Buffer ETF,2026-01-13
NVDQ,T-Rex 2X Inverse NVIDIA Daily Target ETF,2026-01-13
SMU,Tradr 2X Long SMR Daily ETF,2026-01-13
TSLT,T-Rex 2X Long Tesla Daily Target ETF,2026-01-13
XRPK,T-REX 2X Long XRP Daily Target ETF,2026-01-13
BTCZ,T-Rex 2X Inverse Bitcoin Daily Target ETF,2026-01-14
BUFH,FT Vest Laddered Max Buffer ETF,2026-01-14
CIFU,T-REX 2X Long CIFR Daily Target ETF,2026-01-14
DDFJ,Innovator Equity Dual Directional 15 Buffer ETF - January,2026-01-14
DDTJ,Innovator Equity Dual Directional 10 Buffer ETF - January,2026-01-14
IREX,Tradr 2X Long IREN Daily ETF,2026-01-14
JANB,Aptus January Buffer ETF,2026-01-14
LJAN,Innovator Premium Income 15 Buffer ETF - January,2026-01-14
NVDQ,T-Rex 2X Inverse NVIDIA Daily Target ETF,2026-01-14
SMU,Tradr 2X Long SMR Daily ETF,2026-01-14
TSLT,T-Rex 2X Long Tesla Daily Target ETF,2026-01-14
XRPK,T-REX 2X Long XRP Daily Target ETF,2026-01-14
ZJAN,Innovator Equity Defined Protection ETF - 1 Yr January,2026-01-14
BTCZ,T-Rex 2X Inverse Bitcoin Daily Target ETF,2026-01-15
BUFH,FT Vest Laddered Max Buffer ETF,2026-01-15
CIFU,T-REX 2X Long CIFR Daily Target ETF,2026-01-15
DDFJ,Innovator Equity Dual Directional 15 Buffer ETF - January,2026-01-15
DDTJ,Innovator Equity Dual Directional 10 Buffer ETF - January,2026-01-15
IREX,Tradr 2X Long IREN Daily ETF,2026-01-15
JANB,Aptus January Buffer ETF,2026-01-15
LJAN,Innovator Premium Income 15 Buffer ETF - January,2026-01-15
NVDQ,T-Rex 2X Inverse NVIDIA Daily Target ETF,2026-01-15
SMU,Tradr 2X Long SMR Daily ETF,2026-01-15
TSLT,T-Rex 2X Long Tesla Daily Target ETF,2026-01-15
XRPK,T-REX 2X Long XRP Daily Target ETF,2026-01-15
ZJAN,Innovator Equity Defined Protection ETF - 1 Yr January,2026-01-15
BTCZ,T-Rex 2X Inverse Bitcoin Daily Target ETF,2026-01-16
BUFH,FT Vest Laddered Max Buffer ETF,2026-01-16
CIFU,T-REX 2X Long CIFR Daily Target ETF,2026-01-16
DDFJ,Innovator Equity Dual Directional 15 Buffer ETF - January,2026-01-16
DDTJ,Innovator Equity Dual Directional 10 Buffer ETF - January,2026-01-16
IREX,Tradr 2X Long IREN Daily ETF,2026-01-16
JANB,Aptus January Buffer ETF,2026-01-16
LJAN,Innovator Premium Income 15 Buffer ETF - January,2026-01-16
NVDQ,T-Rex 2X Inverse NVIDIA Daily Target ETF,2026-01-16
SMU,Tradr 2X Long SMR Daily ETF,2026-01-16
TSLT,T-Rex 2X Long Tesla Daily Target ETF,2026-01-16
XRPK,T-REX 2X Long XRP Daily Target ETF,2026-01-16
ZJAN,Innovator Equity Defined Protection ETF - 1 Yr January,2026-01-16
BITX,2x Bitcoin Strategy ETF,2026-01-21
BTCZ,T-Rex 2X Inverse Bitcoin Daily Target ETF,2026-01-21
BUFH,FT Vest Laddered Max Buffer ETF,2026-01-21
CIFU,T-REX 2X Long CIFR Daily Target ETF,2026-01-21
CRMX,Tradr 2X Long CRML Daily ETF,2026-01-21
DDFJ,Innovator Equity Dual Directional 15 Buffer ETF - January,2026-01-21
DDTJ,Innovator Equity Dual Directional 10 Buffer ETF - January,2026-01-21
IREX,Tradr 2X Long IREN Daily ETF,2026-01-21
LJAN,Innovator Premium Income 15 Buffer ETF - January,2026-01-21
NVDQ,T-Rex 2X Inverse NVIDIA Daily Target ETF,2026-01-21
SMU,Tradr 2X Long SMR Daily ETF,2026-01-21
XRPK,T-REX 2X Long XRP Daily Target ETF,2026-01-21
ZJAN,Innovator Equity Defined Protection ETF - 1 Yr January,2026-01-21
ARWG,Archer Growth ETF,2026-01-22
BITX,2x Bitcoin Strategy ETF,2026-01-22
BTCZ,T-Rex 2X Inverse Bitcoin Daily Target ETF,2026-01-22
BUFH,FT Vest Laddered Max Buffer ETF,2026-01-22
CIFU,T-REX 2X Long CIFR Daily Target ETF,2026-01-22
CRMX,Tradr 2X Long CRML Daily ETF,2026-01-22
DDFJ,Innovator Equity Dual Directional 15 Buffer ETF - January,2026-01-22
DDTJ,Innovator Equity Dual Directional 10 Buffer ETF - January,2026-01-22
IREX,Tradr 2X Long IREN Daily ETF,2026-01-22
LJAN,Innovator Premium Income 15 Buffer ETF - January,2026-01-22
NVDQ,T-Rex 2X Inverse NVIDIA Daily Target ETF,2026-01-22
SMU,Tradr 2X Long SMR Daily ETF,2026-01-22
ZJAN,Innovator Equity Defined Protection ETF - 1 Yr January,2026-01-22
ARWG,Archer Growth ETF,2026-01-23
BITX,2x Bitcoin Strategy ETF,2026-01-23
BTCZ,T-Rex 2X Inverse Bitcoin Daily Target ETF,2026-01-23
CIFU,T-REX 2X Long CIFR Daily Target ETF,2026-01-23
CRMX,Tradr 2X Long CRML Daily ETF,2026-01-23
DDFJ,Innovator Equity Dual Directional 15 Buffer ETF - January,2026-01-23
DDTJ,Innovator Equity Dual Directional 10 Buffer ETF - January,2026-01-23
IREX,Tradr 2X Long IREN Daily ETF,2026-01-23
MSTU,T-Rex 2X Long MSTR Daily Target ETF,2026-01-23
NVDQ,T-Rex 2X Inverse NVIDIA Daily Target ETF,2026-01-23
SMU,Tradr 2X Long SMR Daily ETF,2026-01-23
ARWG,Archer Growth ETF,2026-01-26
ASTX,Tradr 2X Long ASTS Daily ETF,2026-01-26
BITX,2x Bitcoin Strategy ETF,2026-01-26
BTCZ,T-Rex 2X Inverse Bitcoin Daily Target ETF,2026-01-26
CIFU,T-REX 2X Long CIFR Daily Target ETF,2026-01-26
CRMX,Tradr 2X Long CRML Daily ETF,2026-01-26
DDFJ,Innovator Equity Dual Directional 15 Buffer ETF - January,2026-01-26
DDTJ,Innovator Equity Dual Directional 10 Buffer ETF - January,2026-01-26
IREX,Tradr 2X Long IREN Daily ETF,2026-01-26
LUNL,Defiance Daily Target 2X Long LUNR ETF,2026-01-26
MSTU,T-Rex 2X Long MSTR Daily Target ETF,2026-01-26
NVDQ,T-Rex 2X Inverse NVIDIA Daily Target ETF,2026-01-26
NVDX,T-Rex 2X Long NVIDIA Daily Target ETF,2026-01-26
SMU,Tradr 2X Long SMR Daily ETF,2026-01-26
ARWG,Archer Growth ETF,2026-01-27
ASTX,Tradr 2X Long ASTS Daily ETF,2026-01-27
BITX,2x Bitcoin Strategy ETF,2026-01-27
BTCZ,T-Rex 2X Inverse Bitcoin Daily Target ETF,2026-01-27
CIFU,T-REX 2X Long CIFR Daily Target ETF,2026-01-27
CRMX,Tradr 2X Long CRML Daily ETF,2026-01-27
DDFJ,Innovator Equity Dual Directional 15 Buffer ETF - January,2026-01-27
DDTJ,Innovator Equity Dual Directional 10 Buffer ETF - January,2026-01-27
IREX,Tradr 2X Long IREN Daily ETF,2026-01-27
LUNL,Defiance Daily Target 2X Long LUNR ETF,2026-01-27
MSTU,T-Rex 2X Long MSTR Daily Target ETF,2026-01-27
NVDQ,T-Rex 2X Inverse NVIDIA Daily Target ETF,2026-01-27
NVDX,T-Rex 2X Long NVIDIA Daily Target ETF,2026-01-27
PIT,VanEck Commodity Strategy ETF,2026-01-27
RGTU,Tradr 2X Long RGTI Daily ETF,2026-01-27
SMU,Tradr 2X Long SMR Daily ETF,2026-01-27
ARWG,Archer Growth ETF,2026-01-28
ASTX,Tradr 2X Long ASTS Daily ETF,2026-01-28
BITX,2x Bitcoin Strategy ETF,2026-01-28
BTCZ,T-Rex 2X Inverse Bitcoin Daily Target ETF,2026-01-28
CIFU,T-REX 2X Long CIFR Daily Target ETF,2026-01-28
CRDU,Tradr 2X Long CRDO Daily ETF,2026-01-28
CRMX,Tradr 2X Long CRML Daily ETF,2026-01-28
DDFJ,Innovator Equity Dual Directional 15 Buffer ETF - January,2026-01-28
DDTJ,Innovator Equity Dual Directional 10 Buffer ETF - January,2026-01-28
IREX,Tradr 2X Long IREN Daily ETF,2026-01-28
LUNL,Defiance Daily Target 2X Long LUNR ETF,2026-01-28
MSTU,T-Rex 2X Long MSTR Daily Target ETF,2026-01-28
NVDQ,T-Rex 2X Inverse NVIDIA Daily Target ETF,2026-01-28
NVDX,T-Rex 2X Long NVIDIA Daily Target ETF,2026-01-28
PIT,VanEck Commodity Strategy ETF,2026-01-28
RGTU,Tradr 2X Long RGTI Daily ETF,2026-01-28
SMU,Tradr 2X Long SMR Daily ETF,2026-01-28
APLZ,Tradr 2X Short APLD Daily ETF,2026-01-29
ARWG,Archer Growth ETF,2026-01-29
ASTX,Tradr 2X Long ASTS Daily ETF,2026-01-29
BTCZ,T-Rex 2X Inverse Bitcoin Daily Target ETF,2026-01-29
CIFU,T-REX 2X Long CIFR Daily Target ETF,2026-01-29
CRDU,Tradr 2X Long CRDO Daily ETF,2026-01-29
CRMX,Tradr 2X Long CRML Daily ETF,2026-01-29
DDFJ,Innovator Equity Dual Directional 15 Buffer ETF - January,2026-01-29
DDTJ,Innovator Equity Dual Directional 10 Buffer ETF - January,2026-01-29
IREX,Tradr 2X Long IREN Daily ETF,2026-01-29
LUNL,Defiance Daily Target 2X Long LUNR ETF,2026-01-29
MSTU,T-Rex 2X Long MSTR Daily Target ETF,2026-01-29
NVDQ,T-Rex 2X Inverse NVIDIA Daily Target ETF,2026-01-29
NVDX,T-Rex 2X Long NVIDIA Daily Target ETF,2026-01-29
PIT,VanEck Commodity Strategy ETF,2026-01-29
RGTU,Tradr 2X Long RGTI Daily ETF,2026-01-29
SMU,Tradr 2X Long SMR Daily ETF,2026-01-29
APLZ,Tradr 2X Short APLD Daily ETF,2026-01-30
ARWG,Archer Growth ETF,2026-01-30
ASTX,Tradr 2X Long ASTS Daily ETF,2026-01-30
CIFU,T-REX 2X Long CIFR Daily Target ETF,2026-01-30
CRDU,Tradr 2X Long CRDO Daily ETF,2026-01-30
CRMX,Tradr 2X Long CRML Daily ETF,2026-01-30
DDTJ,Innovator Equity Dual Directional 10 Buffer ETF - January,2026-01-30
IREX,Tradr 2X Long IREN Daily ETF,2026-01-30
IREZ,Tradr 2X Short IREN Daily ETF,2026-01-30
LUNL,Defiance Daily Target 2X Long LUNR ETF,2026-01-30
MSTU,T-Rex 2X Long MSTR Daily Target ETF,2026-01-30
NVDQ,T-Rex 2X Inverse NVIDIA Daily Target ETF,2026-01-30
NVDX,T-Rex 2X Long NVIDIA Daily Target ETF,2026-01-30
PIT,VanEck Commodity Strategy ETF,2026-01-30
RGTU,Tradr 2X Long RGTI Daily ETF,2026-01-30
SMU,Tradr 2X Long SMR Daily ETF,2026-01-30
APLZ,Tradr 2X Short APLD Daily ETF,2026-02-02
ARWG,Archer Growth ETF,2026-02-02
ASTX,Tradr 2X Long ASTS Daily ETF,2026-02-02
CIFU,T-REX 2X Long CIFR Daily Target ETF,2026-02-02
CRDU,Tradr 2X Long CRDO Daily ETF,2026-02-02
CRMX,Tradr 2X Long CRML Daily ETF,2026-02-02
DDTJ,Innovator Equity Dual Directional 10 Buffer ETF - January,2026-02-02
IREX,Tradr 2X Long IREN Daily ETF,2026-02-02
IREZ,Tradr 2X Short IREN Daily ETF,2026-02-02
JOBX,Tradr 2X Long JOBY Daily ETF,2026-02-02
LUNL,Defiance Daily Target 2X Long LUNR ETF,2026-02-02
MSTU,T-Rex 2X Long MSTR Daily Target ETF,2026-02-02
NVDQ,T-Rex 2X Inverse NVIDIA Daily Target ETF,2026-02-02
NVDX,T-Rex 2X Long NVIDIA Daily Target ETF,2026-02-02
PIT,VanEck Commodity Strategy ETF,2026-02-02
RGTU,Tradr 2X Long RGTI Daily ETF,2026-02-02
SMU,Tradr 2X Long SMR Daily ETF,2026-02-02
APLZ,Tradr 2X Short APLD Daily ETF,2026-02-03
ARWG,Archer Growth ETF,2026-02-03
ASTX,Tradr 2X Long ASTS Daily ETF,2026-02-03
CIFU,T-REX 2X Long CIFR Daily Target ETF,2026-02-03
CRDU,Tradr 2X Long CRDO Daily ETF,2026-02-03
CRMX,Tradr 2X Long CRML Daily ETF,2026-02-03
DDTJ,Innovator Equity Dual Directional 10 Buffer ETF - January,2026-02-03
IREX,Tradr 2X Long IREN Daily ETF,2026-02-03
IREZ,Tradr 2X Short IREN Daily ETF,2026-02-03
JANB,Aptus January Buffer ETF,2026-02-03
JOBX,Tradr 2X Long JOBY Daily ETF,2026-02-03
LUNL,Defiance Daily Target 2X Long LUNR ETF,2026-02-03
MSTU,T-Rex 2X Long MSTR Daily Target ETF,2026-02-03
NVDQ,T-Rex 2X Inverse NVIDIA Daily Target ETF,2026-02-03
NVDX,T-Rex 2X Long NVIDIA Daily Target ETF,2026-02-03
ONDU,Tradr 2X Long ONDS Daily ETF,2026-02-03
PIT,VanEck Commodity Strategy ETF,2026-02-03
RGTU,Tradr 2X Long RGTI Daily ETF,2026-02-03
SMU,Tradr 2X Long SMR Daily ETF,2026-02-03
SNXX,Tradr 2X Long SNDK Daily ETF,2026-02-03
APLZ,Tradr 2X Short APLD Daily ETF,2026-02-04
ARWG,Archer Growth ETF,2026-02-04
ASTX,Tradr 2X Long ASTS Daily ETF,2026-02-04
CIFU,T-REX 2X Long CIFR Daily Target ETF,2026-02-04
CRDU,Tradr 2X Long CRDO Daily ETF,2026-02-04
CRMX,Tradr 2X Long CRML Daily ETF,2026-02-04
DDTJ,Innovator Equity Dual Directional 10 Buffer ETF - January,2026-02-04
IREX,Tradr 2X Long IREN Daily ETF,2026-02-04
IREZ,Tradr 2X Short IREN Daily ETF,2026-02-04
JANB,Aptus January Buffer ETF,2026-02-04
JOBX,Tradr 2X Long JOBY Daily ETF,2026-02-04
LUNL,Defiance Daily Target 2X Long LUNR ETF,2026-02-04
MSTU,T-Rex 2X Long MSTR Daily Target ETF,2026-02-04
NVDQ,T-Rex 2X Inverse NVIDIA Daily Target ETF,2026-02-04
ONDU,Tradr 2X Long ONDS Daily ETF,2026-02-04
PIT,VanEck Commodity Strategy ETF,2026-02-04
RGTU,Tradr 2X Long RGTI Daily ETF,2026-02-04
SMU,Tradr 2X Long SMR Daily ETF,2026-02-04
SNXX,Tradr 2X Long SNDK Daily ETF,2026-02-04
APLZ,Tradr 2X Short APLD Daily ETF,2026-02-05
ARWG,Archer Growth ETF,2026-02-05
ASTX,Tradr 2X Long ASTS Daily ETF,2026-02-05
CIFU,T-REX 2X Long CIFR Daily Target ETF,2026-02-05
CRDU,Tradr 2X Long CRDO Daily ETF,2026-02-05
CRMX,Tradr 2X Long CRML Daily ETF,2026-02-05
DDTJ,Innovator Equity Dual Directional 10 Buffer ETF - January,2026-02-05
IREX,Tradr 2X Long IREN Daily ETF,2026-02-05
IREZ,Tradr 2X Short IREN Daily ETF,2026-02-05
JANB,Aptus January Buffer ETF,2026-02-05
JOBX,Tradr 2X Long JOBY Daily ETF,2026-02-05
LUNL,Defiance Daily Target 2X Long LUNR ETF,2026-02-05
MSTU,T-Rex 2X Long MSTR Daily Target ETF,2026-02-05
NVDQ,T-Rex 2X Inverse NVIDIA Daily Target ETF,2026-02-05
ONDU,Tradr 2X Long ONDS Daily ETF,2026-02-05
PIT,VanEck Commodity Strategy ETF,2026-02-05
RGTU,Tradr 2X Long RGTI Daily ETF,2026-02-05
SMU,Tradr 2X Long SMR Daily ETF,2026-02-05
SNXX,Tradr 2X Long SNDK Daily ETF,2026-02-05
APLZ,Tradr 2X Short APLD Daily ETF,2026-02-06
ARWG,Archer Growth ETF,2026-02-06
ASTX,Tradr 2X Long ASTS Daily ETF,2026-02-06
CIFU,T-REX 2X Long CIFR Daily Target ETF,2026-02-06
CRDU,Tradr 2X Long CRDO Daily ETF,2026-02-06
CRMX,Tradr 2X Long CRML Daily ETF,2026-02-06
DDTJ,Innovator Equity Dual Directional 10 Buffer ETF - January,2026-02-06
IREX,Tradr 2X Long IREN Daily ETF,2026-02-06
IREZ,Tradr 2X Short IREN Daily ETF,2026-02-06
JANB,Aptus January Buffer ETF,2026-02-06
JOBX,Tradr 2X Long JOBY Daily ETF,2026-02-06
LUNL,Defiance Daily Target 2X Long LUNR ETF,2026-02-06
MSTU,T-Rex 2X Long MSTR Daily Target ETF,2026-02-06
NVDQ,T-Rex 2X Inverse NVIDIA Daily Target ETF,2026-02-06
ONDU,Tradr 2X Long ONDS Daily ETF,2026-02-06
PBFB,PGIM S&P 500 Buffer 20 ETF - February,2026-02-06
PIT,VanEck Commodity Strategy ETF,2026-02-06
QBTX,Tradr 2X Long QBTS Daily ETF,2026-02-06
RGTU,Tradr 2X Long RGTI Daily ETF,2026-02-06
SMU,Tradr 2X Long SMR Daily ETF,2026-02-06
SNXX,Tradr 2X Long SNDK Daily ETF,2026-02-06
APLZ,Tradr 2X Short APLD Daily ETF,2026-02-09
ARWG,Archer Growth ETF,2026-02-09
ASTX,Tradr 2X Long ASTS Daily ETF,2026-02-09
CIFU,T-REX 2X Long CIFR Daily Target ETF,2026-02-09
CRDU,Tradr 2X Long CRDO Daily ETF,2026-02-09
CRMX,Tradr 2X Long CRML Daily ETF,2026-02-09
DDFF,Innovator Equity Dual Directional 15 Buffer ETF - February,2026-02-09
ETU,T-Rex 2X Long Ether Daily Target ETF,2026-02-09
IREX,Tradr 2X Long IREN Daily ETF,2026-02-09
IREZ,Tradr 2X Short IREN Daily ETF,2026-02-09
JANB,Aptus January Buffer ETF,2026-02-09
JOBX,Tradr 2X Long JOBY Daily ETF,2026-02-09
LUNL,Defiance Daily Target 2X Long LUNR ETF,2026-02-09
MSTU,T-Rex 2X Long MSTR Daily Target ETF,2026-02-09
NVDQ,T-Rex 2X Inverse NVIDIA Daily Target ETF,2026-02-09
ONDU,Tradr 2X Long ONDS Daily ETF,2026-02-09
PBFB,PGIM S&P 500 Buffer 20 ETF - February,2026-02-09
QBTX,Tradr 2X Long QBTS Daily ETF,2026-02-09
RGTU,Tradr 2X Long RGTI Daily ETF,2026-02-09
SMU,Tradr 2X Long SMR Daily ETF,2026-02-09
SNXX,Tradr 2X Long SNDK Daily ETF,2026-02-09
APLZ,Tradr 2X Short APLD Daily ETF,2026-02-10
ARWG,Archer Growth ETF,2026-02-10
ASTX,Tradr 2X Long ASTS Daily ETF,2026-02-10
CIFU,T-REX 2X Long CIFR Daily Target ETF,2026-02-10
CRDU,Tradr 2X Long CRDO Daily ETF,2026-02-10
CRMX,Tradr 2X Long CRML Daily ETF,2026-02-10
DDFF,Innovator Equity Dual Directional 15 Buffer ETF - February,2026-02-10
ETU,T-Rex 2X Long Ether Daily Target ETF,2026-02-10
IREX,Tradr 2X Long IREN Daily ETF,2026-02-10
IREZ,Tradr 2X Short IREN Daily ETF,2026-02-10
IYZ,iShares U.S. Telecommunications ETF,2026-02-10
JANB,Aptus January Buffer ETF,2026-02-10
JOBX,Tradr 2X Long JOBY Daily ETF,2026-02-10
LUNL,Defiance Daily Target 2X Long LUNR ETF,2026-02-10
MSTU,T-Rex 2X Long MSTR Daily Target ETF,2026-02-10
NVDQ,T-Rex 2X Inverse NVIDIA Daily Target ETF,2026-02-10
ONDU,Tradr 2X Long ONDS Daily ETF,2026-02-10
PBFB,PGIM S&P 500 Buffer 20 ETF - February,2026-02-10
PXIU,T-REX 2X Long UPXI Daily Target ETF,2026-02-10
QBTX,Tradr 2X Long QBTS Daily ETF,2026-02-10
RGTU,Tradr 2X Long RGTI Daily ETF,2026-02-10
SMU,Tradr 2X Long SMR Daily ETF,2026-02-10
SNXX,Tradr 2X Long SNDK Daily ETF,2026-02-10
APLZ,Tradr 2X Short APLD Daily ETF,2026-02-11
ARWG,Archer Growth ETF,2026-02-11
ASTX,Tradr 2X Long ASTS Daily ETF,2026-02-11
CIFU,T-REX 2X Long CIFR Daily Target ETF,2026-02-11
CRDU,Tradr 2X Long CRDO Daily ETF,2026-02-11
CRMX,Tradr 2X Long CRML Daily ETF,2026-02-11
DDFF,Innovator Equity Dual Directional 15 Buffer ETF - February,2026-02-11
ETU,T-Rex 2X Long Ether Daily Target ETF,2026-02-11
IREX,Tradr 2X Long IREN Daily ETF,2026-02-11
IREZ,Tradr 2X Short IREN Daily ETF,2026-02-11
IYZ,iShares U.S. Telecommunications ETF,2026-02-11
JANB,Aptus January Buffer ETF,2026-02-11
JOBX,Tradr 2X Long JOBY Daily ETF,2026-02-11
LUNL,Defiance Daily Target 2X Long LUNR ETF,2026-02-11
MSTU,T-Rex 2X Long MSTR Daily Target ETF,2026-02-11
NVDQ,T-Rex 2X Inverse NVIDIA Daily Target ETF,2026-02-11
ONDU,Tradr 2X Long ONDS Daily ETF,2026-02-11
PBFB,PGIM S&P 500 Buffer 20 ETF - February,2026-02-11
PXIU,T-REX 2X Long UPXI Daily Target ETF,2026-02-11
QBTX,Tradr 2X Long QBTS Daily ETF,2026-02-11
RGTU,Tradr 2X Long RGTI Daily ETF,2026-02-11
SMU,Tradr 2X Long SMR Daily ETF,2026-02-11
SNXX,Tradr 2X Long SNDK Daily ETF,2026-02-11
APLZ,Tradr 2X Short APLD Daily ETF,2026-02-12
ARWG,Archer Growth ETF,2026-02-12
ASTX,Tradr 2X Long ASTS Daily ETF,2026-02-12
CIFU,T-REX 2X Long CIFR Daily Target ETF,2026-02-12
CRDU,Tradr 2X Long CRDO Daily ETF,2026-02-12
CRMX,Tradr 2X Long CRML Daily ETF,2026-02-12
DDFF,Innovator Equity Dual Directional 15 Buffer ETF - February,2026-02-12
ETU,T-Rex 2X Long Ether Daily Target ETF,2026-02-12
IREX,Tradr 2X Long IREN Daily ETF,2026-02-12
IREZ,Tradr 2X Short IREN Daily ETF,2026-02-12
IYZ,iShares U.S. Telecommunications ETF,2026-02-12
JANB,Aptus January Buffer ETF,2026-02-12
JOBX,Tradr 2X Long JOBY Daily ETF,2026-02-12
LUNL,Defiance Daily Target 2X Long LUNR ETF,2026-02-12
MSTU,T-Rex 2X Long MSTR Daily Target ETF,2026-02-12
NBIZ,Tradr 2X Short NBIS Daily ETF,2026-02-12
NVDQ,T-Rex 2X Inverse NVIDIA Daily Target ETF,2026-02-12
ONDU,Tradr 2X Long ONDS Daily ETF,2026-02-12
PBFB,PGIM S&P 500 Buffer 20 ETF - February,2026-02-12
PXIU,T-REX 2X Long UPXI Daily Target ETF,2026-02-12
QBTX,Tradr 2X Long QBTS Daily ETF,2026-02-12
RGTU,Tradr 2X Long RGTI Daily ETF,2026-02-12
SMU,Tradr 2X Long SMR Daily ETF,2026-02-12
SNXX,Tradr 2X Long SNDK Daily ETF,2026-02-12
APLZ,Tradr 2X Short APLD Daily ETF,2026-02-13
ARWG,Archer Growth ETF,2026-02-13
ASTX,Tradr 2X Long ASTS Daily ETF,2026-02-13
CIFU,T-REX 2X Long CIFR Daily Target ETF,2026-02-13
CRDU,Tradr 2X Long CRDO Daily ETF,2026-02-13
CRMX,Tradr 2X Long CRML Daily ETF,2026-02-13
DDFF,Innovator Equity Dual Directional 15 Buffer ETF - February,2026-02-13
ETU,T-Rex 2X Long Ether Daily Target ETF,2026-02-13
IREX,Tradr 2X Long IREN Daily ETF,2026-02-13
IREZ,Tradr 2X Short IREN Daily ETF,2026-02-13
IYZ,iShares U.S. Telecommunications ETF,2026-02-13
JANB,Aptus January Buffer ETF,2026-02-13
JOBX,Tradr 2X Long JOBY Daily ETF,2026-02-13
LUNL,Defiance Daily Target 2X Long LUNR ETF,2026-02-13
MSTU,T-Rex 2X Long MSTR Daily Target ETF,2026-02-13
NBIZ,Tradr 2X Short NBIS Daily ETF,2026-02-13
NVDQ,T-Rex 2X Inverse NVIDIA Daily Target ETF,2026-02-13
ONDU,Tradr 2X Long ONDS Daily ETF,2026-02-13
PBFB,PGIM S&P 500 Buffer 20 ETF - February,2026-02-13
PXIU,T-REX 2X Long UPXI Daily Target ETF,2026-02-13
QBTX,Tradr 2X Long QBTS Daily ETF,2026-02-13
RGTU,Tradr 2X Long RGTI Daily ETF,2026-02-13
SMU,Tradr 2X Long SMR Daily ETF,2026-02-13
SNXX,Tradr 2X Long SNDK Daily ETF,2026-02-13
APLZ,Tradr 2X Short APLD Daily ETF,2026-02-17
ARWG,Archer Growth ETF,2026-02-17
ASTX,Tradr 2X Long ASTS Daily ETF,2026-02-17
CIFU,T-REX 2X Long CIFR Daily Target ETF,2026-02-17
CRMX,Tradr 2X Long CRML Daily ETF,2026-02-17
DDFF,Innovator Equity Dual Directional 15 Buffer ETF - February,2026-02-17
ETU,T-Rex 2X Long Ether Daily Target ETF,2026-02-17
IREX,Tradr 2X Long IREN Daily ETF,2026-02-17
IREZ,Tradr 2X Short IREN Daily ETF,2026-02-17
IYZ,iShares U.S. Telecommunications ETF,2026-02-17
JANB,Aptus January Buffer ETF,2026-02-17
JOBX,Tradr 2X Long JOBY Daily ETF,2026-02-17
LUNL,Defiance Daily Target 2X Long LUNR ETF,2026-02-17
MSTU,T-Rex 2X Long MSTR Daily Target ETF,2026-02-17
NBIZ,Tradr 2X Short NBIS Daily ETF,2026-02-17
NVDQ,T-Rex 2X Inverse NVIDIA Daily Target ETF,2026-02-17
ONDU,Tradr 2X Long ONDS Daily ETF,2026-02-17
PXIU,T-REX 2X Long UPXI Daily Target ETF,2026-02-17
QBTX,Tradr 2X Long QBTS Daily ETF,2026-02-17
RGTU,Tradr 2X Long RGTI Daily ETF,2026-02-17
SMU,Tradr 2X Long SMR Daily ETF,2026-02-17
SNXX,Tradr 2X Long SNDK Daily ETF,2026-02-17
APLZ,Tradr 2X Short APLD Daily ETF,2026-02-19
ARWG,Archer Growth ETF,2026-02-19
ASTX,Tradr 2X Long ASTS Daily ETF,2026-02-19
DDFF,Innovator Equity Dual Directional 15 Buffer ETF - February,2026-02-19
ETU,T-Rex 2X Long Ether Daily Target ETF,2026-02-19
IREX,Tradr 2X Long IREN Daily ETF,2026-02-19
IYZ,iShares U.S. Telecommunications ETF,2026-02-19
JANB,Aptus January Buffer ETF,2026-02-19
JOBX,Tradr 2X Long JOBY Daily ETF,2026-02-19
LUNL,Defiance Daily Target 2X Long LUNR ETF,2026-02-19
MSTU,T-Rex 2X Long MSTR Daily Target ETF,2026-02-19
NBIZ,Tradr 2X Short NBIS Daily ETF,2026-02-19
NVDQ,T-Rex 2X Inverse NVIDIA Daily Target ETF,2026-02-19
ONDU,Tradr 2X Long ONDS Daily ETF,2026-02-19
PXIU,T-REX 2X Long UPXI Daily Target ETF,2026-02-19
QBTX,Tradr 2X Long QBTS Daily ETF,2026-02-19
RGTU,Tradr 2X Long RGTI Daily ETF,2026-02-19
SMU,Tradr 2X Long SMR Daily ETF,2026-02-19
SNXX,Tradr 2X Long SNDK Daily ETF,2026-02-19
APLZ,Tradr 2X Short APLD Daily ETF,2026-02-18
ARWG,Archer Growth ETF,2026-02-18
ASTX,Tradr 2X Long ASTS Daily ETF,2026-02-18
CIFU,T-REX 2X Long CIFR Daily Target ETF,2026-02-18
DDFF,Innovator Equity Dual Directional 15 Buffer ETF - February,2026-02-18
ETU,T-Rex 2X Long Ether Daily Target ETF,2026-02-18
IREX,Tradr 2X Long IREN Daily ETF,2026-02-18
IYZ,iShares U.S. Telecommunications ETF,2026-02-18
JANB,Aptus January Buffer ETF,2026-02-18
JOBX,Tradr 2X Long JOBY Daily ETF,2026-02-18
LUNL,Defiance Daily Target 2X Long LUNR ETF,2026-02-18
MSTU,T-Rex 2X Long MSTR Daily Target ETF,2026-02-18
NBIZ,Tradr 2X Short NBIS Daily ETF,2026-02-18
NVDQ,T-Rex 2X Inverse NVIDIA Daily Target ETF,2026-02-18
ONDU,Tradr 2X Long ONDS Daily ETF,2026-02-18
PXIU,T-REX 2X Long UPXI Daily Target ETF,2026-02-18
QBTX,Tradr 2X Long QBTS Daily ETF,2026-02-18
RGTU,Tradr 2X Long RGTI Daily ETF,2026-02-18
SMU,Tradr 2X Long SMR Daily ETF,2026-02-18
SNXX,Tradr 2X Long SNDK Daily ETF,2026-02-18
APLZ,Tradr 2X Short APLD Daily ETF,2026-02-20
ARWG,Archer Growth ETF,2026-02-20
ASTX,Tradr 2X Long ASTS Daily ETF,2026-02-20
DDFF,Innovator Equity Dual Directional 15 Buffer ETF - February,2026-02-20
ETU,T-Rex 2X Long Ether Daily Target ETF,2026-02-20
IREX,Tradr 2X Long IREN Daily ETF,2026-02-20
IYZ,iShares U.S. Telecommunications ETF,2026-02-20
JANB,Aptus January Buffer ETF,2026-02-20
JOBX,Tradr 2X Long JOBY Daily ETF,2026-02-20
LUNL,Defiance Daily Target 2X Long LUNR ETF,2026-02-20
MSTU,T-Rex 2X Long MSTR Daily Target ETF,2026-02-20
NBIZ,Tradr 2X Short NBIS Daily ETF,2026-02-20
ONDU,Tradr 2X Long ONDS Daily ETF,2026-02-20
PXIU,T-REX 2X Long UPXI Daily Target ETF,2026-02-20
QBTX,Tradr 2X Long QBTS Daily ETF,2026-02-20
RGTU,Tradr 2X Long RGTI Daily ETF,2026-02-20
SMU,Tradr 2X Long SMR Daily ETF,2026-02-20
SNXX,Tradr 2X Long SNDK Daily ETF,2026-02-20
APLZ,Tradr 2X Short APLD Daily ETF,2026-02-23
ARWG,Archer Growth ETF,2026-02-23
ASTX,Tradr 2X Long ASTS Daily ETF,2026-02-23
DDFF,Innovator Equity Dual Directional 15 Buffer ETF - February,2026-02-23
ETU,T-Rex 2X Long Ether Daily Target ETF,2026-02-23
IREX,Tradr 2X Long IREN Daily ETF,2026-02-23
IYZ,iShares U.S. Telecommunications ETF,2026-02-23
JANB,Aptus January Buffer ETF,2026-02-23
JOBX,Tradr 2X Long JOBY Daily ETF,2026-02-23
LUNL,Defiance Daily Target 2X Long LUNR ETF,2026-02-23
MSTU,T-Rex 2X Long MSTR Daily Target ETF,2026-02-23
NBIZ,Tradr 2X Short NBIS Daily ETF,2026-02-23
ONDU,Tradr 2X Long ONDS Daily ETF,2026-02-23
PXIU,T-REX 2X Long UPXI Daily Target ETF,2026-02-23
QBTX,Tradr 2X Long QBTS Daily ETF,2026-02-23
RGTU,Tradr 2X Long RGTI Daily ETF,2026-02-23
SMU,Tradr 2X Long SMR Daily ETF,2026-02-23
SNXX,Tradr 2X Long SNDK Daily ETF,2026-02-23
APLZ,Tradr 2X Short APLD Daily ETF,2026-02-24
ARWG,Archer Growth ETF,2026-02-24
ASTX,Tradr 2X Long ASTS Daily ETF,2026-02-24
DDFF,Innovator Equity Dual Directional 15 Buffer ETF - February,2026-02-24
DDTF,Innovator Equity Dual Directional 10 Buffer ETF - February,2026-02-24
ETU,T-Rex 2X Long Ether Daily Target ETF,2026-02-24
IREX,Tradr 2X Long IREN Daily ETF,2026-02-24
IYZ,iShares U.S. Telecommunications ETF,2026-02-24
JANB,Aptus January Buffer ETF,2026-02-24
JOBX,Tradr 2X Long JOBY Daily ETF,2026-02-24
LUNL,Defiance Daily Target 2X Long LUNR ETF,2026-02-24
MSTU,T-Rex 2X Long MSTR Daily Target ETF,2026-02-24
NBIZ,Tradr 2X Short NBIS Daily ETF,2026-02-24
ONDU,Tradr 2X Long ONDS Daily ETF,2026-02-24
PXIU,T-REX 2X Long UPXI Daily Target ETF,2026-02-24
QBTX,Tradr 2X Long QBTS Daily ETF,2026-02-24
RGTU,Tradr 2X Long RGTI Daily ETF,2026-02-24
SMU,Tradr 2X Long SMR Daily ETF,2026-02-24
SNXX,Tradr 2X Long SNDK Daily ETF,2026-02-24
APLZ,Tradr 2X Short APLD Daily ETF,2026-02-25
ARWG,Archer Growth ETF,2026-02-25
ASTX,Tradr 2X Long ASTS Daily ETF,2026-02-25
DDFF,Innovator Equity Dual Directional 15 Buffer ETF - February,2026-02-25
DDTF,Innovator Equity Dual Directional 10 Buffer ETF - February,2026-02-25
ETU,T-Rex 2X Long Ether Daily Target ETF,2026-02-25
IREX,Tradr 2X Long IREN Daily ETF,2026-02-25
JANB,Aptus January Buffer ETF,2026-02-25
JOBX,Tradr 2X Long JOBY Daily ETF,2026-02-25
LUNL,Defiance Daily Target 2X Long LUNR ETF,2026-02-25
MSTU,T-Rex 2X Long MSTR Daily Target ETF,2026-02-25
NBIZ,Tradr 2X Short NBIS Daily ETF,2026-02-25
ONDU,Tradr 2X Long ONDS Daily ETF,2026-02-25
PXIU,T-REX 2X Long UPXI Daily Target ETF,2026-02-25
QBTX,Tradr 2X Long QBTS Daily ETF,2026-02-25
RGTU,Tradr 2X Long RGTI Daily ETF,2026-02-25
SMU,Tradr 2X Long SMR Daily ETF,2026-02-25
SNXX,Tradr 2X Long SNDK Daily ETF,2026-02-25
APLZ,Tradr 2X Short APLD Daily ETF,2026-02-26
ARWG,Archer Growth ETF,2026-02-26
ASTX,Tradr 2X Long ASTS Daily ETF,2026-02-26
DDFF,Innovator Equity Dual Directional 15 Buffer ETF - February,2026-02-26
DDTF,Innovator Equity Dual Directional 10 Buffer ETF - February,2026-02-26
ETU,T-Rex 2X Long Ether Daily Target ETF,2026-02-26
IREX,Tradr 2X Long IREN Daily ETF,2026-02-26
JANB,Aptus January Buffer ETF,2026-02-26
JOBX,Tradr 2X Long JOBY Daily ETF,2026-02-26
LUNL,Defiance Daily Target 2X Long LUNR ETF,2026-02-26
MSTU,T-Rex 2X Long MSTR Daily Target ETF,2026-02-26
NBIZ,Tradr 2X Short NBIS Daily ETF,2026-02-26
ONDU,Tradr 2X Long ONDS Daily ETF,2026-02-26
PXIU,T-REX 2X Long UPXI Daily Target ETF,2026-02-26
QBTX,Tradr 2X Long QBTS Daily ETF,2026-02-26
RGTU,Tradr 2X Long RGTI Daily ETF,2026-02-26
SMU,Tradr 2X Long SMR Daily ETF,2026-02-26
SNXX,Tradr 2X Long SNDK Daily ETF,2026-02-26
APLZ,Tradr 2X Short APLD Daily ETF,2026-03-04
COHX,Tradr 2X Long COHR Daily ETF,2026-03-04
CRDU,Tradr 2X Long CRDO Daily ETF,2026-03-04
DDFF,Innovator Equity Dual Directional 15 Buffer ETF - February,2026-03-04
DDTF,Innovator Equity Dual Directional 10 Buffer ETF - February,2026-03-04
EOSU,T-REX 2X Long EOSE Daily Target ETF,2026-03-04
IREX,Tradr 2X Long IREN Daily ETF,2026-03-04
LUNL,Defiance Daily Target 2X Long LUNR ETF,2026-03-04
MSTU,T-Rex 2X Long MSTR Daily Target ETF,2026-03-04
NBIZ,Tradr 2X Short NBIS Daily ETF,2026-03-04
NMAR,Innovator Growth-100 Power Buffer ETF - March,2026-03-04
PXIU,T-REX 2X Long UPXI Daily Target ETF,2026-03-04
QVOY,Q3 All-Season Active Rotation ETF,2026-03-04
RGTU,Tradr 2X Long RGTI Daily ETF,2026-03-04
SNXX,Tradr 2X Long SNDK Daily ETF,2026-03-04
SVIX,-1x Short VIX Futures ETF,2026-03-04
TTDU,T-REX 2X Long TTD Daily Target ETF,2026-03-04
APLZ,Tradr 2X Short APLD Daily ETF,2026-03-05
COHX,Tradr 2X Long COHR Daily ETF,2026-03-05
CRDU,Tradr 2X Long CRDO Daily ETF,2026-03-05
DDFF,Innovator Equity Dual Directional 15 Buffer ETF - February,2026-03-05
DDTF,Innovator Equity Dual Directional 10 Buffer ETF - February,2026-03-05
EOSU,T-REX 2X Long EOSE Daily Target ETF,2026-03-05
IREX,Tradr 2X Long IREN Daily ETF,2026-03-05
LUNL,Defiance Daily Target 2X Long LUNR ETF,2026-03-05
NBIZ,Tradr 2X Short NBIS Daily ETF,2026-03-05
NMAR,Innovator Growth-100 Power Buffer ETF - March,2026-03-05
PXIU,T-REX 2X Long UPXI Daily Target ETF,2026-03-05
QVOY,Q3 All-Season Active Rotation ETF,2026-03-05
RGTU,Tradr 2X Long RGTI Daily ETF,2026-03-05
SNXX,Tradr 2X Long SNDK Daily ETF,2026-03-05
SVIX,-1x Short VIX Futures ETF,2026-03-05
TTDU,T-REX 2X Long TTD Daily Target ETF,2026-03-05
APLZ,Tradr 2X Short APLD Daily ETF,2026-03-06
COHX,Tradr 2X Long COHR Daily ETF,2026-03-06
CRDU,Tradr 2X Long CRDO Daily ETF,2026-03-06
DDFF,Innovator Equity Dual Directional 15 Buffer ETF - February,2026-03-06
EOSU,T-REX 2X Long EOSE Daily Target ETF,2026-03-06
IREX,Tradr 2X Long IREN Daily ETF,2026-03-06
JBBB,Janus Henderson B-BBB CLO ETF,2026-03-06
LUNL,Defiance Daily Target 2X Long LUNR ETF,2026-03-06
NMAR,Innovator Growth-100 Power Buffer ETF - March,2026-03-06
NVDQ,T-Rex 2X Inverse NVIDIA Daily Target ETF,2026-03-06
PBMR,PGIM S&P 500 Buffer 20 ETF - March,2026-03-06
PXIU,T-REX 2X Long UPXI Daily Target ETF,2026-03-06
QVOY,Q3 All-Season Active Rotation ETF,2026-03-06
RGTU,Tradr 2X Long RGTI Daily ETF,2026-03-06
SNXX,Tradr 2X Long SNDK Daily ETF,2026-03-06
SVIX,-1x Short VIX Futures ETF,2026-03-06
TTDU,T-REX 2X Long TTD Daily Target ETF,2026-03-06
APLZ,Tradr 2X Short APLD Daily ETF,2026-03-09
COHX,Tradr 2X Long COHR Daily ETF,2026-03-09
CRDU,Tradr 2X Long CRDO Daily ETF,2026-03-09
DDFF,Innovator Equity Dual Directional 15 Buffer ETF - February,2026-03-09
EOSU,T-REX 2X Long EOSE Daily Target ETF,2026-03-09
IREX,Tradr 2X Long IREN Daily ETF,2026-03-09
JBBB,Janus Henderson B-BBB CLO ETF,2026-03-09
LUNL,Defiance Daily Target 2X Long LUNR ETF,2026-03-09
NMAR,Innovator Growth-100 Power Buffer ETF - March,2026-03-09
NVDQ,T-Rex 2X Inverse NVIDIA Daily Target ETF,2026-03-09
PBMR,PGIM S&P 500 Buffer 20 ETF - March,2026-03-09
PXIU,T-REX 2X Long UPXI Daily Target ETF,2026-03-09
QVOY,Q3 All-Season Active Rotation ETF,2026-03-09
RGTU,Tradr 2X Long RGTI Daily ETF,2026-03-09
SNXX,Tradr 2X Long SNDK Daily ETF,2026-03-09
SVIX,-1x Short VIX Futures ETF,2026-03-09
TTDU,T-REX 2X Long TTD Daily Target ETF,2026-03-09
APLZ,Tradr 2X Short APLD Daily ETF,2026-03-10
COHX,Tradr 2X Long COHR Daily ETF,2026-03-10
CRDU,Tradr 2X Long CRDO Daily ETF,2026-03-10
DDFF,Innovator Equity Dual Directional 15 Buffer ETF - February,2026-03-10
DDFM,Innovator Equity Dual Directional 15 Buffer ETF - March,2026-03-10
EOSU,T-REX 2X Long EOSE Daily Target ETF,2026-03-10
IREX,Tradr 2X Long IREN Daily ETF,2026-03-10
JBBB,Janus Henderson B-BBB CLO ETF,2026-03-10
LUNL,Defiance Daily Target 2X Long LUNR ETF,2026-03-10
NMAR,Innovator Growth-100 Power Buffer ETF - March,2026-03-10
NVDQ,T-Rex 2X Inverse NVIDIA Daily Target ETF,2026-03-10
OILK,ProShares K-1 Free Crude Oil ETF,2026-03-10
PBMR,PGIM S&P 500 Buffer 20 ETF - March,2026-03-10
PXIU,T-REX 2X Long UPXI Daily Target ETF,2026-03-10
QVOY,Q3 All-Season Active Rotation ETF,2026-03-10
RGTU,Tradr 2X Long RGTI Daily ETF,2026-03-10
SNXX,Tradr 2X Long SNDK Daily ETF,2026-03-10
SVIX,-1x Short VIX Futures ETF,2026-03-10
TTDU,T-REX 2X Long TTD Daily Target ETF,2026-03-10
APLZ,Tradr 2X Short APLD Daily ETF,2026-03-12
BMNU,T-REX 2X Long BMNR Daily Target ETF,2026-03-12
COHX,Tradr 2X Long COHR Daily ETF,2026-03-12
CRDU,Tradr 2X Long CRDO Daily ETF,2026-03-12
DDFM,Innovator Equity Dual Directional 15 Buffer ETF - March,2026-03-12
IREX,Tradr 2X Long IREN Daily ETF,2026-03-12
JBBB,Janus Henderson B-BBB CLO ETF,2026-03-12
LUNL,Defiance Daily Target 2X Long LUNR ETF,2026-03-12
NMAR,Innovator Growth-100 Power Buffer ETF - March,2026-03-12
NVDQ,T-Rex 2X Inverse NVIDIA Daily Target ETF,2026-03-12
OILK,ProShares K-1 Free Crude Oil ETF,2026-03-12
PBMR,PGIM S&P 500 Buffer 20 ETF - March,2026-03-12
PXIU,T-REX 2X Long UPXI Daily Target ETF,2026-03-12
QVOY,Q3 All-Season Active Rotation ETF,2026-03-12
RGTU,Tradr 2X Long RGTI Daily ETF,2026-03-12
SNXX,Tradr 2X Long SNDK Daily ETF,2026-03-12
SVIX,-1x Short VIX Futures ETF,2026-03-12
TTDU,T-REX 2X Long TTD Daily Target ETF,2026-03-12
UVXY,ProShares Ultra VIX Short-Term Futures ETF,2026-03-12
XIJN,FT Vest U.S. Equity Buffer & Premium Income ETF - June,2026-03-12
APLZ,Tradr 2X Short APLD Daily ETF,2026-03-16
BMNU,T-REX 2X Long BMNR Daily Target ETF,2026-03-16
COHX,Tradr 2X Long COHR Daily ETF,2026-03-16
COZX,Tradr 2X Long CORZ Daily ETF,2026-03-16
DDFM,Innovator Equity Dual Directional 15 Buffer ETF - March,2026-03-16
IREX,Tradr 2X Long IREN Daily ETF,2026-03-16
JBBB,Janus Henderson B-BBB CLO ETF,2026-03-16
LUNL,Defiance Daily Target 2X Long LUNR ETF,2026-03-16
NMAR,Innovator Growth-100 Power Buffer ETF - March,2026-03-16
NVDQ,T-Rex 2X Inverse NVIDIA Daily Target ETF,2026-03-16
OILK,ProShares K-1 Free Crude Oil ETF,2026-03-16
PBMR,PGIM S&P 500 Buffer 20 ETF - March,2026-03-16
PXIU,T-REX 2X Long UPXI Daily Target ETF,2026-03-16
QVOY,Q3 All-Season Active Rotation ETF,2026-03-16
RGTU,Tradr 2X Long RGTI Daily ETF,2026-03-16
SNXX,Tradr 2X Long SNDK Daily ETF,2026-03-16
SVIX,-1x Short VIX Futures ETF,2026-03-16
TTDU,T-REX 2X Long TTD Daily Target ETF,2026-03-16
UVXY,ProShares Ultra VIX Short-Term Futures ETF,2026-03-16
XIJN,FT Vest U.S. Equity Buffer & Premium Income ETF - June,2026-03-16
APLZ,Tradr 2X Short APLD Daily ETF,2026-03-17
BMNU,T-REX 2X Long BMNR Daily Target ETF,2026-03-17
COHX,Tradr 2X Long COHR Daily ETF,2026-03-17
COZX,Tradr 2X Long CORZ Daily ETF,2026-03-17
DDFM,Innovator Equity Dual Directional 15 Buffer ETF - March,2026-03-17
IREX,Tradr 2X Long IREN Daily ETF,2026-03-17
JBBB,Janus Henderson B-BBB CLO ETF,2026-03-17
LUNL,Defiance Daily Target 2X Long LUNR ETF,2026-03-17
NVDQ,T-Rex 2X Inverse NVIDIA Daily Target ETF,2026-03-17
OILK,ProShares K-1 Free Crude Oil ETF,2026-03-17
PXIU,T-REX 2X Long UPXI Daily Target ETF,2026-03-17
QBUL,TrueShares Quarterly Bull Hedge ETF,2026-03-17
RGTU,Tradr 2X Long RGTI Daily ETF,2026-03-17
TTDU,T-REX 2X Long TTD Daily Target ETF,2026-03-17
UVXY,ProShares Ultra VIX Short-Term Futures ETF,2026-03-17
XIJN,FT Vest U.S. Equity Buffer & Premium Income ETF - June,2026-03-17
APLZ,Tradr 2X Short APLD Daily ETF,2026-03-18
ASTN,Defiance Daily Target 2X Short ASTS ETF,2026-03-18
BMNU,T-REX 2X Long BMNR Daily Target ETF,2026-03-18
COHX,Tradr 2X Long COHR Daily ETF,2026-03-18
COZX,Tradr 2X Long CORZ Daily ETF,2026-03-18
DDFM,Innovator Equity Dual Directional 15 Buffer ETF - March,2026-03-18
IREX,Tradr 2X Long IREN Daily ETF,2026-03-18
IREZ,Tradr 2X Short IREN Daily ETF,2026-03-18
JBBB,Janus Henderson B-BBB CLO ETF,2026-03-18
LUNL,Defiance Daily Target 2X Long LUNR ETF,2026-03-18
NVDQ,T-Rex 2X Inverse NVIDIA Daily Target ETF,2026-03-18
OILK,ProShares K-1 Free Crude Oil ETF,2026-03-18
PXIU,T-REX 2X Long UPXI Daily Target ETF,2026-03-18
QBUL,TrueShares Quarterly Bull Hedge ETF,2026-03-18
RGTU,Tradr 2X Long RGTI Daily ETF,2026-03-18
TTDU,T-REX 2X Long TTD Daily Target ETF,2026-03-18
UVXY,ProShares Ultra VIX Short-Term Futures ETF,2026-03-18
XIJN,FT Vest U.S. Equity Buffer & Premium Income ETF - June,2026-03-18
APLZ,Tradr 2X Short APLD Daily ETF,2026-03-19
ASTN,Defiance Daily Target 2X Short ASTS ETF,2026-03-19
BILT,iShares Infrastructure Active ETF,2026-03-19
BMNU,T-REX 2X Long BMNR Daily Target ETF,2026-03-19
COZX,Tradr 2X Long CORZ Daily ETF,2026-03-19
DDFM,Innovator Equity Dual Directional 15 Buffer ETF - March,2026-03-19
IREX,Tradr 2X Long IREN Daily ETF,2026-03-19
IREZ,Tradr 2X Short IREN Daily ETF,2026-03-19
JBBB,Janus Henderson B-BBB CLO ETF,2026-03-19
LUNL,Defiance Daily Target 2X Long LUNR ETF,2026-03-19
NVDQ,T-Rex 2X Inverse NVIDIA Daily Target ETF,2026-03-19
OILK,ProShares K-1 Free Crude Oil ETF,2026-03-19
PXIU,T-REX 2X Long UPXI Daily Target ETF,2026-03-19
QBUL,TrueShares Quarterly Bull Hedge ETF,2026-03-19
RGTU,Tradr 2X Long RGTI Daily ETF,2026-03-19
TTDU,T-REX 2X Long TTD Daily Target ETF,2026-03-19
UVXY,ProShares Ultra VIX Short-Term Futures ETF,2026-03-19
XIJN,FT Vest U.S. Equity Buffer & Premium Income ETF - June,2026-03-19
APLZ,Tradr 2X Short APLD Daily ETF,2026-03-20
ASTN,Defiance Daily Target 2X Short ASTS ETF,2026-03-20
BILT,iShares Infrastructure Active ETF,2026-03-20
BMNU,T-REX 2X Long BMNR Daily Target ETF,2026-03-20
COZX,Tradr 2X Long CORZ Daily ETF,2026-03-20
DDFM,Innovator Equity Dual Directional 15 Buffer ETF - March,2026-03-20
IREX,Tradr 2X Long IREN Daily ETF,2026-03-20
IREZ,Tradr 2X Short IREN Daily ETF,2026-03-20
JBBB,Janus Henderson B-BBB CLO ETF,2026-03-20
LUNL,Defiance Daily Target 2X Long LUNR ETF,2026-03-20
NVDQ,T-Rex 2X Inverse NVIDIA Daily Target ETF,2026-03-20
OILK,ProShares K-1 Free Crude Oil ETF,2026-03-20
QBUL,TrueShares Quarterly Bull Hedge ETF,2026-03-20
RGTU,Tradr 2X Long RGTI Daily ETF,2026-03-20
SNDU,T-REX 2X Long SNDK Daily Target ETF,2026-03-20
TTDU,T-REX 2X Long TTD Daily Target ETF,2026-03-20
UVXY,ProShares Ultra VIX Short-Term Futures ETF,2026-03-20
APLZ,Tradr 2X Short APLD Daily ETF,2026-03-25
ASTN,Defiance Daily Target 2X Short ASTS ETF,2026-03-25
BILT,iShares Infrastructure Active ETF,2026-03-25
BMNU,T-REX 2X Long BMNR Daily Target ETF,2026-03-25
DDFM,Innovator Equity Dual Directional 15 Buffer ETF - March,2026-03-25
IREX,Tradr 2X Long IREN Daily ETF,2026-03-25
IREZ,Tradr 2X Short IREN Daily ETF,2026-03-25
LUNL,Defiance Daily Target 2X Long LUNR ETF,2026-03-25
MLN,VanEck Long Muni ETF,2026-03-25
MVFD,Monarch Volume Factor Dividend Tree Index ETF,2026-03-25
OILK,ProShares K-1 Free Crude Oil ETF,2026-03-25
RGTU,Tradr 2X Long RGTI Daily ETF,2026-03-25
SNDU,T-REX 2X Long SNDK Daily Target ETF,2026-03-25
TTDU,T-REX 2X Long TTD Daily Target ETF,2026-03-25
UVXY,ProShares Ultra VIX Short-Term Futures ETF,2026-03-25
APLZ,Tradr 2X Short APLD Daily ETF,2026-03-26
ASTN,Defiance Daily Target 2X Short ASTS ETF,2026-03-26
BILT,iShares Infrastructure Active ETF,2026-03-26
BMNU,T-REX 2X Long BMNR Daily Target ETF,2026-03-26
DDFM,Innovator Equity Dual Directional 15 Buffer ETF - March,2026-03-26
IREX,Tradr 2X Long IREN Daily ETF,2026-03-26
IREZ,Tradr 2X Short IREN Daily ETF,2026-03-26
LUNL,Defiance Daily Target 2X Long LUNR ETF,2026-03-26
MLN,VanEck Long Muni ETF,2026-03-26
MVFD,Monarch Volume Factor Dividend Tree Index ETF,2026-03-26
OILK,ProShares K-1 Free Crude Oil ETF,2026-03-26
RGTU,Tradr 2X Long RGTI Daily ETF,2026-03-26
SNDU,T-REX 2X Long SNDK Daily Target ETF,2026-03-26
TTDU,T-REX 2X Long TTD Daily Target ETF,2026-03-26
UVXY,ProShares Ultra VIX Short-Term Futures ETF,2026-03-26
APLZ,Tradr 2X Short APLD Daily ETF,2026-03-30
ASTN,Defiance Daily Target 2X Short ASTS ETF,2026-03-30
BMNU,T-REX 2X Long BMNR Daily Target ETF,2026-03-30
DDFM,Innovator Equity Dual Directional 15 Buffer ETF - March,2026-03-30
IREZ,Tradr 2X Short IREN Daily ETF,2026-03-30
LUNL,Defiance Daily Target 2X Long LUNR ETF,2026-03-30
MLN,VanEck Long Muni ETF,2026-03-30
MVFD,Monarch Volume Factor Dividend Tree Index ETF,2026-03-30
OILK,ProShares K-1 Free Crude Oil ETF,2026-03-30
SNDU,T-REX 2X Long SNDK Daily Target ETF,2026-03-30
TTDU,T-REX 2X Long TTD Daily Target ETF,2026-03-30
UVXY,ProShares Ultra VIX Short-Term Futures ETF,2026-03-30
VIXY,ProShares VIX Short-Term Futures ETF,2026-03-30
APLZ,Tradr 2X Short APLD Daily ETF,2026-03-31
ASTN,Defiance Daily Target 2X Short ASTS ETF,2026-03-31
BMNU,T-REX 2X Long BMNR Daily Target ETF,2026-03-31
DDFM,Innovator Equity Dual Directional 15 Buffer ETF - March,2026-03-31
IREZ,Tradr 2X Short IREN Daily ETF,2026-03-31
LUNL,Defiance Daily Target 2X Long LUNR ETF,2026-03-31
MVFD,Monarch Volume Factor Dividend Tree Index ETF,2026-03-31
SNDU,T-REX 2X Long SNDK Daily Target ETF,2026-03-31
TTDU,T-REX 2X Long TTD Daily Target ETF,2026-03-31
UVXY,ProShares Ultra VIX Short-Term Futures ETF,2026-03-31
VIXY,ProShares VIX Short-Term Futures ETF,2026-03-31
APLZ,Tradr 2X Short APLD Daily ETF,2026-04-01
ASTN,Defiance Daily Target 2X Short ASTS ETF,2026-04-01
BMNU,T-REX 2X Long BMNR Daily Target ETF,2026-04-01
DDFM,Innovator Equity Dual Directional 15 Buffer ETF - March,2026-04-01
IREZ,Tradr 2X Short IREN Daily ETF,2026-04-01
LUNL,Defiance Daily Target 2X Long LUNR ETF,2026-04-01
MVFD,Monarch Volume Factor Dividend Tree Index ETF,2026-04-01
ONDL,Defiance Daily Target 2X Long ONDS ETF,2026-04-01
SNDU,T-REX 2X Long SNDK Daily Target ETF,2026-04-01
TTDU,T-REX 2X Long TTD Daily Target ETF,2026-04-01
UVXY,ProShares Ultra VIX Short-Term Futures ETF,2026-04-01
VIXY,ProShares VIX Short-Term Futures ETF,2026-04-01
AAOX,Tradr 2X Long AAOI Daily ETF,2026-04-07
APLZ,Tradr 2X Short APLD Daily ETF,2026-04-07
ASTN,Defiance Daily Target 2X Short ASTS ETF,2026-04-07
BMNU,T-REX 2X Long BMNR Daily Target ETF,2026-04-07
CORD,T-REX 2X Inverse CRWV Daily Target ETF,2026-04-07
DDFM,Innovator Equity Dual Directional 15 Buffer ETF - March,2026-04-07
DLFE,FT Vest U.S. Equity Dual Directional Buffer ETF - February,2026-04-07
IREZ,Tradr 2X Short IREN Daily ETF,2026-04-07
LUNL,Defiance Daily Target 2X Long LUNR ETF,2026-04-07
MVFD,Monarch Volume Factor Dividend Tree Index ETF,2026-04-07
ONDL,Defiance Daily Target 2X Long ONDS ETF,2026-04-07
QBTX,Tradr 2X Long QBTS Daily ETF,2026-04-07
QBUL,TrueShares Quarterly Bull Hedge ETF,2026-04-07
SNDU,T-REX 2X Long SNDK Daily Target ETF,2026-04-07
UVXY,ProShares Ultra VIX Short-Term Futures ETF,2026-04-07
VIXY,ProShares VIX Short-Term Futures ETF,2026-04-07
AAOX,Tradr 2X Long AAOI Daily ETF,2026-04-08
APLZ,Tradr 2X Short APLD Daily ETF,2026-04-08
APRP,PGIM S&P 500 Buffer 12 ETF - April,2026-04-08
ASTN,Defiance Daily Target 2X Short ASTS ETF,2026-04-08
BMNU,T-REX 2X Long BMNR Daily Target ETF,2026-04-08
CORD,T-REX 2X Inverse CRWV Daily Target ETF,2026-04-08
DDFM,Innovator Equity Dual Directional 15 Buffer ETF - March,2026-04-08
DLFE,FT Vest U.S. Equity Dual Directional Buffer ETF - February,2026-04-08
IREZ,Tradr 2X Short IREN Daily ETF,2026-04-08
LUNL,Defiance Daily Target 2X Long LUNR ETF,2026-04-08
ONDL,Defiance Daily Target 2X Long ONDS ETF,2026-04-08
QBTX,Tradr 2X Long QBTS Daily ETF,2026-04-08
QBUL,TrueShares Quarterly Bull Hedge ETF,2026-04-08
SNDU,T-REX 2X Long SNDK Daily Target ETF,2026-04-08
UVXY,ProShares Ultra VIX Short-Term Futures ETF,2026-04-08
VIXY,ProShares VIX Short-Term Futures ETF,2026-04-08
AAOX,Tradr 2X Long AAOI Daily ETF,2026-04-09
APLZ,Tradr 2X Short APLD Daily ETF,2026-04-09
APRP,PGIM S&P 500 Buffer 12 ETF - April,2026-04-09
ASTN,Defiance Daily Target 2X Short ASTS ETF,2026-04-09
BMNU,T-REX 2X Long BMNR Daily Target ETF,2026-04-09
CORD,T-REX 2X Inverse CRWV Daily Target ETF,2026-04-09
DDFM,Innovator Equity Dual Directional 15 Buffer ETF - March,2026-04-09
DLFE,FT Vest U.S. Equity Dual Directional Buffer ETF - February,2026-04-09
IREZ,Tradr 2X Short IREN Daily ETF,2026-04-09
LUNL,Defiance Daily Target 2X Long LUNR ETF,2026-04-09
ONDL,Defiance Daily Target 2X Long ONDS ETF,2026-04-09
QBTX,Tradr 2X Long QBTS Daily ETF,2026-04-09
QBUL,TrueShares Quarterly Bull Hedge ETF,2026-04-09
SNDU,T-REX 2X Long SNDK Daily Target ETF,2026-04-09
UVXY,ProShares Ultra VIX Short-Term Futures ETF,2026-04-09
VIXY,ProShares VIX Short-Term Futures ETF,2026-04-09
AAOX,Tradr 2X Long AAOI Daily ETF,2026-04-10
APLX,Tradr 2X Long APLD Daily ETF,2026-04-10
APLZ,Tradr 2X Short APLD Daily ETF,2026-04-10
APRP,PGIM S&P 500 Buffer 12 ETF - April,2026-04-10
ASTN,Defiance Daily Target 2X Short ASTS ETF,2026-04-10
BMNU,T-REX 2X Long BMNR Daily Target ETF,2026-04-10
CORD,T-REX 2X Inverse CRWV Daily Target ETF,2026-04-10
DDFM,Innovator Equity Dual Directional 15 Buffer ETF - March,2026-04-10
DLFE,FT Vest U.S. Equity Dual Directional Buffer ETF - February,2026-04-10
DRAM,Roundhill Memory ETF,2026-04-10
IREZ,Tradr 2X Short IREN Daily ETF,2026-04-10
LUNL,Defiance Daily Target 2X Long LUNR ETF,2026-04-10
NBIZ,Tradr 2X Short NBIS Daily ETF,2026-04-10
ONDL,Defiance Daily Target 2X Long ONDS ETF,2026-04-10
QBTX,Tradr 2X Long QBTS Daily ETF,2026-04-10
QBUL,TrueShares Quarterly Bull Hedge ETF,2026-04-10
SNDU,T-REX 2X Long SNDK Daily Target ETF,2026-04-10
UVXY,ProShares Ultra VIX Short-Term Futures ETF,2026-04-10
VIXY,ProShares VIX Short-Term Futures ETF,2026-04-10
AAOX,Tradr 2X Long AAOI Daily ETF,2026-04-13
APLX,Tradr 2X Long APLD Daily ETF,2026-04-13
APLZ,Tradr 2X Short APLD Daily ETF,2026-04-13
APRP,PGIM S&P 500 Buffer 12 ETF - April,2026-04-13
ASTN,Defiance Daily Target 2X Short ASTS ETF,2026-04-13
BMNU,T-REX 2X Long BMNR Daily Target ETF,2026-04-13
CORD,T-REX 2X Inverse CRWV Daily Target ETF,2026-04-13
DLFE,FT Vest U.S. Equity Dual Directional Buffer ETF - February,2026-04-13
DRAM,Roundhill Memory ETF,2026-04-13
IREZ,Tradr 2X Short IREN Daily ETF,2026-04-13
LUNL,Defiance Daily Target 2X Long LUNR ETF,2026-04-13
NBIZ,Tradr 2X Short NBIS Daily ETF,2026-04-13
ONDL,Defiance Daily Target 2X Long ONDS ETF,2026-04-13
QBTX,Tradr 2X Long QBTS Daily ETF,2026-04-13
QBUL,TrueShares Quarterly Bull Hedge ETF,2026-04-13
SNDU,T-REX 2X Long SNDK Daily Target ETF,2026-04-13
UVXY,ProShares Ultra VIX Short-Term Futures ETF,2026-04-13
VIXY,ProShares VIX Short-Term Futures ETF,2026-04-13
AAOX,Tradr 2X Long AAOI Daily ETF,2026-04-14
APLX,Tradr 2X Long APLD Daily ETF,2026-04-14
APLZ,Tradr 2X Short APLD Daily ETF,2026-04-14
APRP,PGIM S&P 500 Buffer 12 ETF - April,2026-04-14
ASTN,Defiance Daily Target 2X Short ASTS ETF,2026-04-14
BMNU,T-REX 2X Long BMNR Daily Target ETF,2026-04-14
CORD,T-REX 2X Inverse CRWV Daily Target ETF,2026-04-14
DRAM,Roundhill Memory ETF,2026-04-14
IREZ,Tradr 2X Short IREN Daily ETF,2026-04-14
LUNL,Defiance Daily Target 2X Long LUNR ETF,2026-04-14
NBIZ,Tradr 2X Short NBIS Daily ETF,2026-04-14
ONDL,Defiance Daily Target 2X Long ONDS ETF,2026-04-14
QBTX,Tradr 2X Long QBTS Daily ETF,2026-04-14
QBUL,TrueShares Quarterly Bull Hedge ETF,2026-04-14
SNDU,T-REX 2X Long SNDK Daily Target ETF,2026-04-14
UVXY,ProShares Ultra VIX Short-Term Futures ETF,2026-04-14
VIXY,ProShares VIX Short-Term Futures ETF,2026-04-14
AAOX,Tradr 2X Long AAOI Daily ETF,2026-04-15
APLX,Tradr 2X Long APLD Daily ETF,2026-04-15
APLZ,Tradr 2X Short APLD Daily ETF,2026-04-15
APRP,PGIM S&P 500 Buffer 12 ETF - April,2026-04-15
ASTN,Defiance Daily Target 2X Short ASTS ETF,2026-04-15
BMNU,T-REX 2X Long BMNR Daily Target ETF,2026-04-15
CORD,T-REX 2X Inverse CRWV Daily Target ETF,2026-04-15
DRAM,Roundhill Memory ETF,2026-04-15
INDA,iShares MSCI India ETF,2026-04-15
IREZ,Tradr 2X Short IREN Daily ETF,2026-04-15
LUNL,Defiance Daily Target 2X Long LUNR ETF,2026-04-15
NBIZ,Tradr 2X Short NBIS Daily ETF,2026-04-15
ONDL,Defiance Daily Target 2X Long ONDS ETF,2026-04-15
QBTX,Tradr 2X Long QBTS Daily ETF,2026-04-15
QBUL,TrueShares Quarterly Bull Hedge ETF,2026-04-15
RBLU,T-REX 2X Long RBLX Daily Target ETF,2026-04-15
SNDU,T-REX 2X Long SNDK Daily Target ETF,2026-04-15
UVXY,ProShares Ultra VIX Short-Term Futures ETF,2026-04-15
VIXY,ProShares VIX Short-Term Futures ETF,2026-04-15
AAOX,Tradr 2X Long AAOI Daily ETF,2026-04-17
APLX,Tradr 2X Long APLD Daily ETF,2026-04-17
APLZ,Tradr 2X Short APLD Daily ETF,2026-04-17
ASTN,Defiance Daily Target 2X Short ASTS ETF,2026-04-17
BMNU,T-REX 2X Long BMNR Daily Target ETF,2026-04-17
CORD,T-REX 2X Inverse CRWV Daily Target ETF,2026-04-17
DRAM,Roundhill Memory ETF,2026-04-17
INDA,iShares MSCI India ETF,2026-04-17
IREZ,Tradr 2X Short IREN Daily ETF,2026-04-17
LUNL,Defiance Daily Target 2X Long LUNR ETF,2026-04-17
NBIZ,Tradr 2X Short NBIS Daily ETF,2026-04-17
ONDL,Defiance Daily Target 2X Long ONDS ETF,2026-04-17
QBTX,Tradr 2X Long QBTS Daily ETF,2026-04-17
RBLU,T-REX 2X Long RBLX Daily Target ETF,2026-04-17
SNDU,T-REX 2X Long SNDK Daily Target ETF,2026-04-17
UVXY,ProShares Ultra VIX Short-Term Futures ETF,2026-04-17
VIXY,ProShares VIX Short-Term Futures ETF,2026-04-17
AAOX,Tradr 2X Long AAOI Daily ETF,2026-04-20
APLX,Tradr 2X Long APLD Daily ETF,2026-04-20
APLZ,Tradr 2X Short APLD Daily ETF,2026-04-20
ASTN,Defiance Daily Target 2X Short ASTS ETF,2026-04-20
BMNU,T-REX 2X Long BMNR Daily Target ETF,2026-04-20
CORD,T-REX 2X Inverse CRWV Daily Target ETF,2026-04-20
DRAM,Roundhill Memory ETF,2026-04-20
INDA,iShares MSCI India ETF,2026-04-20
IREZ,Tradr 2X Short IREN Daily ETF,2026-04-20
LUNL,Defiance Daily Target 2X Long LUNR ETF,2026-04-20
NBIZ,Tradr 2X Short NBIS Daily ETF,2026-04-20
NVDX,T-Rex 2X Long NVIDIA Daily Target ETF,2026-04-20
ONDL,Defiance Daily Target 2X Long ONDS ETF,2026-04-20
QBTX,Tradr 2X Long QBTS Daily ETF,2026-04-20
RBLU,T-REX 2X Long RBLX Daily Target ETF,2026-04-20
SNDU,T-REX 2X Long SNDK Daily Target ETF,2026-04-20
UVXY,ProShares Ultra VIX Short-Term Futures ETF,2026-04-20
VIXY,ProShares VIX Short-Term Futures ETF,2026-04-20
AAOX,Tradr 2X Long AAOI Daily ETF,2026-04-21
APLX,Tradr 2X Long APLD Daily ETF,2026-04-21
APLZ,Tradr 2X Short APLD Daily ETF,2026-04-21
ASTN,Defiance Daily Target 2X Short ASTS ETF,2026-04-21
BMNU,T-REX 2X Long BMNR Daily Target ETF,2026-04-21
CORD,T-REX 2X Inverse CRWV Daily Target ETF,2026-04-21
DRAM,Roundhill Memory ETF,2026-04-21
INDA,iShares MSCI India ETF,2026-04-21
IREZ,Tradr 2X Short IREN Daily ETF,2026-04-21
LUNL,Defiance Daily Target 2X Long LUNR ETF,2026-04-21
NBIZ,Tradr 2X Short NBIS Daily ETF,2026-04-21
NVDX,T-Rex 2X Long NVIDIA Daily Target ETF,2026-04-21
ONDL,Defiance Daily Target 2X Long ONDS ETF,2026-04-21
QBTX,Tradr 2X Long QBTS Daily ETF,2026-04-21
RBLU,T-REX 2X Long RBLX Daily Target ETF,2026-04-21
RDWU,T-REX 2X Long RDW Daily Target ETF,2026-04-21
SMU,Tradr 2X Long SMR Daily ETF,2026-04-21
SNDU,T-REX 2X Long SNDK Daily Target ETF,2026-04-21
UVXY,ProShares Ultra VIX Short-Term Futures ETF,2026-04-21
VIXY,ProShares VIX Short-Term Futures ETF,2026-04-21
AAOX,Tradr 2X Long AAOI Daily ETF,2026-04-22
APLX,Tradr 2X Long APLD Daily ETF,2026-04-22
APLZ,Tradr 2X Short APLD Daily ETF,2026-04-22
ASTN,Defiance Daily Target 2X Short ASTS ETF,2026-04-22
BMNU,T-REX 2X Long BMNR Daily Target ETF,2026-04-22
CEGX,Tradr 2X Long CEG Daily ETF,2026-04-22
CORD,T-REX 2X Inverse CRWV Daily Target ETF,2026-04-22
DRAM,Roundhill Memory ETF,2026-04-22
INDA,iShares MSCI India ETF,2026-04-22
IREZ,Tradr 2X Short IREN Daily ETF,2026-04-22
LUNL,Defiance Daily Target 2X Long LUNR ETF,2026-04-22
NBIZ,Tradr 2X Short NBIS Daily ETF,2026-04-22
NVDX,T-Rex 2X Long NVIDIA Daily Target ETF,2026-04-22
ONDL,Defiance Daily Target 2X Long ONDS ETF,2026-04-22
QBTX,Tradr 2X Long QBTS Daily ETF,2026-04-22
RBLU,T-REX 2X Long RBLX Daily Target ETF,2026-04-22
RDWU,T-REX 2X Long RDW Daily Target ETF,2026-04-22
SMU,Tradr 2X Long SMR Daily ETF,2026-04-22
SNDU,T-REX 2X Long SNDK Daily Target ETF,2026-04-22
UVXY,ProShares Ultra VIX Short-Term Futures ETF,2026-04-22
VIXY,ProShares VIX Short-Term Futures ETF,2026-04-22
AAOX,Tradr 2X Long AAOI Daily ETF,2026-04-23
APLX,Tradr 2X Long APLD Daily ETF,2026-04-23
APLZ,Tradr 2X Short APLD Daily ETF,2026-04-23
ASTN,Defiance Daily Target 2X Short ASTS ETF,2026-04-23
BMNU,T-REX 2X Long BMNR Daily Target ETF,2026-04-23
CEGX,Tradr 2X Long CEG Daily ETF,2026-04-23
DRAM,Roundhill Memory ETF,2026-04-23
ETHU,2x Ether ETF,2026-04-23
INDA,iShares MSCI India ETF,2026-04-23
IREZ,Tradr 2X Short IREN Daily ETF,2026-04-23
LUNL,Defiance Daily Target 2X Long LUNR ETF,2026-04-23
NBIZ,Tradr 2X Short NBIS Daily ETF,2026-04-23
NVDX,T-Rex 2X Long NVIDIA Daily Target ETF,2026-04-23
ONDL,Defiance Daily Target 2X Long ONDS ETF,2026-04-23
QBTX,Tradr 2X Long QBTS Daily ETF,2026-04-23
RBLU,T-REX 2X Long RBLX Daily Target ETF,2026-04-23
RDWU,T-REX 2X Long RDW Daily Target ETF,2026-04-23
SMU,Tradr 2X Long SMR Daily ETF,2026-04-23
SNDU,T-REX 2X Long SNDK Daily Target ETF,2026-04-23
UVXY,ProShares Ultra VIX Short-Term Futures ETF,2026-04-23
VIXY,ProShares VIX Short-Term Futures ETF,2026-04-23
AAOX,Tradr 2X Long AAOI Daily ETF,2026-04-24
APLX,Tradr 2X Long APLD Daily ETF,2026-04-24
APLZ,Tradr 2X Short APLD Daily ETF,2026-04-24
ASTN,Defiance Daily Target 2X Short ASTS ETF,2026-04-24
ASTX,Tradr 2X Long ASTS Daily ETF,2026-04-24
BMNU,T-REX 2X Long BMNR Daily Target ETF,2026-04-24
CEGX,Tradr 2X Long CEG Daily ETF,2026-04-24
DRAM,Roundhill Memory ETF,2026-04-24
ETHU,2x Ether ETF,2026-04-24
IREZ,Tradr 2X Short IREN Daily ETF,2026-04-24
LUNL,Defiance Daily Target 2X Long LUNR ETF,2026-04-24
MSTU,T-Rex 2X Long MSTR Daily Target ETF,2026-04-24
NBIZ,Tradr 2X Short NBIS Daily ETF,2026-04-24
NVDX,T-Rex 2X Long NVIDIA Daily Target ETF,2026-04-24
ONDL,Defiance Daily Target 2X Long ONDS ETF,2026-04-24
RBLU,T-REX 2X Long RBLX Daily Target ETF,2026-04-24
RDWU,T-REX 2X Long RDW Daily Target ETF,2026-04-24
SMU,Tradr 2X Long SMR Daily ETF,2026-04-24
SNDU,T-REX 2X Long SNDK Daily Target ETF,2026-04-24
UVXY,ProShares Ultra VIX Short-Term Futures ETF,2026-04-24
VIXY,ProShares VIX Short-Term Futures ETF,2026-04-24
XAPR,FT Vest U.S. Equity Enhance & Moderate Buffer ETF - April,2026-04-24
AAOX,Tradr 2X Long AAOI Daily ETF,2026-04-27
APLX,Tradr 2X Long APLD Daily ETF,2026-04-27
APLZ,Tradr 2X Short APLD Daily ETF,2026-04-27
ASTN,Defiance Daily Target 2X Short ASTS ETF,2026-04-27
ASTX,Tradr 2X Long ASTS Daily ETF,2026-04-27
BMNU,T-REX 2X Long BMNR Daily Target ETF,2026-04-27
CEGX,Tradr 2X Long CEG Daily ETF,2026-04-27
DRAM,Roundhill Memory ETF,2026-04-27
ETHU,2x Ether ETF,2026-04-27
LUNL,Defiance Daily Target 2X Long LUNR ETF,2026-04-27
MILK,Pacer US Cash Cows Bond ETF,2026-04-27
MSTU,T-Rex 2X Long MSTR Daily Target ETF,2026-04-27
NBIZ,Tradr 2X Short NBIS Daily ETF,2026-04-27
NVDX,T-Rex 2X Long NVIDIA Daily Target ETF,2026-04-27
ONDL,Defiance Daily Target 2X Long ONDS ETF,2026-04-27
RBLU,T-REX 2X Long RBLX Daily Target ETF,2026-04-27
RDWU,T-REX 2X Long RDW Daily Target ETF,2026-04-27
SMU,Tradr 2X Long SMR Daily ETF,2026-04-27
SNDU,T-REX 2X Long SNDK Daily Target ETF,2026-04-27
UVXY,ProShares Ultra VIX Short-Term Futures ETF,2026-04-27
VIXY,ProShares VIX Short-Term Futures ETF,2026-04-27
XAPR,FT Vest U.S. Equity Enhance & Moderate Buffer ETF - April,2026-04-27
AAOX,Tradr 2X Long AAOI Daily ETF,2026-04-28
APLX,Tradr 2X Long APLD Daily ETF,2026-04-28
APLZ,Tradr 2X Short APLD Daily ETF,2026-04-28
ASTN,Defiance Daily Target 2X Short ASTS ETF,2026-04-28
ASTX,Tradr 2X Long ASTS Daily ETF,2026-04-28
BMNU,T-REX 2X Long BMNR Daily Target ETF,2026-04-28
CEGX,Tradr 2X Long CEG Daily ETF,2026-04-28
DRAM,Roundhill Memory ETF,2026-04-28
ETHU,2x Ether ETF,2026-04-28
LUNL,Defiance Daily Target 2X Long LUNR ETF,2026-04-28
MILK,Pacer US Cash Cows Bond ETF,2026-04-28
MSTU,T-Rex 2X Long MSTR Daily Target ETF,2026-04-28
NBIZ,Tradr 2X Short NBIS Daily ETF,2026-04-28
NVDX,T-Rex 2X Long NVIDIA Daily Target ETF,2026-04-28
ONDL,Defiance Daily Target 2X Long ONDS ETF,2026-04-28
RBLU,T-REX 2X Long RBLX Daily Target ETF,2026-04-28
RDWU,T-REX 2X Long RDW Daily Target ETF,2026-04-28
SMU,Tradr 2X Long SMR Daily ETF,2026-04-28
SNDU,T-REX 2X Long SNDK Daily Target ETF,2026-04-28
TETH,21Shares Ethereum ETF,2026-04-28
UVXY,ProShares Ultra VIX Short-Term Futures ETF,2026-04-28
VIXY,ProShares VIX Short-Term Futures ETF,2026-04-28
XAPR,FT Vest U.S. Equity Enhance & Moderate Buffer ETF - April,2026-04-28
AAOX,Tradr 2X Long AAOI Daily ETF,2026-04-29
APLX,Tradr 2X Long APLD Daily ETF,2026-04-29
APLZ,Tradr 2X Short APLD Daily ETF,2026-04-29
ASTN,Defiance Daily Target 2X Short ASTS ETF,2026-04-29
ASTX,Tradr 2X Long ASTS Daily ETF,2026-04-29
BMNU,T-REX 2X Long BMNR Daily Target ETF,2026-04-29
CEGX,Tradr 2X Long CEG Daily ETF,2026-04-29
DRAM,Roundhill Memory ETF,2026-04-29
ETHU,2x Ether ETF,2026-04-29
LUNL,Defiance Daily Target 2X Long LUNR ETF,2026-04-29
MILK,Pacer US Cash Cows Bond ETF,2026-04-29
MSTU,T-Rex 2X Long MSTR Daily Target ETF,2026-04-29
MVFD,Monarch Volume Factor Dividend Tree Index ETF,2026-04-29
NVDX,T-Rex 2X Long NVIDIA Daily Target ETF,2026-04-29
ONDL,Defiance Daily Target 2X Long ONDS ETF,2026-04-29
RBLU,T-REX 2X Long RBLX Daily Target ETF,2026-04-29
RDWU,T-REX 2X Long RDW Daily Target ETF,2026-04-29
SMU,Tradr 2X Long SMR Daily ETF,2026-04-29
SNDU,T-REX 2X Long SNDK Daily Target ETF,2026-04-29
TETH,21Shares Ethereum ETF,2026-04-29
UVXY,ProShares Ultra VIX Short-Term Futures ETF,2026-04-29
VIXY,ProShares VIX Short-Term Futures ETF,2026-04-29
XAPR,FT Vest U.S. Equity Enhance & Moderate Buffer ETF - April,2026-04-29
AAOX,Tradr 2X Long AAOI Daily ETF,2026-04-30
APLX,Tradr 2X Long APLD Daily ETF,2026-04-30
APLZ,Tradr 2X Short APLD Daily ETF,2026-04-30
ASTN,Defiance Daily Target 2X Short ASTS ETF,2026-04-30
ASTX,Tradr 2X Long ASTS Daily ETF,2026-04-30
BEZ,Tradr 2X Short BE Daily ETF,2026-04-30
BMNU,T-REX 2X Long BMNR Daily Target ETF,2026-04-30
DRAM,Roundhill Memory ETF,2026-04-30
ETHU,2x Ether ETF,2026-04-30
LUNL,Defiance Daily Target 2X Long LUNR ETF,2026-04-30
MILK,Pacer US Cash Cows Bond ETF,2026-04-30
MSTU,T-Rex 2X Long MSTR Daily Target ETF,2026-04-30
MVFD,Monarch Volume Factor Dividend Tree Index ETF,2026-04-30
NVDX,T-Rex 2X Long NVIDIA Daily Target ETF,2026-04-30
ONDL,Defiance Daily Target 2X Long ONDS ETF,2026-04-30
RBLU,T-REX 2X Long RBLX Daily Target ETF,2026-04-30
RDWU,T-REX 2X Long RDW Daily Target ETF,2026-04-30
SMU,Tradr 2X Long SMR Daily ETF,2026-04-30
SNDU,T-REX 2X Long SNDK Daily Target ETF,2026-04-30
TETH,21Shares Ethereum ETF,2026-04-30
UVXY,ProShares Ultra VIX Short-Term Futures ETF,2026-04-30
VIXY,ProShares VIX Short-Term Futures ETF,2026-04-30
XAPR,FT Vest U.S. Equity Enhance & Moderate Buffer ETF - April,2026-04-30
AAOX,Tradr 2X Long AAOI Daily ETF,2026-05-01
APLX,Tradr 2X Long APLD Daily ETF,2026-05-01
APLZ,Tradr 2X Short APLD Daily ETF,2026-05-01
ASTN,Defiance Daily Target 2X Short ASTS ETF,2026-05-01
ASTX,Tradr 2X Long ASTS Daily ETF,2026-05-01
BEZ,Tradr 2X Short BE Daily ETF,2026-05-01
BMNU,T-REX 2X Long BMNR Daily Target ETF,2026-05-01
DRAM,Roundhill Memory ETF,2026-05-01
ETHU,2x Ether ETF,2026-05-01
LITZ,Tradr 2X Short LITE Daily ETF,2026-05-01
LUNL,Defiance Daily Target 2X Long LUNR ETF,2026-05-01
MILK,Pacer US Cash Cows Bond ETF,2026-05-01
MSTU,T-Rex 2X Long MSTR Daily Target ETF,2026-05-01
MVFD,Monarch Volume Factor Dividend Tree Index ETF,2026-05-01
NVDX,T-Rex 2X Long NVIDIA Daily Target ETF,2026-05-01
ONDL,Defiance Daily Target 2X Long ONDS ETF,2026-05-01
QBTX,Tradr 2X Long QBTS Daily ETF,2026-05-01
RDWU,T-REX 2X Long RDW Daily Target ETF,2026-05-01
SMU,Tradr 2X Long SMR Daily ETF,2026-05-01
SNDU,T-REX 2X Long SNDK Daily Target ETF,2026-05-01
TETH,21Shares Ethereum ETF,2026-05-01
UVXY,ProShares Ultra VIX Short-Term Futures ETF,2026-05-01
VIXY,ProShares VIX Short-Term Futures ETF,2026-05-01
XAPR,FT Vest U.S. Equity Enhance & Moderate Buffer ETF - April,2026-05-01
AAOX,Tradr 2X Long AAOI Daily ETF,2026-05-04
APLX,Tradr 2X Long APLD Daily ETF,2026-05-04
APLZ,Tradr 2X Short APLD Daily ETF,2026-05-04
ASTN,Defiance Daily Target 2X Short ASTS ETF,2026-05-04
ASTX,Tradr 2X Long ASTS Daily ETF,2026-05-04
BEZ,Tradr 2X Short BE Daily ETF,2026-05-04
BMNU,T-REX 2X Long BMNR Daily Target ETF,2026-05-04
DRAM,Roundhill Memory ETF,2026-05-04
ETHU,2x Ether ETF,2026-05-04
LITZ,Tradr 2X Short LITE Daily ETF,2026-05-04
LUNL,Defiance Daily Target 2X Long LUNR ETF,2026-05-04
MAYW,AllianzIM U.S. Equity Buffer20 May ETF,2026-05-04
MILK,Pacer US Cash Cows Bond ETF,2026-05-04
MSTU,T-Rex 2X Long MSTR Daily Target ETF,2026-05-04
MVFD,Monarch Volume Factor Dividend Tree Index ETF,2026-05-04
NVDX,T-Rex 2X Long NVIDIA Daily Target ETF,2026-05-04
ONDL,Defiance Daily Target 2X Long ONDS ETF,2026-05-04
QBTX,Tradr 2X Long QBTS Daily ETF,2026-05-04
RDWU,T-REX 2X Long RDW Daily Target ETF,2026-05-04
SMU,Tradr 2X Long SMR Daily ETF,2026-05-04
SNDU,T-REX 2X Long SNDK Daily Target ETF,2026-05-04
SNXX,Tradr 2X Long SNDK Daily ETF,2026-05-04
TETH,21Shares Ethereum ETF,2026-05-04
UVXY,ProShares Ultra VIX Short-Term Futures ETF,2026-05-04
VIXY,ProShares VIX Short-Term Futures ETF,2026-05-04
XAPR,FT Vest U.S. Equity Enhance & Moderate Buffer ETF - April,2026-05-04
AAOX,Tradr 2X Long AAOI Daily ETF,2026-05-05
APLX,Tradr 2X Long APLD Daily ETF,2026-05-05
APLZ,Tradr 2X Short APLD Daily ETF,2026-05-05
ASTN,Defiance Daily Target 2X Short ASTS ETF,2026-05-05
ASTX,Tradr 2X Long ASTS Daily ETF,2026-05-05
BEZ,Tradr 2X Short BE Daily ETF,2026-05-05
BMNU,T-REX 2X Long BMNR Daily Target ETF,2026-05-05
ETHU,2x Ether ETF,2026-05-05
LITZ,Tradr 2X Short LITE Daily ETF,2026-05-05
LUNL,Defiance Daily Target 2X Long LUNR ETF,2026-05-05
MAYP,PGIM S&P 500 Buffer 12 ETF - May,2026-05-05
MAYW,AllianzIM U.S. Equity Buffer20 May ETF,2026-05-05
MSTU,T-Rex 2X Long MSTR Daily Target ETF,2026-05-05
MVFD,Monarch Volume Factor Dividend Tree Index ETF,2026-05-05
NVDX,T-Rex 2X Long NVIDIA Daily Target ETF,2026-05-05
ONDL,Defiance Daily Target 2X Long ONDS ETF,2026-05-05
QBTX,Tradr 2X Long QBTS Daily ETF,2026-05-05
RDWU,T-REX 2X Long RDW Daily Target ETF,2026-05-05
SMU,Tradr 2X Long SMR Daily ETF,2026-05-05
SNDU,T-REX 2X Long SNDK Daily Target ETF,2026-05-05
SNXX,Tradr 2X Long SNDK Daily ETF,2026-05-05
TETH,21Shares Ethereum ETF,2026-05-05
UVXY,ProShares Ultra VIX Short-Term Futures ETF,2026-05-05
VIXY,ProShares VIX Short-Term Futures ETF,2026-05-05
XAPR,FT Vest U.S. Equity Enhance & Moderate Buffer ETF - April,2026-05-05
AAOX,Tradr 2X Long AAOI Daily ETF,2026-05-06
APLX,Tradr 2X Long APLD Daily ETF,2026-05-06
APLZ,Tradr 2X Short APLD Daily ETF,2026-05-06
ASTN,Defiance Daily Target 2X Short ASTS ETF,2026-05-06
ASTX,Tradr 2X Long ASTS Daily ETF,2026-05-06
BEZ,Tradr 2X Short BE Daily ETF,2026-05-06
BMNU,T-REX 2X Long BMNR Daily Target ETF,2026-05-06
ETHU,2x Ether ETF,2026-05-06
LITZ,Tradr 2X Short LITE Daily ETF,2026-05-06
LUNL,Defiance Daily Target 2X Long LUNR ETF,2026-05-06
MAYP,PGIM S&P 500 Buffer 12 ETF - May,2026-05-06
MAYW,AllianzIM U.S. Equity Buffer20 May ETF,2026-05-06
MSTU,T-Rex 2X Long MSTR Daily Target ETF,2026-05-06
MVFD,Monarch Volume Factor Dividend Tree Index ETF,2026-05-06
NMAY,Innovator Growth-100 Power Buffer ETF - May,2026-05-06
NVDX,T-Rex 2X Long NVIDIA Daily Target ETF,2026-05-06
ONDL,Defiance Daily Target 2X Long ONDS ETF,2026-05-06
QBTX,Tradr 2X Long QBTS Daily ETF,2026-05-06
RDWU,T-REX 2X Long RDW Daily Target ETF,2026-05-06
SMU,Tradr 2X Long SMR Daily ETF,2026-05-06
SNDU,T-REX 2X Long SNDK Daily Target ETF,2026-05-06
SNXX,Tradr 2X Long SNDK Daily ETF,2026-05-06
VIXY,ProShares VIX Short-Term Futures ETF,2026-05-06
XAPR,FT Vest U.S. Equity Enhance & Moderate Buffer ETF - April,2026-05-06
AAOX,Tradr 2X Long AAOI Daily ETF,2026-05-07
APLX,Tradr 2X Long APLD Daily ETF,2026-05-07
APLZ,Tradr 2X Short APLD Daily ETF,2026-05-07
ASTN,Defiance Daily Target 2X Short ASTS ETF,2026-05-07
ASTX,Tradr 2X Long ASTS Daily ETF,2026-05-07
BEZ,Tradr 2X Short BE Daily ETF,2026-05-07
BMNU,T-REX 2X Long BMNR Daily Target ETF,2026-05-07
ETHU,2x Ether ETF,2026-05-07
LITZ,Tradr 2X Short LITE Daily ETF,2026-05-07
LUNL,Defiance Daily Target 2X Long LUNR ETF,2026-05-07
MAYP,PGIM S&P 500 Buffer 12 ETF - May,2026-05-07
MAYW,AllianzIM U.S. Equity Buffer20 May ETF,2026-05-07
MSTU,T-Rex 2X Long MSTR Daily Target ETF,2026-05-07
MVFD,Monarch Volume Factor Dividend Tree Index ETF,2026-05-07
NMAY,Innovator Growth-100 Power Buffer ETF - May,2026-05-07
NVDX,T-Rex 2X Long NVIDIA Daily Target ETF,2026-05-07
ONDL,Defiance Daily Target 2X Long ONDS ETF,2026-05-07
PBMY,PGIM S&P 500 Buffer 20 ETF - May,2026-05-07
QBTX,Tradr 2X Long QBTS Daily ETF,2026-05-07
RDWU,T-REX 2X Long RDW Daily Target ETF,2026-05-07
SMU,Tradr 2X Long SMR Daily ETF,2026-05-07
SNDU,T-REX 2X Long SNDK Daily Target ETF,2026-05-07
SNXX,Tradr 2X Long SNDK Daily ETF,2026-05-07
VIXY,ProShares VIX Short-Term Futures ETF,2026-05-07
XAPR,FT Vest U.S. Equity Enhance & Moderate Buffer ETF - April,2026-05-07
AAOX,Tradr 2X Long AAOI Daily ETF,2026-05-08
APLX,Tradr 2X Long APLD Daily ETF,2026-05-08
APLZ,Tradr 2X Short APLD Daily ETF,2026-05-08
ASTN,Defiance Daily Target 2X Short ASTS ETF,2026-05-08
ASTX,Tradr 2X Long ASTS Daily ETF,2026-05-08
BEZ,Tradr 2X Short BE Daily ETF,2026-05-08
BMNU,T-REX 2X Long BMNR Daily Target ETF,2026-05-08
DDFY,Innovator Equity Dual Directional 15 Buffer ETF - May,2026-05-08
DDTY,Innovator Equity Dual Directional 10 Buffer ETF - May,2026-05-08
KMAY,Innovator U.S. Small Cap Power Buffer ETF - May,2026-05-08
LITZ,Tradr 2X Short LITE Daily ETF,2026-05-08
LUNL,Defiance Daily Target 2X Long LUNR ETF,2026-05-08
MAYP,PGIM S&P 500 Buffer 12 ETF - May,2026-05-08
MAYW,AllianzIM U.S. Equity Buffer20 May ETF,2026-05-08
MSTU,T-Rex 2X Long MSTR Daily Target ETF,2026-05-08
MVFD,Monarch Volume Factor Dividend Tree Index ETF,2026-05-08
NMAY,Innovator Growth-100 Power Buffer ETF - May,2026-05-08
NVDX,T-Rex 2X Long NVIDIA Daily Target ETF,2026-05-08
ONDL,Defiance Daily Target 2X Long ONDS ETF,2026-05-08
PBMY,PGIM S&P 500 Buffer 20 ETF - May,2026-05-08
POEL,Defiance Daily Target 2X Long POET ETF,2026-05-08
QBTX,Tradr 2X Long QBTS Daily ETF,2026-05-08
RDWU,T-REX 2X Long RDW Daily Target ETF,2026-05-08
SNDU,T-REX 2X Long SNDK Daily Target ETF,2026-05-08
SNXX,Tradr 2X Long SNDK Daily ETF,2026-05-08
VIXY,ProShares VIX Short-Term Futures ETF,2026-05-08
XAPR,FT Vest U.S. Equity Enhance & Moderate Buffer ETF - April,2026-05-08
AAOX,Tradr 2X Long AAOI Daily ETF,2026-05-11
APLX,Tradr 2X Long APLD Daily ETF,2026-05-11
APLZ,Tradr 2X Short APLD Daily ETF,2026-05-11
ASTN,Defiance Daily Target 2X Short ASTS ETF,2026-05-11
ASTX,Tradr 2X Long ASTS Daily ETF,2026-05-11
BEZ,Tradr 2X Short BE Daily ETF,2026-05-11
BMNU,T-REX 2X Long BMNR Daily Target ETF,2026-05-11
DDFY,Innovator Equity Dual Directional 15 Buffer ETF - May,2026-05-11
DDTY,Innovator Equity Dual Directional 10 Buffer ETF - May,2026-05-11
KMAY,Innovator U.S. Small Cap Power Buffer ETF - May,2026-05-11
LITZ,Tradr 2X Short LITE Daily ETF,2026-05-11
LUNL,Defiance Daily Target 2X Long LUNR ETF,2026-05-11
MAYP,PGIM S&P 500 Buffer 12 ETF - May,2026-05-11
MAYW,AllianzIM U.S. Equity Buffer20 May ETF,2026-05-11
MSTU,T-Rex 2X Long MSTR Daily Target ETF,2026-05-11
MVFD,Monarch Volume Factor Dividend Tree Index ETF,2026-05-11
NMAY,Innovator Growth-100 Power Buffer ETF - May,2026-05-11
NVDX,T-Rex 2X Long NVIDIA Daily Target ETF,2026-05-11
ONDL,Defiance Daily Target 2X Long ONDS ETF,2026-05-11
PBMY,PGIM S&P 500 Buffer 20 ETF - May,2026-05-11
POEL,Defiance Daily Target 2X Long POET ETF,2026-05-11
QBTX,Tradr 2X Long QBTS Daily ETF,2026-05-11
RDWU,T-REX 2X Long RDW Daily Target ETF,2026-05-11
SNDU,T-REX 2X Long SNDK Daily Target ETF,2026-05-11
SNXX,Tradr 2X Long SNDK Daily ETF,2026-05-11
VIXY,ProShares VIX Short-Term Futures ETF,2026-05-11
AAOX,Tradr 2X Long AAOI Daily ETF,2026-05-12
APLX,Tradr 2X Long APLD Daily ETF,2026-05-12
APLZ,Tradr 2X Short APLD Daily ETF,2026-05-12
ASTN,Defiance Daily Target 2X Short ASTS ETF,2026-05-12
ASTX,Tradr 2X Long ASTS Daily ETF,2026-05-12
BEZ,Tradr 2X Short BE Daily ETF,2026-05-12
BMNU,T-REX 2X Long BMNR Daily Target ETF,2026-05-12
DDFY,Innovator Equity Dual Directional 15 Buffer ETF - May,2026-05-12
DDTY,Innovator Equity Dual Directional 10 Buffer ETF - May,2026-05-12
KMAY,Innovator U.S. Small Cap Power Buffer ETF - May,2026-05-12
LITZ,Tradr 2X Short LITE Daily ETF,2026-05-12
LUNL,Defiance Daily Target 2X Long LUNR ETF,2026-05-12
MAYP,PGIM S&P 500 Buffer 12 ETF - May,2026-05-12
MAYW,AllianzIM U.S. Equity Buffer20 May ETF,2026-05-12
MSTU,T-Rex 2X Long MSTR Daily Target ETF,2026-05-12
MVFD,Monarch Volume Factor Dividend Tree Index ETF,2026-05-12
NMAY,Innovator Growth-100 Power Buffer ETF - May,2026-05-12
NVDX,T-Rex 2X Long NVIDIA Daily Target ETF,2026-05-12
ONDL,Defiance Daily Target 2X Long ONDS ETF,2026-05-12
PBMY,PGIM S&P 500 Buffer 20 ETF - May,2026-05-12
POEL,Defiance Daily Target 2X Long POET ETF,2026-05-12
QBTX,Tradr 2X Long QBTS Daily ETF,2026-05-12
RDWU,T-REX 2X Long RDW Daily Target ETF,2026-05-12
SNDU,T-REX 2X Long SNDK Daily Target ETF,2026-05-12
SNXX,Tradr 2X Long SNDK Daily ETF,2026-05-12
VIXY,ProShares VIX Short-Term Futures ETF,2026-05-12
AAOX,Tradr 2X Long AAOI Daily ETF,2026-05-13
APLX,Tradr 2X Long APLD Daily ETF,2026-05-13
APLZ,Tradr 2X Short APLD Daily ETF,2026-05-13
ASTN,Defiance Daily Target 2X Short ASTS ETF,2026-05-13
ASTX,Tradr 2X Long ASTS Daily ETF,2026-05-13
BEZ,Tradr 2X Short BE Daily ETF,2026-05-13
BMNU,T-REX 2X Long BMNR Daily Target ETF,2026-05-13
DDFY,Innovator Equity Dual Directional 15 Buffer ETF - May,2026-05-13
DDTY,Innovator Equity Dual Directional 10 Buffer ETF - May,2026-05-13
KMAY,Innovator U.S. Small Cap Power Buffer ETF - May,2026-05-13
LITZ,Tradr 2X Short LITE Daily ETF,2026-05-13
LUNL,Defiance Daily Target 2X Long LUNR ETF,2026-05-13
MAYP,PGIM S&P 500 Buffer 12 ETF - May,2026-05-13
MAYW,AllianzIM U.S. Equity Buffer20 May ETF,2026-05-13
MSTU,T-Rex 2X Long MSTR Daily Target ETF,2026-05-13
MVFD,Monarch Volume Factor Dividend Tree Index ETF,2026-05-13
NMAY,Innovator Growth-100 Power Buffer ETF - May,2026-05-13
NVDX,T-Rex 2X Long NVIDIA Daily Target ETF,2026-05-13
ONDL,Defiance Daily Target 2X Long ONDS ETF,2026-05-13
PBMY,PGIM S&P 500 Buffer 20 ETF - May,2026-05-13
POEL,Defiance Daily Target 2X Long POET ETF,2026-05-13
QBTX,Tradr 2X Long QBTS Daily ETF,2026-05-13
RDWU,T-REX 2X Long RDW Daily Target ETF,2026-05-13
SNDU,T-REX 2X Long SNDK Daily Target ETF,2026-05-13
SNXX,Tradr 2X Long SNDK Daily ETF,2026-05-13
VIXY,ProShares VIX Short-Term Futures ETF,2026-05-13
AAOX,Tradr 2X Long AAOI Daily ETF,2026-05-14
APLX,Tradr 2X Long APLD Daily ETF,2026-05-14
APLZ,Tradr 2X Short APLD Daily ETF,2026-05-14
ASTN,Defiance Daily Target 2X Short ASTS ETF,2026-05-14
ASTX,Tradr 2X Long ASTS Daily ETF,2026-05-14
BMNU,T-REX 2X Long BMNR Daily Target ETF,2026-05-14
DDFY,Innovator Equity Dual Directional 15 Buffer ETF - May,2026-05-14
DDTY,Innovator Equity Dual Directional 10 Buffer ETF - May,2026-05-14
KMAY,Innovator U.S. Small Cap Power Buffer ETF - May,2026-05-14
LITZ,Tradr 2X Short LITE Daily ETF,2026-05-14
LUNL,Defiance Daily Target 2X Long LUNR ETF,2026-05-14
MAYP,PGIM S&P 500 Buffer 12 ETF - May,2026-05-14
MAYW,AllianzIM U.S. Equity Buffer20 May ETF,2026-05-14
MSTU,T-Rex 2X Long MSTR Daily Target ETF,2026-05-14
NMAY,Innovator Growth-100 Power Buffer ETF - May,2026-05-14
NVDX,T-Rex 2X Long NVIDIA Daily Target ETF,2026-05-14
ONDL,Defiance Daily Target 2X Long ONDS ETF,2026-05-14
PBMY,PGIM S&P 500 Buffer 20 ETF - May,2026-05-14
POEL,Defiance Daily Target 2X Long POET ETF,2026-05-14
QBTX,Tradr 2X Long QBTS Daily ETF,2026-05-14
RDWU,T-REX 2X Long RDW Daily Target ETF,2026-05-14
SNDU,T-REX 2X Long SNDK Daily Target ETF,2026-05-14
SNXX,Tradr 2X Long SNDK Daily ETF,2026-05-14
VIXY,ProShares VIX Short-Term Futures ETF,2026-05-14
XNDX,Tradr 2X Long XNDU Daily ETF,2026-05-14
AAOX,Tradr 2X Long AAOI Daily ETF,2026-05-15
APLX,Tradr 2X Long APLD Daily ETF,2026-05-15
APLZ,Tradr 2X Short APLD Daily ETF,2026-05-15
ASTN,Defiance Daily Target 2X Short ASTS ETF,2026-05-15
ASTX,Tradr 2X Long ASTS Daily ETF,2026-05-15
BMNU,T-REX 2X Long BMNR Daily Target ETF,2026-05-15
DDFY,Innovator Equity Dual Directional 15 Buffer ETF - May,2026-05-15
DDTY,Innovator Equity Dual Directional 10 Buffer ETF - May,2026-05-15
KMAY,Innovator U.S. Small Cap Power Buffer ETF - May,2026-05-15
LITZ,Tradr 2X Short LITE Daily ETF,2026-05-15
LUNL,Defiance Daily Target 2X Long LUNR ETF,2026-05-15
MAYP,PGIM S&P 500 Buffer 12 ETF - May,2026-05-15
MAYW,AllianzIM U.S. Equity Buffer20 May ETF,2026-05-15
MSTU,T-Rex 2X Long MSTR Daily Target ETF,2026-05-15
NMAY,Innovator Growth-100 Power Buffer ETF - May,2026-05-15
NVDX,T-Rex 2X Long NVIDIA Daily Target ETF,2026-05-15
ONDL,Defiance Daily Target 2X Long ONDS ETF,2026-05-15
PBMY,PGIM S&P 500 Buffer 20 ETF - May,2026-05-15
POEL,Defiance Daily Target 2X Long POET ETF,2026-05-15
QBTX,Tradr 2X Long QBTS Daily ETF,2026-05-15
RDWU,T-REX 2X Long RDW Daily Target ETF,2026-05-15
SNDU,T-REX 2X Long SNDK Daily Target ETF,2026-05-15
SNXX,Tradr 2X Long SNDK Daily ETF,2026-05-15
TSLZ,T-Rex 2X Inverse Tesla Daily Target ETF,2026-05-15
VIXY,ProShares VIX Short-Term Futures ETF,2026-05-15
XNDX,Tradr 2X Long XNDU Daily ETF,2026-05-15
AAOX,Tradr 2X Long AAOI Daily ETF,2026-05-18
APLX,Tradr 2X Long APLD Daily ETF,2026-05-18
APLZ,Tradr 2X Short APLD Daily ETF,2026-05-18
ASTN,Defiance Daily Target 2X Short ASTS ETF,2026-05-18
ASTX,Tradr 2X Long ASTS Daily ETF,2026-05-18
BMNU,T-REX 2X Long BMNR Daily Target ETF,2026-05-18
DDFY,Innovator Equity Dual Directional 15 Buffer ETF - May,2026-05-18
DDTY,Innovator Equity Dual Directional 10 Buffer ETF - May,2026-05-18
KMAY,Innovator U.S. Small Cap Power Buffer ETF - May,2026-05-18
LITZ,Tradr 2X Short LITE Daily ETF,2026-05-18
LUNL,Defiance Daily Target 2X Long LUNR ETF,2026-05-18
MAYP,PGIM S&P 500 Buffer 12 ETF - May,2026-05-18
MAYW,AllianzIM U.S. Equity Buffer20 May ETF,2026-05-18
MSTU,T-Rex 2X Long MSTR Daily Target ETF,2026-05-18
NMAY,Innovator Growth-100 Power Buffer ETF - May,2026-05-18
NVDX,T-Rex 2X Long NVIDIA Daily Target ETF,2026-05-18
ONDL,Defiance Daily Target 2X Long ONDS ETF,2026-05-18
PBMY,PGIM S&P 500 Buffer 20 ETF - May,2026-05-18
POEL,Defiance Daily Target 2X Long POET ETF,2026-05-18
QBTX,Tradr 2X Long QBTS Daily ETF,2026-05-18
RDWU,T-REX 2X Long RDW Daily Target ETF,2026-05-18
SNDU,T-REX 2X Long SNDK Daily Target ETF,2026-05-18
SNXX,Tradr 2X Long SNDK Daily ETF,2026-05-18
TSLZ,T-Rex 2X Inverse Tesla Daily Target ETF,2026-05-18
VIXY,ProShares VIX Short-Term Futures ETF,2026-05-18
XNDX,Tradr 2X Long XNDU Daily ETF,2026-05-18
AAOX,Tradr 2X Long AAOI Daily ETF,2026-05-19
APLX,Tradr 2X Long APLD Daily ETF,2026-05-19
APLZ,Tradr 2X Short APLD Daily ETF,2026-05-19
ASTN,Defiance Daily Target 2X Short ASTS ETF,2026-05-19
ASTX,Tradr 2X Long ASTS Daily ETF,2026-05-19
BMNU,T-REX 2X Long BMNR Daily Target ETF,2026-05-19
DDFY,Innovator Equity Dual Directional 15 Buffer ETF - May,2026-05-19
DDTY,Innovator Equity Dual Directional 10 Buffer ETF - May,2026-05-19
KMAY,Innovator U.S. Small Cap Power Buffer ETF - May,2026-05-19
LITZ,Tradr 2X Short LITE Daily ETF,2026-05-19
LUNL,Defiance Daily Target 2X Long LUNR ETF,2026-05-19
MAYP,PGIM S&P 500 Buffer 12 ETF - May,2026-05-19
MAYW,AllianzIM U.S. Equity Buffer20 May ETF,2026-05-19
MSTU,T-Rex 2X Long MSTR Daily Target ETF,2026-05-19
NMAY,Innovator Growth-100 Power Buffer ETF - May,2026-05-19
NVDQ,T-Rex 2X Inverse NVIDIA Daily Target ETF,2026-05-19
NVDX,T-Rex 2X Long NVIDIA Daily Target ETF,2026-05-19
ONDL,Defiance Daily Target 2X Long ONDS ETF,2026-05-19
PBMY,PGIM S&P 500 Buffer 20 ETF - May,2026-05-19
POEL,Defiance Daily Target 2X Long POET ETF,2026-05-19
QBTX,Tradr 2X Long QBTS Daily ETF,2026-05-19
RDWU,T-REX 2X Long RDW Daily Target ETF,2026-05-19
SNDG,Leverage Shares 2X Long SNDK Daily ETF,2026-05-19
SNDU,T-REX 2X Long SNDK Daily Target ETF,2026-05-19
SNXX,Tradr 2X Long SNDK Daily ETF,2026-05-19
TSLZ,T-Rex 2X Inverse Tesla Daily Target ETF,2026-05-19
VIXY,ProShares VIX Short-Term Futures ETF,2026-05-19
XNDX,Tradr 2X Long XNDU Daily ETF,2026-05-19
AAOG,Leverage Shares 2X Long AAOI Daily ETF,2026-05-20
AAOX,Tradr 2X Long AAOI Daily ETF,2026-05-20
AAPX,T-Rex 2X Long Apple Daily Target ETF,2026-05-20
APLX,Tradr 2X Long APLD Daily ETF,2026-05-20
APLZ,Tradr 2X Short APLD Daily ETF,2026-05-20
ASTN,Defiance Daily Target 2X Short ASTS ETF,2026-05-20
ASTX,Tradr 2X Long ASTS Daily ETF,2026-05-20
BMNU,T-REX 2X Long BMNR Daily Target ETF,2026-05-20
DDFY,Innovator Equity Dual Directional 15 Buffer ETF - May,2026-05-20
DDTY,Innovator Equity Dual Directional 10 Buffer ETF - May,2026-05-20
KMAY,Innovator U.S. Small Cap Power Buffer ETF - May,2026-05-20
LUNL,Defiance Daily Target 2X Long LUNR ETF,2026-05-20
MAYP,PGIM S&P 500 Buffer 12 ETF - May,2026-05-20
MAYW,AllianzIM U.S. Equity Buffer20 May ETF,2026-05-20
MSTU,T-Rex 2X Long MSTR Daily Target ETF,2026-05-20
NMAY,Innovator Growth-100 Power Buffer ETF - May,2026-05-20
NVDQ,T-Rex 2X Inverse NVIDIA Daily Target ETF,2026-05-20
NVDX,T-Rex 2X Long NVIDIA Daily Target ETF,2026-05-20
ONDL,Defiance Daily Target 2X Long ONDS ETF,2026-05-20
PBMY,PGIM S&P 500 Buffer 20 ETF - May,2026-05-20
POEL,Defiance Daily Target 2X Long POET ETF,2026-05-20
QBTX,Tradr 2X Long QBTS Daily ETF,2026-05-20
RDWU,T-REX 2X Long RDW Daily Target ETF,2026-05-20
SNDG,Leverage Shares 2X Long SNDK Daily ETF,2026-05-20
SNDU,T-REX 2X Long SNDK Daily Target ETF,2026-05-20
SNXX,Tradr 2X Long SNDK Daily ETF,2026-05-20
TSLZ,T-Rex 2X Inverse Tesla Daily Target ETF,2026-05-20
VIXY,ProShares VIX Short-Term Futures ETF,2026-05-20
XNDX,Tradr 2X Long XNDU Daily ETF,2026-05-20
AAOG,Leverage Shares 2X Long AAOI Daily ETF,2026-05-21
AAOX,Tradr 2X Long AAOI Daily ETF,2026-05-21
AAPX,T-Rex 2X Long Apple Daily Target ETF,2026-05-21
APLX,Tradr 2X Long APLD Daily ETF,2026-05-21
APLZ,Tradr 2X Short APLD Daily ETF,2026-05-21
ASTN,Defiance Daily Target 2X Short ASTS ETF,2026-05-21
ASTX,Tradr 2X Long ASTS Daily ETF,2026-05-21
BMNU,T-REX 2X Long BMNR Daily Target ETF,2026-05-21
DDFY,Innovator Equity Dual Directional 15 Buffer ETF - May,2026-05-21
DDTY,Innovator Equity Dual Directional 10 Buffer ETF - May,2026-05-21
KMAY,Innovator U.S. Small Cap Power Buffer ETF - May,2026-05-21
LUNL,Defiance Daily Target 2X Long LUNR ETF,2026-05-21
MAYW,AllianzIM U.S. Equity Buffer20 May ETF,2026-05-21
MSTU,T-Rex 2X Long MSTR Daily Target ETF,2026-05-21
NMAY,Innovator Growth-100 Power Buffer ETF - May,2026-05-21
NVDQ,T-Rex 2X Inverse NVIDIA Daily Target ETF,2026-05-21
NVDX,T-Rex 2X Long NVIDIA Daily Target ETF,2026-05-21
ONDL,Defiance Daily Target 2X Long ONDS ETF,2026-05-21
PBMY,PGIM S&P 500 Buffer 20 ETF - May,2026-05-21
POEL,Defiance Daily Target 2X Long POET ETF,2026-05-21
QBTX,Tradr 2X Long QBTS Daily ETF,2026-05-21
RDWU,T-REX 2X Long RDW Daily Target ETF,2026-05-21
SNDG,Leverage Shares 2X Long SNDK Daily ETF,2026-05-21
SNDU,T-REX 2X Long SNDK Daily Target ETF,2026-05-21
SNXX,Tradr 2X Long SNDK Daily ETF,2026-05-21
TSLZ,T-Rex 2X Inverse Tesla Daily Target ETF,2026-05-21
VIXY,ProShares VIX Short-Term Futures ETF,2026-05-21
XNDX,Tradr 2X Long XNDU Daily ETF,2026-05-21
AAOG,Leverage Shares 2X Long AAOI Daily ETF,2026-05-26
AAOX,Tradr 2X Long AAOI Daily ETF,2026-05-26
AAPX,T-Rex 2X Long Apple Daily Target ETF,2026-05-26
APLX,Tradr 2X Long APLD Daily ETF,2026-05-26
APLZ,Tradr 2X Short APLD Daily ETF,2026-05-26
ASTN,Defiance Daily Target 2X Short ASTS ETF,2026-05-26
ASTX,Tradr 2X Long ASTS Daily ETF,2026-05-26
BMNU,T-REX 2X Long BMNR Daily Target ETF,2026-05-26
DDTY,Innovator Equity Dual Directional 10 Buffer ETF - May,2026-05-26
KMAY,Innovator U.S. Small Cap Power Buffer ETF - May,2026-05-26
LUNL,Defiance Daily Target 2X Long LUNR ETF,2026-05-26
MAYW,AllianzIM U.S. Equity Buffer20 May ETF,2026-05-26
MSTU,T-Rex 2X Long MSTR Daily Target ETF,2026-05-26
NVDQ,T-Rex 2X Inverse NVIDIA Daily Target ETF,2026-05-26
NVDX,T-Rex 2X Long NVIDIA Daily Target ETF,2026-05-26
ONDL,Defiance Daily Target 2X Long ONDS ETF,2026-05-26
PBMY,PGIM S&P 500 Buffer 20 ETF - May,2026-05-26
POEL,Defiance Daily Target 2X Long POET ETF,2026-05-26
QBTX,Tradr 2X Long QBTS Daily ETF,2026-05-26
RDWU,T-REX 2X Long RDW Daily Target ETF,2026-05-26
SMAY,FT Vest U.S. Small Cap Moderate Buffer ETF - May,2026-05-26
SNDG,Leverage Shares 2X Long SNDK Daily ETF,2026-05-26
SNXX,Tradr 2X Long SNDK Daily ETF,2026-05-26
TSLZ,T-Rex 2X Inverse Tesla Daily Target ETF,2026-05-26
WDRN,"WisdomTree Physical AI, Humanoids and Drones Fund",2026-05-26
XNDX,Tradr 2X Long XNDU Daily ETF,2026-05-26
AAOG,Leverage Shares 2X Long AAOI Daily ETF,2026-05-27
AAOX,Tradr 2X Long AAOI Daily ETF,2026-05-27
AAPX,T-Rex 2X Long Apple Daily Target ETF,2026-05-27
APLX,Tradr 2X Long APLD Daily ETF,2026-05-27
APLZ,Tradr 2X Short APLD Daily ETF,2026-05-27
ASTN,Defiance Daily Target 2X Short ASTS ETF,2026-05-27
ASTX,Tradr 2X Long ASTS Daily ETF,2026-05-27
BMNU,T-REX 2X Long BMNR Daily Target ETF,2026-05-27
KMAY,Innovator U.S. Small Cap Power Buffer ETF - May,2026-05-27
LUNL,Defiance Daily Target 2X Long LUNR ETF,2026-05-27
MAYW,AllianzIM U.S. Equity Buffer20 May ETF,2026-05-27
MSTU,T-Rex 2X Long MSTR Daily Target ETF,2026-05-27
NVDQ,T-Rex 2X Inverse NVIDIA Daily Target ETF,2026-05-27
NVDX,T-Rex 2X Long NVIDIA Daily Target ETF,2026-05-27
ONDL,Defiance Daily Target 2X Long ONDS ETF,2026-05-27
PBMY,PGIM S&P 500 Buffer 20 ETF - May,2026-05-27
POEL,Defiance Daily Target 2X Long POET ETF,2026-05-27
QBTX,Tradr 2X Long QBTS Daily ETF,2026-05-27
RDWU,T-REX 2X Long RDW Daily Target ETF,2026-05-27
SMAY,FT Vest U.S. Small Cap Moderate Buffer ETF - May,2026-05-27
SNDG,Leverage Shares 2X Long SNDK Daily ETF,2026-05-27
SNXX,Tradr 2X Long SNDK Daily ETF,2026-05-27
TSLZ,T-Rex 2X Inverse Tesla Daily Target ETF,2026-05-27
WDRN,"WisdomTree Physical AI, Humanoids and Drones Fund",2026-05-27
XNDX,Tradr 2X Long XNDU Daily ETF,2026-05-27
AAOG,Leverage Shares 2X Long AAOI Daily ETF,2026-05-28
AAOX,Tradr 2X Long AAOI Daily ETF,2026-05-28
AAPX,T-Rex 2X Long Apple Daily Target ETF,2026-05-28
APLX,Tradr 2X Long APLD Daily ETF,2026-05-28
APLZ,Tradr 2X Short APLD Daily ETF,2026-05-28
ASTN,Defiance Daily Target 2X Short ASTS ETF,2026-05-28
ASTX,Tradr 2X Long ASTS Daily ETF,2026-05-28
BMNU,T-REX 2X Long BMNR Daily Target ETF,2026-05-28
KMAY,Innovator U.S. Small Cap Power Buffer ETF - May,2026-05-28
LUNL,Defiance Daily Target 2X Long LUNR ETF,2026-05-28
MAYW,AllianzIM U.S. Equity Buffer20 May ETF,2026-05-28
MSTU,T-Rex 2X Long MSTR Daily Target ETF,2026-05-28
NVDQ,T-Rex 2X Inverse NVIDIA Daily Target ETF,2026-05-28
ONDL,Defiance Daily Target 2X Long ONDS ETF,2026-05-28
PBMY,PGIM S&P 500 Buffer 20 ETF - May,2026-05-28
POEL,Defiance Daily Target 2X Long POET ETF,2026-05-28
QBTX,Tradr 2X Long QBTS Daily ETF,2026-05-28
RDWU,T-REX 2X Long RDW Daily Target ETF,2026-05-28
SMAY,FT Vest U.S. Small Cap Moderate Buffer ETF - May,2026-05-28
SNDG,Leverage Shares 2X Long SNDK Daily ETF,2026-05-28
WDRN,"WisdomTree Physical AI, Humanoids and Drones Fund",2026-05-28
XNDX,Tradr 2X Long XNDU Daily ETF,2026-05-28
AAOX,Tradr 2X Long AAOI Daily ETF,2026-05-29
AMAU,Leverage Shares 2X Long AMAT Daily ETF,2026-05-29
APLX,Tradr 2X Long APLD Daily ETF,2026-05-29
APLZ,Tradr 2X Short APLD Daily ETF,2026-05-29
ASTN,Defiance Daily Target 2X Short ASTS ETF,2026-05-29
ASTX,Tradr 2X Long ASTS Daily ETF,2026-05-29
ASTY,Defiance Daily Target 2X Long ASTS ETF,2026-05-29
BMNU,T-REX 2X Long BMNR Daily Target ETF,2026-05-29
KMAY,Innovator U.S. Small Cap Power Buffer ETF - May,2026-05-29
LUNL,Defiance Daily Target 2X Long LUNR ETF,2026-05-29
MAYW,AllianzIM U.S. Equity Buffer20 May ETF,2026-05-29
MSTU,T-Rex 2X Long MSTR Daily Target ETF,2026-05-29
NVDQ,T-Rex 2X Inverse NVIDIA Daily Target ETF,2026-05-29
ONDL,Defiance Daily Target 2X Long ONDS ETF,2026-05-29
PBMY,PGIM S&P 500 Buffer 20 ETF - May,2026-05-29
POEL,Defiance Daily Target 2X Long POET ETF,2026-05-29
QBTX,Tradr 2X Long QBTS Daily ETF,2026-05-29
RDWU,T-REX 2X Long RDW Daily Target ETF,2026-05-29
SMAY,FT Vest U.S. Small Cap Moderate Buffer ETF - May,2026-05-29
SNDG,Leverage Shares 2X Long SNDK Daily ETF,2026-05-29
WDRN,"WisdomTree Physical AI, Humanoids and Drones Fund",2026-05-29
XNDX,Tradr 2X Long XNDU Daily ETF,2026-05-29
XOVL,Defiance Daily Target 2X Long XOVR ETF,2026-05-29
AAOX,Tradr 2X Long AAOI Daily ETF,2026-06-01
AMAU,Leverage Shares 2X Long AMAT Daily ETF,2026-06-01
APLX,Tradr 2X Long APLD Daily ETF,2026-06-01
APLZ,Tradr 2X Short APLD Daily ETF,2026-06-01
ASTN,Defiance Daily Target 2X Short ASTS ETF,2026-06-01
ASTX,Tradr 2X Long ASTS Daily ETF,2026-06-01
ASTY,Defiance Daily Target 2X Long ASTS ETF,2026-06-01
AXTU,T-REX 2X Long AXTI Daily Target ETF,2026-06-01
BMNU,T-REX 2X Long BMNR Daily Target ETF,2026-06-01
KMAY,Innovator U.S. Small Cap Power Buffer ETF - May,2026-06-01
KTUP,T-REX 2X Long KTOS Daily Target ETF,2026-06-01
LUNL,Defiance Daily Target 2X Long LUNR ETF,2026-06-01
MAYW,AllianzIM U.S. Equity Buffer20 May ETF,2026-06-01
MSTU,T-Rex 2X Long MSTR Daily Target ETF,2026-06-01
ONDL,Defiance Daily Target 2X Long ONDS ETF,2026-06-01
PBMY,PGIM S&P 500 Buffer 20 ETF - May,2026-06-01
POEL,Defiance Daily Target 2X Long POET ETF,2026-06-01
QBTX,Tradr 2X Long QBTS Daily ETF,2026-06-01
RDWU,T-REX 2X Long RDW Daily Target ETF,2026-06-01
SMAY,FT Vest U.S. Small Cap Moderate Buffer ETF - May,2026-06-01
SNDG,Leverage Shares 2X Long SNDK Daily ETF,2026-06-01
SVIX,-1x Short VIX Futures ETF,2026-06-01
WDRN,"WisdomTree Physical AI, Humanoids and Drones Fund",2026-06-01
XNDX,Tradr 2X Long XNDU Daily ETF,2026-06-01
XOVL,Defiance Daily Target 2X Long XOVR ETF,2026-06-01
AAOX,Tradr 2X Long AAOI Daily ETF,2026-06-02
AMAU,Leverage Shares 2X Long AMAT Daily ETF,2026-06-02
APLX,Tradr 2X Long APLD Daily ETF,2026-06-02
APLZ,Tradr 2X Short APLD Daily ETF,2026-06-02
ASTN,Defiance Daily Target 2X Short ASTS ETF,2026-06-02
ASTX,Tradr 2X Long ASTS Daily ETF,2026-06-02
ASTY,Defiance Daily Target 2X Long ASTS ETF,2026-06-02
AXTU,T-REX 2X Long AXTI Daily Target ETF,2026-06-02
BMNU,T-REX 2X Long BMNR Daily Target ETF,2026-06-02
CBRG,Leverage Shares 2X Long CBRS Daily ETF,2026-06-02
KMAY,Innovator U.S. Small Cap Power Buffer ETF - May,2026-06-02
KTUP,T-REX 2X Long KTOS Daily Target ETF,2026-06-02
LUNL,Defiance Daily Target 2X Long LUNR ETF,2026-06-02
MSTU,T-Rex 2X Long MSTR Daily Target ETF,2026-06-02
ONDL,Defiance Daily Target 2X Long ONDS ETF,2026-06-02
PBMY,PGIM S&P 500 Buffer 20 ETF - May,2026-06-02
POEL,Defiance Daily Target 2X Long POET ETF,2026-06-02
QBTX,Tradr 2X Long QBTS Daily ETF,2026-06-02
RDWU,T-REX 2X Long RDW Daily Target ETF,2026-06-02
SMAY,FT Vest U.S. Small Cap Moderate Buffer ETF - May,2026-06-02
SNDG,Leverage Shares 2X Long SNDK Daily ETF,2026-06-02
SVIX,-1x Short VIX Futures ETF,2026-06-02
WDRN,"WisdomTree Physical AI, Humanoids and Drones Fund",2026-06-02
XNDX,Tradr 2X Long XNDU Daily ETF,2026-06-02
XOVL,Defiance Daily Target 2X Long XOVR ETF,2026-06-02
AAOX,Tradr 2X Long AAOI Daily ETF,2026-06-03
AMAU,Leverage Shares 2X Long AMAT Daily ETF,2026-06-03
APLX,Tradr 2X Long APLD Daily ETF,2026-06-03
APLZ,Tradr 2X Short APLD Daily ETF,2026-06-03
ASTN,Defiance Daily Target 2X Short ASTS ETF,2026-06-03
ASTX,Tradr 2X Long ASTS Daily ETF,2026-06-03
ASTY,Defiance Daily Target 2X Long ASTS ETF,2026-06-03
AXTU,T-REX 2X Long AXTI Daily Target ETF,2026-06-03
BMNU,T-REX 2X Long BMNR Daily Target ETF,2026-06-03
CBRG,Leverage Shares 2X Long CBRS Daily ETF,2026-06-03
KMAY,Innovator U.S. Small Cap Power Buffer ETF - May,2026-06-03
KTUP,T-REX 2X Long KTOS Daily Target ETF,2026-06-03
LUNL,Defiance Daily Target 2X Long LUNR ETF,2026-06-03
MSTU,T-Rex 2X Long MSTR Daily Target ETF,2026-06-03
ONDL,Defiance Daily Target 2X Long ONDS ETF,2026-06-03
PBMY,PGIM S&P 500 Buffer 20 ETF - May,2026-06-03
POEL,Defiance Daily Target 2X Long POET ETF,2026-06-03
QBTX,Tradr 2X Long QBTS Daily ETF,2026-06-03
RDWU,T-REX 2X Long RDW Daily Target ETF,2026-06-03
SNDG,Leverage Shares 2X Long SNDK Daily ETF,2026-06-03
SVIX,-1x Short VIX Futures ETF,2026-06-03
WDRN,"WisdomTree Physical AI, Humanoids and Drones Fund",2026-06-03
XOVL,Defiance Daily Target 2X Long XOVR ETF,2026-06-03
AAOX,Tradr 2X Long AAOI Daily ETF,2026-06-04
AMAU,Leverage Shares 2X Long AMAT Daily ETF,2026-06-04
APLX,Tradr 2X Long APLD Daily ETF,2026-06-04
APLZ,Tradr 2X Short APLD Daily ETF,2026-06-04
ASTN,Defiance Daily Target 2X Short ASTS ETF,2026-06-04
ASTX,Tradr 2X Long ASTS Daily ETF,2026-06-04
ASTY,Defiance Daily Target 2X Long ASTS ETF,2026-06-04
AXTU,T-REX 2X Long AXTI Daily Target ETF,2026-06-04
BMNU,T-REX 2X Long BMNR Daily Target ETF,2026-06-04
CBRG,Leverage Shares 2X Long CBRS Daily ETF,2026-06-04
CNYA,iShares MSCI China A ETF,2026-06-04
JUNW,AllianzIM U.S. Equity Buffer20 Jun ETF,2026-06-04
KMAY,Innovator U.S. Small Cap Power Buffer ETF - May,2026-06-04
KTUP,T-REX 2X Long KTOS Daily Target ETF,2026-06-04
LUNL,Defiance Daily Target 2X Long LUNR ETF,2026-06-04
MSTU,T-Rex 2X Long MSTR Daily Target ETF,2026-06-04
NFLU,T-Rex 2X Long NFLX Daily Target ETF,2026-06-04
ONDL,Defiance Daily Target 2X Long ONDS ETF,2026-06-04
PBMY,PGIM S&P 500 Buffer 20 ETF - May,2026-06-04
POEL,Defiance Daily Target 2X Long POET ETF,2026-06-04
QBTX,Tradr 2X Long QBTS Daily ETF,2026-06-04
QMMY,FT Vest Nasdaq-100 Moderate Buffer ETF - May,2026-06-04
RDWU,T-REX 2X Long RDW Daily Target ETF,2026-06-04
SNDG,Leverage Shares 2X Long SNDK Daily ETF,2026-06-04
SVIX,-1x Short VIX Futures ETF,2026-06-04
TTDU,T-REX 2X Long TTD Daily Target ETF,2026-06-04
WDRN,"WisdomTree Physical AI, Humanoids and Drones Fund",2026-06-04
XOVL,Defiance Daily Target 2X Long XOVR ETF,2026-06-04
ZJUN,Innovator Equity Defined Protection ETF - 1 Yr June,2026-06-04
AAOX,Tradr 2X Long AAOI Daily ETF,2026-06-05
AMAU,Leverage Shares 2X Long AMAT Daily ETF,2026-06-05
APLX,Tradr 2X Long APLD Daily ETF,2026-06-05
APLZ,Tradr 2X Short APLD Daily ETF,2026-06-05
ASTN,Defiance Daily Target 2X Short ASTS ETF,2026-06-05
ASTX,Tradr 2X Long ASTS Daily ETF,2026-06-05
ASTY,Defiance Daily Target 2X Long ASTS ETF,2026-06-05
AXTU,T-REX 2X Long AXTI Daily Target ETF,2026-06-05
BMNU,T-REX 2X Long BMNR Daily Target ETF,2026-06-05
CBRG,Leverage Shares 2X Long CBRS Daily ETF,2026-06-05
CNYA,iShares MSCI China A ETF,2026-06-05
JUNW,AllianzIM U.S. Equity Buffer20 Jun ETF,2026-06-05
KMAY,Innovator U.S. Small Cap Power Buffer ETF - May,2026-06-05
KTUP,T-REX 2X Long KTOS Daily Target ETF,2026-06-05
LUNL,Defiance Daily Target 2X Long LUNR ETF,2026-06-05
MSTU,T-Rex 2X Long MSTR Daily Target ETF,2026-06-05
NFLU,T-Rex 2X Long NFLX Daily Target ETF,2026-06-05
ONDL,Defiance Daily Target 2X Long ONDS ETF,2026-06-05
POEL,Defiance Daily Target 2X Long POET ETF,2026-06-05
QBTX,Tradr 2X Long QBTS Daily ETF,2026-06-05
QMMY,FT Vest Nasdaq-100 Moderate Buffer ETF - May,2026-06-05
RDWU,T-REX 2X Long RDW Daily Target ETF,2026-06-05
SNDG,Leverage Shares 2X Long SNDK Daily ETF,2026-06-05
SVIX,-1x Short VIX Futures ETF,2026-06-05
TTDU,T-REX 2X Long TTD Daily Target ETF,2026-06-05
WDRN,"WisdomTree Physical AI, Humanoids and Drones Fund",2026-06-05
XOVL,Defiance Daily Target 2X Long XOVR ETF,2026-06-05
ZJUN,Innovator Equity Defined Protection ETF - 1 Yr June,2026-06-05
AAOX,Tradr 2X Long AAOI Daily ETF,2026-06-08
AMAU,Leverage Shares 2X Long AMAT Daily ETF,2026-06-08
APLX,Tradr 2X Long APLD Daily ETF,2026-06-08
ASTN,Defiance Daily Target 2X Short ASTS ETF,2026-06-08
ASTX,Tradr 2X Long ASTS Daily ETF,2026-06-08
ASTY,Defiance Daily Target 2X Long ASTS ETF,2026-06-08
AXTU,T-REX 2X Long AXTI Daily Target ETF,2026-06-08
BMNU,T-REX 2X Long BMNR Daily Target ETF,2026-06-08
CBRG,Leverage Shares 2X Long CBRS Daily ETF,2026-06-08
CNYA,iShares MSCI China A ETF,2026-06-08
DDTZ,Innovator Equity Dual Directional 10 Buffer ETF - June,2026-06-08
JUNW,AllianzIM U.S. Equity Buffer20 Jun ETF,2026-06-08
KMAY,Innovator U.S. Small Cap Power Buffer ETF - May,2026-06-08
KTUP,T-REX 2X Long KTOS Daily Target ETF,2026-06-08
LUNL,Defiance Daily Target 2X Long LUNR ETF,2026-06-08
MSTU,T-Rex 2X Long MSTR Daily Target ETF,2026-06-08
NFLU,T-Rex 2X Long NFLX Daily Target ETF,2026-06-08
ONDL,Defiance Daily Target 2X Long ONDS ETF,2026-06-08
POEL,Defiance Daily Target 2X Long POET ETF,2026-06-08
QBTX,Tradr 2X Long QBTS Daily ETF,2026-06-08
QMMY,FT Vest Nasdaq-100 Moderate Buffer ETF - May,2026-06-08
RDWU,T-REX 2X Long RDW Daily Target ETF,2026-06-08
SNDG,Leverage Shares 2X Long SNDK Daily ETF,2026-06-08
SVIX,-1x Short VIX Futures ETF,2026-06-08
TTDU,T-REX 2X Long TTD Daily Target ETF,2026-06-08
WDRN,"WisdomTree Physical AI, Humanoids and Drones Fund",2026-06-08
XOVL,Defiance Daily Target 2X Long XOVR ETF,2026-06-08
ZJUN,Innovator Equity Defined Protection ETF - 1 Yr June,2026-06-08
AAOX,Tradr 2X Long AAOI Daily ETF,2026-06-09
AMAU,Leverage Shares 2X Long AMAT Daily ETF,2026-06-09
APLX,Tradr 2X Long APLD Daily ETF,2026-06-09
ASTN,Defiance Daily Target 2X Short ASTS ETF,2026-06-09
ASTX,Tradr 2X Long ASTS Daily ETF,2026-06-09
ASTY,Defiance Daily Target 2X Long ASTS ETF,2026-06-09
AXTU,T-REX 2X Long AXTI Daily Target ETF,2026-06-09
BMNU,T-REX 2X Long BMNR Daily Target ETF,2026-06-09
CABZ,"Roundhill Robotaxi, Autonomous Vehicles & Technology ETF",2026-06-09
CBRG,Leverage Shares 2X Long CBRS Daily ETF,2026-06-09
CNYA,iShares MSCI China A ETF,2026-06-09
DDTZ,Innovator Equity Dual Directional 10 Buffer ETF - June,2026-06-09
HBMX,Tuttle Capital Concentrated Memory Stack ETF,2026-06-09
JUNW,AllianzIM U.S. Equity Buffer20 Jun ETF,2026-06-09
KMAY,Innovator U.S. Small Cap Power Buffer ETF - May,2026-06-09
KTUP,T-REX 2X Long KTOS Daily Target ETF,2026-06-09
LUNL,Defiance Daily Target 2X Long LUNR ETF,2026-06-09
MSTU,T-Rex 2X Long MSTR Daily Target ETF,2026-06-09
NFLU,T-Rex 2X Long NFLX Daily Target ETF,2026-06-09
ONDL,Defiance Daily Target 2X Long ONDS ETF,2026-06-09
POEL,Defiance Daily Target 2X Long POET ETF,2026-06-09
QBTX,Tradr 2X Long QBTS Daily ETF,2026-06-09
QMMY,FT Vest Nasdaq-100 Moderate Buffer ETF - May,2026-06-09
RDWU,T-REX 2X Long RDW Daily Target ETF,2026-06-09
SNDG,Leverage Shares 2X Long SNDK Daily ETF,2026-06-09
SNDU,T-REX 2X Long SNDK Daily Target ETF,2026-06-09
SVIX,-1x Short VIX Futures ETF,2026-06-09
TTDU,T-REX 2X Long TTD Daily Target ETF,2026-06-09
WDRN,"WisdomTree Physical AI, Humanoids and Drones Fund",2026-06-09
XOVL,Defiance Daily Target 2X Long XOVR ETF,2026-06-09
ZJUN,Innovator Equity Defined Protection ETF - 1 Yr June,2026-06-09
AAOX,Tradr 2X Long AAOI Daily ETF,2026-06-11
AMAU,Leverage Shares 2X Long AMAT Daily ETF,2026-06-11
APLX,Tradr 2X Long APLD Daily ETF,2026-06-11
ASTN,Defiance Daily Target 2X Short ASTS ETF,2026-06-11
ASTX,Tradr 2X Long ASTS Daily ETF,2026-06-11
ASTY,Defiance Daily Target 2X Long ASTS ETF,2026-06-11
AXTU,T-REX 2X Long AXTI Daily Target ETF,2026-06-11
BMNU,T-REX 2X Long BMNR Daily Target ETF,2026-06-11
CABZ,"Roundhill Robotaxi, Autonomous Vehicles & Technology ETF",2026-06-11
CBRG,Leverage Shares 2X Long CBRS Daily ETF,2026-06-11
CNYA,iShares MSCI China A ETF,2026-06-11
DDTZ,Innovator Equity Dual Directional 10 Buffer ETF - June,2026-06-11
HBMX,Tuttle Capital Concentrated Memory Stack ETF,2026-06-11
IDVZ,Polen International Dividend Income Fund,2026-06-11
JUNW,AllianzIM U.S. Equity Buffer20 Jun ETF,2026-06-11
KTUP,T-REX 2X Long KTOS Daily Target ETF,2026-06-11
LUNL,Defiance Daily Target 2X Long LUNR ETF,2026-06-11
MSTU,T-Rex 2X Long MSTR Daily Target ETF,2026-06-11
NFLU,T-Rex 2X Long NFLX Daily Target ETF,2026-06-11
ONDL,Defiance Daily Target 2X Long ONDS ETF,2026-06-11
POEL,Defiance Daily Target 2X Long POET ETF,2026-06-11
QBTX,Tradr 2X Long QBTS Daily ETF,2026-06-11
QMMY,FT Vest Nasdaq-100 Moderate Buffer ETF - May,2026-06-11
RDWU,T-REX 2X Long RDW Daily Target ETF,2026-06-11
SNDG,Leverage Shares 2X Long SNDK Daily ETF,2026-06-11
SNDU,T-REX 2X Long SNDK Daily Target ETF,2026-06-11
SVIX,-1x Short VIX Futures ETF,2026-06-11
TTDU,T-REX 2X Long TTD Daily Target ETF,2026-06-11
WDRN,"WisdomTree Physical AI, Humanoids and Drones Fund",2026-06-11
XOVL,Defiance Daily Target 2X Long XOVR ETF,2026-06-11
ZJUN,Innovator Equity Defined Protection ETF - 1 Yr June,2026-06-11
AAOX,Tradr 2X Long AAOI Daily ETF,2026-06-12
AMAU,Leverage Shares 2X Long AMAT Daily ETF,2026-06-12
AMPU,Defiance Daily Target 2X Long AMPX ETF,2026-06-12
APLX,Tradr 2X Long APLD Daily ETF,2026-06-12
ASTN,Defiance Daily Target 2X Short ASTS ETF,2026-06-12
ASTX,Tradr 2X Long ASTS Daily ETF,2026-06-12
ASTY,Defiance Daily Target 2X Long ASTS ETF,2026-06-12
AXTU,T-REX 2X Long AXTI Daily Target ETF,2026-06-12
BMNU,T-REX 2X Long BMNR Daily Target ETF,2026-06-12
CABZ,"Roundhill Robotaxi, Autonomous Vehicles & Technology ETF",2026-06-12
CBRG,Leverage Shares 2X Long CBRS Daily ETF,2026-06-12
DDTZ,Innovator Equity Dual Directional 10 Buffer ETF - June,2026-06-12
HBMX,Tuttle Capital Concentrated Memory Stack ETF,2026-06-12
IDVZ,Polen International Dividend Income Fund,2026-06-12
INFH,Defiance Daily Target 2X Long INFQ ETF,2026-06-12
LITZ,Tradr 2X Short LITE Daily ETF,2026-06-12
LUNL,Defiance Daily Target 2X Long LUNR ETF,2026-06-12
MSTU,T-Rex 2X Long MSTR Daily Target ETF,2026-06-12
NFLU,T-Rex 2X Long NFLX Daily Target ETF,2026-06-12
ONDL,Defiance Daily Target 2X Long ONDS ETF,2026-06-12
POEL,Defiance Daily Target 2X Long POET ETF,2026-06-12
QBTX,Tradr 2X Long QBTS Daily ETF,2026-06-12
RDWU,T-REX 2X Long RDW Daily Target ETF,2026-06-12
SNDG,Leverage Shares 2X Long SNDK Daily ETF,2026-06-12
SNDU,T-REX 2X Long SNDK Daily Target ETF,2026-06-12
SVIX,-1x Short VIX Futures ETF,2026-06-12
TTDU,T-REX 2X Long TTD Daily Target ETF,2026-06-12
XOVL,Defiance Daily Target 2X Long XOVR ETF,2026-06-12
ZJUN,Innovator Equity Defined Protection ETF - 1 Yr June,2026-06-12
AAOX,Tradr 2X Long AAOI Daily ETF,2026-06-15
AMAU,Leverage Shares 2X Long AMAT Daily ETF,2026-06-15
AMPU,Defiance Daily Target 2X Long AMPX ETF,2026-06-15
APLX,Tradr 2X Long APLD Daily ETF,2026-06-15
ASTN,Defiance Daily Target 2X Short ASTS ETF,2026-06-15
ASTX,Tradr 2X Long ASTS Daily ETF,2026-06-15
ASTY,Defiance Daily Target 2X Long ASTS ETF,2026-06-15
AXTU,T-REX 2X Long AXTI Daily Target ETF,2026-06-15
BLDG,Cambria Global Real Estate ETF,2026-06-15
BMNU,T-REX 2X Long BMNR Daily Target ETF,2026-06-15
CABZ,"Roundhill Robotaxi, Autonomous Vehicles & Technology ETF",2026-06-15
CBRG,Leverage Shares 2X Long CBRS Daily ETF,2026-06-15
DDTZ,Innovator Equity Dual Directional 10 Buffer ETF - June,2026-06-15
HBMX,Tuttle Capital Concentrated Memory Stack ETF,2026-06-15
IDVZ,Polen International Dividend Income Fund,2026-06-15
INFH,Defiance Daily Target 2X Long INFQ ETF,2026-06-15
LITZ,Tradr 2X Short LITE Daily ETF,2026-06-15
LUNL,Defiance Daily Target 2X Long LUNR ETF,2026-06-15
MSTU,T-Rex 2X Long MSTR Daily Target ETF,2026-06-15
NFLU,T-Rex 2X Long NFLX Daily Target ETF,2026-06-15
NJUN,Innovator Growth-100 Power Buffer ETF - June,2026-06-15
ONDL,Defiance Daily Target 2X Long ONDS ETF,2026-06-15
POEL,Defiance Daily Target 2X Long POET ETF,2026-06-15
QBTX,Tradr 2X Long QBTS Daily ETF,2026-06-15
RDWU,T-REX 2X Long RDW Daily Target ETF,2026-06-15
SNDG,Leverage Shares 2X Long SNDK Daily ETF,2026-06-15
SNDU,T-REX 2X Long SNDK Daily Target ETF,2026-06-15
SVIX,-1x Short VIX Futures ETF,2026-06-15
TTDU,T-REX 2X Long TTD Daily Target ETF,2026-06-15
XOVL,Defiance Daily Target 2X Long XOVR ETF,2026-06-15
ZJUN,Innovator Equity Defined Protection ETF - 1 Yr June,2026-06-15
AAOX,Tradr 2X Long AAOI Daily ETF,2026-06-16
AMAU,Leverage Shares 2X Long AMAT Daily ETF,2026-06-16
AMPU,Defiance Daily Target 2X Long AMPX ETF,2026-06-16
APLX,Tradr 2X Long APLD Daily ETF,2026-06-16
ASTN,Defiance Daily Target 2X Short ASTS ETF,2026-06-16
ASTX,Tradr 2X Long ASTS Daily ETF,2026-06-16
ASTY,Defiance Daily Target 2X Long ASTS ETF,2026-06-16
AXTU,T-REX 2X Long AXTI Daily Target ETF,2026-06-16
BLDG,Cambria Global Real Estate ETF,2026-06-16
CABZ,"Roundhill Robotaxi, Autonomous Vehicles & Technology ETF",2026-06-16
CBRG,Leverage Shares 2X Long CBRS Daily ETF,2026-06-16
DDTZ,Innovator Equity Dual Directional 10 Buffer ETF - June,2026-06-16
HBMX,Tuttle Capital Concentrated Memory Stack ETF,2026-06-16
IDVZ,Polen International Dividend Income Fund,2026-06-16
INFH,Defiance Daily Target 2X Long INFQ ETF,2026-06-16
LITZ,Tradr 2X Short LITE Daily ETF,2026-06-16
LUNL,Defiance Daily Target 2X Long LUNR ETF,2026-06-16
MSTU,T-Rex 2X Long MSTR Daily Target ETF,2026-06-16
NFLU,T-Rex 2X Long NFLX Daily Target ETF,2026-06-16
NJUN,Innovator Growth-100 Power Buffer ETF - June,2026-06-16
ONDL,Defiance Daily Target 2X Long ONDS ETF,2026-06-16
POEL,Defiance Daily Target 2X Long POET ETF,2026-06-16
QBTX,Tradr 2X Long QBTS Daily ETF,2026-06-16
RDWU,T-REX 2X Long RDW Daily Target ETF,2026-06-16
SNDG,Leverage Shares 2X Long SNDK Daily ETF,2026-06-16
SNDU,T-REX 2X Long SNDK Daily Target ETF,2026-06-16
TSLT,T-Rex 2X Long Tesla Daily Target ETF,2026-06-16
TTDU,T-REX 2X Long TTD Daily Target ETF,2026-06-16
XOVL,Defiance Daily Target 2X Long XOVR ETF,2026-06-16
ZJUN,Innovator Equity Defined Protection ETF - 1 Yr June,2026-06-16
AAOX,Tradr 2X Long AAOI Daily ETF,2026-06-17
AMAU,Leverage Shares 2X Long AMAT Daily ETF,2026-06-17
AMPU,Defiance Daily Target 2X Long AMPX ETF,2026-06-17
APLX,Tradr 2X Long APLD Daily ETF,2026-06-17
ASTN,Defiance Daily Target 2X Short ASTS ETF,2026-06-17
ASTX,Tradr 2X Long ASTS Daily ETF,2026-06-17
ASTY,Defiance Daily Target 2X Long ASTS ETF,2026-06-17
AXTU,T-REX 2X Long AXTI Daily Target ETF,2026-06-17
BLDG,Cambria Global Real Estate ETF,2026-06-17
CABZ,"Roundhill Robotaxi, Autonomous Vehicles & Technology ETF",2026-06-17
CBRG,Leverage Shares 2X Long CBRS Daily ETF,2026-06-17
DDTZ,Innovator Equity Dual Directional 10 Buffer ETF - June,2026-06-17
HBMX,Tuttle Capital Concentrated Memory Stack ETF,2026-06-17
IDVZ,Polen International Dividend Income Fund,2026-06-17
INFH,Defiance Daily Target 2X Long INFQ ETF,2026-06-17
LITZ,Tradr 2X Short LITE Daily ETF,2026-06-17
LUNL,Defiance Daily Target 2X Long LUNR ETF,2026-06-17
MSTU,T-Rex 2X Long MSTR Daily Target ETF,2026-06-17
NFLU,T-Rex 2X Long NFLX Daily Target ETF,2026-06-17
NJUN,Innovator Growth-100 Power Buffer ETF - June,2026-06-17
ONDL,Defiance Daily Target 2X Long ONDS ETF,2026-06-17
POEL,Defiance Daily Target 2X Long POET ETF,2026-06-17
QBTX,Tradr 2X Long QBTS Daily ETF,2026-06-17
RDWU,T-REX 2X Long RDW Daily Target ETF,2026-06-17
SMU,Tradr 2X Long SMR Daily ETF,2026-06-17
SNDG,Leverage Shares 2X Long SNDK Daily ETF,2026-06-17
SNDU,T-REX 2X Long SNDK Daily Target ETF,2026-06-17
TSLT,T-Rex 2X Long Tesla Daily Target ETF,2026-06-17
TTDU,T-REX 2X Long TTD Daily Target ETF,2026-06-17
XOVL,Defiance Daily Target 2X Long XOVR ETF,2026-06-17
ZJUN,Innovator Equity Defined Protection ETF - 1 Yr June,2026-06-17
AAOX,Tradr 2X Long AAOI Daily ETF,2026-06-18
AMAU,Leverage Shares 2X Long AMAT Daily ETF,2026-06-18
AMPU,Defiance Daily Target 2X Long AMPX ETF,2026-06-18
APLX,Tradr 2X Long APLD Daily ETF,2026-06-18
ASTN,Defiance Daily Target 2X Short ASTS ETF,2026-06-18
ASTX,Tradr 2X Long ASTS Daily ETF,2026-06-18
ASTY,Defiance Daily Target 2X Long ASTS ETF,2026-06-18
AXTU,T-REX 2X Long AXTI Daily Target ETF,2026-06-18
BLDG,Cambria Global Real Estate ETF,2026-06-18
CABZ,"Roundhill Robotaxi, Autonomous Vehicles & Technology ETF",2026-06-18
CBRG,Leverage Shares 2X Long CBRS Daily ETF,2026-06-18
DDTZ,Innovator Equity Dual Directional 10 Buffer ETF - June,2026-06-18
FPAS,FPA Short Duration Government ETF,2026-06-18
HBMX,Tuttle Capital Concentrated Memory Stack ETF,2026-06-18
IDVZ,Polen International Dividend Income Fund,2026-06-18
INFH,Defiance Daily Target 2X Long INFQ ETF,2026-06-18
LITZ,Tradr 2X Short LITE Daily ETF,2026-06-18
LUNL,Defiance Daily Target 2X Long LUNR ETF,2026-06-18
MSTU,T-Rex 2X Long MSTR Daily Target ETF,2026-06-18
NFLU,T-Rex 2X Long NFLX Daily Target ETF,2026-06-18
NJUN,Innovator Growth-100 Power Buffer ETF - June,2026-06-18
ONDL,Defiance Daily Target 2X Long ONDS ETF,2026-06-18
PCPP,Porter & Company Porter Portfolio Index ETF,2026-06-18
POEL,Defiance Daily Target 2X Long POET ETF,2026-06-18
QBTX,Tradr 2X Long QBTS Daily ETF,2026-06-18
RDWU,T-REX 2X Long RDW Daily Target ETF,2026-06-18
SMU,Tradr 2X Long SMR Daily ETF,2026-06-18
SNDG,Leverage Shares 2X Long SNDK Daily ETF,2026-06-18
SNDU,T-REX 2X Long SNDK Daily Target ETF,2026-06-18
SPCL,Defiance Daily 2X Space ETF,2026-06-18
TSLT,T-Rex 2X Long Tesla Daily Target ETF,2026-06-18
TTDU,T-REX 2X Long TTD Daily Target ETF,2026-06-18
VELL,Defiance Daily Target 2X Long VELO ETF,2026-06-18
XOVL,Defiance Daily Target 2X Long XOVR ETF,2026-06-18
ZJUN,Innovator Equity Defined Protection ETF - 1 Yr June,2026-06-18
AAOX,Tradr 2X Long AAOI Daily ETF,2026-06-22
AMAU,Leverage Shares 2X Long AMAT Daily ETF,2026-06-22
AMPU,Defiance Daily Target 2X Long AMPX ETF,2026-06-22
APLX,Tradr 2X Long APLD Daily ETF,2026-06-22
ASTN,Defiance Daily Target 2X Short ASTS ETF,2026-06-22
ASTX,Tradr 2X Long ASTS Daily ETF,2026-06-22
ASTY,Defiance Daily Target 2X Long ASTS ETF,2026-06-22
AXTU,T-REX 2X Long AXTI Daily Target ETF,2026-06-22
BLDG,Cambria Global Real Estate ETF,2026-06-22
CBRG,Leverage Shares 2X Long CBRS Daily ETF,2026-06-22
DDTZ,Innovator Equity Dual Directional 10 Buffer ETF - June,2026-06-22
FPAS,FPA Short Duration Government ETF,2026-06-22
HBMX,Tuttle Capital Concentrated Memory Stack ETF,2026-06-22
IDVZ,Polen International Dividend Income Fund,2026-06-22
INFH,Defiance Daily Target 2X Long INFQ ETF,2026-06-22
LITZ,Tradr 2X Short LITE Daily ETF,2026-06-22
LUNL,Defiance Daily Target 2X Long LUNR ETF,2026-06-22
MSTU,T-Rex 2X Long MSTR Daily Target ETF,2026-06-22
NFLU,T-Rex 2X Long NFLX Daily Target ETF,2026-06-22
NJUN,Innovator Growth-100 Power Buffer ETF - June,2026-06-22
ONDL,Defiance Daily Target 2X Long ONDS ETF,2026-06-22
PCPP,Porter & Company Porter Portfolio Index ETF,2026-06-22
POEL,Defiance Daily Target 2X Long POET ETF,2026-06-22
QBTX,Tradr 2X Long QBTS Daily ETF,2026-06-22
RDWU,T-REX 2X Long RDW Daily Target ETF,2026-06-22
SMU,Tradr 2X Long SMR Daily ETF,2026-06-22
SNDG,Leverage Shares 2X Long SNDK Daily ETF,2026-06-22
SNDU,T-REX 2X Long SNDK Daily Target ETF,2026-06-22
SPCL,Defiance Daily 2X Space ETF,2026-06-22
TSLT,T-Rex 2X Long Tesla Daily Target ETF,2026-06-22
TTDU,T-REX 2X Long TTD Daily Target ETF,2026-06-22
VELL,Defiance Daily Target 2X Long VELO ETF,2026-06-22
XOVL,Defiance Daily Target 2X Long XOVR ETF,2026-06-22
ZJUN,Innovator Equity Defined Protection ETF - 1 Yr June,2026-06-22
AAOX,Tradr 2X Long AAOI Daily ETF,2026-06-23
AMAU,Leverage Shares 2X Long AMAT Daily ETF,2026-06-23
AMPU,Defiance Daily Target 2X Long AMPX ETF,2026-06-23
APLX,Tradr 2X Long APLD Daily ETF,2026-06-23
ASTN,Defiance Daily Target 2X Short ASTS ETF,2026-06-23
ASTX,Tradr 2X Long ASTS Daily ETF,2026-06-23
ASTY,Defiance Daily Target 2X Long ASTS ETF,2026-06-23
AXTU,T-REX 2X Long AXTI Daily Target ETF,2026-06-23
BLDG,Cambria Global Real Estate ETF,2026-06-23
CBRG,Leverage Shares 2X Long CBRS Daily ETF,2026-06-23
DDTZ,Innovator Equity Dual Directional 10 Buffer ETF - June,2026-06-23
FPAS,FPA Short Duration Government ETF,2026-06-23
HBMX,Tuttle Capital Concentrated Memory Stack ETF,2026-06-23
INFH,Defiance Daily Target 2X Long INFQ ETF,2026-06-23
LITZ,Tradr 2X Short LITE Daily ETF,2026-06-23
LUNL,Defiance Daily Target 2X Long LUNR ETF,2026-06-23
MSTU,T-Rex 2X Long MSTR Daily Target ETF,2026-06-23
NFLU,T-Rex 2X Long NFLX Daily Target ETF,2026-06-23
NJUN,Innovator Growth-100 Power Buffer ETF - June,2026-06-23
ONDL,Defiance Daily Target 2X Long ONDS ETF,2026-06-23
PCPP,Porter & Company Porter Portfolio Index ETF,2026-06-23
POEL,Defiance Daily Target 2X Long POET ETF,2026-06-23
QBTX,Tradr 2X Long QBTS Daily ETF,2026-06-23
RDWU,T-REX 2X Long RDW Daily Target ETF,2026-06-23
SMU,Tradr 2X Long SMR Daily ETF,2026-06-23
SNDG,Leverage Shares 2X Long SNDK Daily ETF,2026-06-23
SNDU,T-REX 2X Long SNDK Daily Target ETF,2026-06-23
SNK,GraniteShares 2x Short SpaceX Daily ETF,2026-06-23
SPAL,GraniteShares 2x Long SpaceX Daily ETF,2026-06-23
SPCH,Leverage Shares 2X Long SPCX Daily ETF,2026-06-23
SPCL,Defiance Daily 2X Space ETF,2026-06-23
SPCM,Tradr 2X Long SpaceX Daily ETF,2026-06-23
SPCQ,Defiance Daily Target 2X Short SPCX ETF,2026-06-23
SPCU,Defiance Daily Target 2X Long SPCX ETF,2026-06-23
TSLT,T-Rex 2X Long Tesla Daily Target ETF,2026-06-23
TTDU,T-REX 2X Long TTD Daily Target ETF,2026-06-23
VELL,Defiance Daily Target 2X Long VELO ETF,2026-06-23
XOVL,Defiance Daily Target 2X Long XOVR ETF,2026-06-23
ZJUN,Innovator Equity Defined Protection ETF - 1 Yr June,2026-06-23
AAOX,Tradr 2X Long AAOI Daily ETF,2026-06-24
AMAU,Leverage Shares 2X Long AMAT Daily ETF,2026-06-24
AMPU,Defiance Daily Target 2X Long AMPX ETF,2026-06-24
APLX,Tradr 2X Long APLD Daily ETF,2026-06-24
ASTN,Defiance Daily Target 2X Short ASTS ETF,2026-06-24
ASTX,Tradr 2X Long ASTS Daily ETF,2026-06-24
ASTY,Defiance Daily Target 2X Long ASTS ETF,2026-06-24
AXTU,T-REX 2X Long AXTI Daily Target ETF,2026-06-24
BLDG,Cambria Global Real Estate ETF,2026-06-24
CBRG,Leverage Shares 2X Long CBRS Daily ETF,2026-06-24
FPAS,FPA Short Duration Government ETF,2026-06-24
HBMX,Tuttle Capital Concentrated Memory Stack ETF,2026-06-24
INFH,Defiance Daily Target 2X Long INFQ ETF,2026-06-24
LITZ,Tradr 2X Short LITE Daily ETF,2026-06-24
LUNL,Defiance Daily Target 2X Long LUNR ETF,2026-06-24
MSTU,T-Rex 2X Long MSTR Daily Target ETF,2026-06-24
NFLU,T-Rex 2X Long NFLX Daily Target ETF,2026-06-24
NJUN,Innovator Growth-100 Power Buffer ETF - June,2026-06-24
ONDL,Defiance Daily Target 2X Long ONDS ETF,2026-06-24
PCPP,Porter & Company Porter Portfolio Index ETF,2026-06-24
POEL,Defiance Daily Target 2X Long POET ETF,2026-06-24
QTUP,Defiance Pure Quantum ETF,2026-06-24
RDWU,T-REX 2X Long RDW Daily Target ETF,2026-06-24
SMU,Tradr 2X Long SMR Daily ETF,2026-06-24
SNDG,Leverage Shares 2X Long SNDK Daily ETF,2026-06-24
SNDU,T-REX 2X Long SNDK Daily Target ETF,2026-06-24
SNK,GraniteShares 2x Short SpaceX Daily ETF,2026-06-24
SPAL,GraniteShares 2x Long SpaceX Daily ETF,2026-06-24
SPCH,Leverage Shares 2X Long SPCX Daily ETF,2026-06-24
SPCL,Defiance Daily 2X Space ETF,2026-06-24
SPCM,Tradr 2X Long SpaceX Daily ETF,2026-06-24
SPCQ,Defiance Daily Target 2X Short SPCX ETF,2026-06-24
SPCU,Defiance Daily Target 2X Long SPCX ETF,2026-06-24
TSLT,T-Rex 2X Long Tesla Daily Target ETF,2026-06-24
TTDU,T-REX 2X Long TTD Daily Target ETF,2026-06-24
VELL,Defiance Daily Target 2X Long VELO ETF,2026-06-24
XOVL,Defiance Daily Target 2X Long XOVR ETF,2026-06-24
ZJUN,Innovator Equity Defined Protection ETF - 1 Yr June,2026-06-24
AAOX,Tradr 2X Long AAOI Daily ETF,2026-06-25
AMAU,Leverage Shares 2X Long AMAT Daily ETF,2026-06-25
AMPU,Defiance Daily Target 2X Long AMPX ETF,2026-06-25
APLX,Tradr 2X Long APLD Daily ETF,2026-06-25
ASTN,Defiance Daily Target 2X Short ASTS ETF,2026-06-25
ASTX,Tradr 2X Long ASTS Daily ETF,2026-06-25
ASTY,Defiance Daily Target 2X Long ASTS ETF,2026-06-25
AXTU,T-REX 2X Long AXTI Daily Target ETF,2026-06-25
DDTY,Innovator Equity Dual Directional 10 Buffer ETF - May,2026-06-25
FPAS,FPA Short Duration Government ETF,2026-06-25
HBMX,Tuttle Capital Concentrated Memory Stack ETF,2026-06-25
INFH,Defiance Daily Target 2X Long INFQ ETF,2026-06-25
LITZ,Tradr 2X Short LITE Daily ETF,2026-06-25
LUNL,Defiance Daily Target 2X Long LUNR ETF,2026-06-25
MSTU,T-Rex 2X Long MSTR Daily Target ETF,2026-06-25
NFLU,T-Rex 2X Long NFLX Daily Target ETF,2026-06-25
NJUN,Innovator Growth-100 Power Buffer ETF - June,2026-06-25
ONDL,Defiance Daily Target 2X Long ONDS ETF,2026-06-25
PCPP,Porter & Company Porter Portfolio Index ETF,2026-06-25
POEL,Defiance Daily Target 2X Long POET ETF,2026-06-25
QTUP,Defiance Pure Quantum ETF,2026-06-25
RDWU,T-REX 2X Long RDW Daily Target ETF,2026-06-25
SMU,Tradr 2X Long SMR Daily ETF,2026-06-25
SNDG,Leverage Shares 2X Long SNDK Daily ETF,2026-06-25
SNDU,T-REX 2X Long SNDK Daily Target ETF,2026-06-25
SNK,GraniteShares 2x Short SpaceX Daily ETF,2026-06-25
SPAL,GraniteShares 2x Long SpaceX Daily ETF,2026-06-25
SPCH,Leverage Shares 2X Long SPCX Daily ETF,2026-06-25
SPCL,Defiance Daily 2X Space ETF,2026-06-25
SPCM,Tradr 2X Long SpaceX Daily ETF,2026-06-25
SPCQ,Defiance Daily Target 2X Short SPCX ETF,2026-06-25
SPCU,Defiance Daily Target 2X Long SPCX ETF,2026-06-25
TSLT,T-Rex 2X Long Tesla Daily Target ETF,2026-06-25
TTDU,T-REX 2X Long TTD Daily Target ETF,2026-06-25
VELL,Defiance Daily Target 2X Long VELO ETF,2026-06-25
XOVL,Defiance Daily Target 2X Long XOVR ETF,2026-06-25
ZJUN,Innovator Equity Defined Protection ETF - 1 Yr June,2026-06-25
AAOX,Tradr 2X Long AAOI Daily ETF,2026-06-26
AMAU,Leverage Shares 2X Long AMAT Daily ETF,2026-06-26
AMPU,Defiance Daily Target 2X Long AMPX ETF,2026-06-26
APLX,Tradr 2X Long APLD Daily ETF,2026-06-26
ASTN,Defiance Daily Target 2X Short ASTS ETF,2026-06-26
ASTX,Tradr 2X Long ASTS Daily ETF,2026-06-26
ASTY,Defiance Daily Target 2X Long ASTS ETF,2026-06-26
AXTU,T-REX 2X Long AXTI Daily Target ETF,2026-06-26
DDTY,Innovator Equity Dual Directional 10 Buffer ETF - May,2026-06-26
FPAS,FPA Short Duration Government ETF,2026-06-26
HBMX,Tuttle Capital Concentrated Memory Stack ETF,2026-06-26
INFH,Defiance Daily Target 2X Long INFQ ETF,2026-06-26
LITZ,Tradr 2X Short LITE Daily ETF,2026-06-26
LUNL,Defiance Daily Target 2X Long LUNR ETF,2026-06-26
MSTU,T-Rex 2X Long MSTR Daily Target ETF,2026-06-26
NFLU,T-Rex 2X Long NFLX Daily Target ETF,2026-06-26
NJUN,Innovator Growth-100 Power Buffer ETF - June,2026-06-26
ONDL,Defiance Daily Target 2X Long ONDS ETF,2026-06-26
PCPP,Porter & Company Porter Portfolio Index ETF,2026-06-26
POEL,Defiance Daily Target 2X Long POET ETF,2026-06-26
QTUP,Defiance Pure Quantum ETF,2026-06-26
RDWU,T-REX 2X Long RDW Daily Target ETF,2026-06-26
SMU,Tradr 2X Long SMR Daily ETF,2026-06-26
SNDG,Leverage Shares 2X Long SNDK Daily ETF,2026-06-26
SNDU,T-REX 2X Long SNDK Daily Target ETF,2026-06-26
SNK,GraniteShares 2x Short SpaceX Daily ETF,2026-06-26
SPAL,GraniteShares 2x Long SpaceX Daily ETF,2026-06-26
SPCH,Leverage Shares 2X Long SPCX Daily ETF,2026-06-26
SPCL,Defiance Daily 2X Space ETF,2026-06-26
SPCM,Tradr 2X Long SpaceX Daily ETF,2026-06-26
SPCQ,Defiance Daily Target 2X Short SPCX ETF,2026-06-26
SPCU,Defiance Daily Target 2X Long SPCX ETF,2026-06-26
TSLT,T-Rex 2X Long Tesla Daily Target ETF,2026-06-26
TTDU,T-REX 2X Long TTD Daily Target ETF,2026-06-26
VELL,Defiance Daily Target 2X Long VELO ETF,2026-06-26
XOVL,Defiance Daily Target 2X Long XOVR ETF,2026-06-26
ZJUN,Innovator Equity Defined Protection ETF - 1 Yr June,2026-06-26
AAOX,Tradr 2X Long AAOI Daily ETF,2026-06-29
AMAU,Leverage Shares 2X Long AMAT Daily ETF,2026-06-29
AMPU,Defiance Daily Target 2X Long AMPX ETF,2026-06-29
APLX,Tradr 2X Long APLD Daily ETF,2026-06-29
ASTN,Defiance Daily Target 2X Short ASTS ETF,2026-06-29
ASTX,Tradr 2X Long ASTS Daily ETF,2026-06-29
ASTY,Defiance Daily Target 2X Long ASTS ETF,2026-06-29
AXTU,T-REX 2X Long AXTI Daily Target ETF,2026-06-29
BTCZ,T-Rex 2X Inverse Bitcoin Daily Target ETF,2026-06-29
CWVX,Tradr 2X Long CRWV Daily ETF,2026-06-29
DDFZ,Innovator Equity Dual Directional 15 Buffer ETF - June,2026-06-29
DDTY,Innovator Equity Dual Directional 10 Buffer ETF - May,2026-06-29
FPAS,FPA Short Duration Government ETF,2026-06-29
HBMX,Tuttle Capital Concentrated Memory Stack ETF,2026-06-29
IBX,Tradr 2X Long IBM Daily ETF,2026-06-29
INFH,Defiance Daily Target 2X Long INFQ ETF,2026-06-29
LUNL,Defiance Daily Target 2X Long LUNR ETF,2026-06-29
MSFX,T-Rex 2X Long Microsoft Daily Target ETF,2026-06-29
MSTU,T-Rex 2X Long MSTR Daily Target ETF,2026-06-29
NFLU,T-Rex 2X Long NFLX Daily Target ETF,2026-06-29
NJUN,Innovator Growth-100 Power Buffer ETF - June,2026-06-29
ONDL,Defiance Daily Target 2X Long ONDS ETF,2026-06-29
ONG,Leverage Shares 2X Long ON Daily ETF,2026-06-29
PCPP,Porter & Company Porter Portfolio Index ETF,2026-06-29
POEL,Defiance Daily Target 2X Long POET ETF,2026-06-29
QTUP,Defiance Pure Quantum ETF,2026-06-29
RDWU,T-REX 2X Long RDW Daily Target ETF,2026-06-29
SMU,Tradr 2X Long SMR Daily ETF,2026-06-29
SNDG,Leverage Shares 2X Long SNDK Daily ETF,2026-06-29
SNDU,T-REX 2X Long SNDK Daily Target ETF,2026-06-29
SNK,GraniteShares 2x Short SpaceX Daily ETF,2026-06-29
SPAL,GraniteShares 2x Long SpaceX Daily ETF,2026-06-29
SPCH,Leverage Shares 2X Long SPCX Daily ETF,2026-06-29
SPCL,Defiance Daily 2X Space ETF,2026-06-29
SPCM,Tradr 2X Long SpaceX Daily ETF,2026-06-29
SPCQ,Defiance Daily Target 2X Short SPCX ETF,2026-06-29
SPCU,Defiance Daily Target 2X Long SPCX ETF,2026-06-29
TJUN,FT Vest Emerging Markets Buffer ETF - June,2026-06-29
TTDU,T-REX 2X Long TTD Daily Target ETF,2026-06-29
VELL,Defiance Daily Target 2X Long VELO ETF,2026-06-29
XOVL,Defiance Daily Target 2X Long XOVR ETF,2026-06-29
ZJUN,Innovator Equity Defined Protection ETF - 1 Yr June,2026-06-29
AAOX,Tradr 2X Long AAOI Daily ETF,2026-06-30
AMAU,Leverage Shares 2X Long AMAT Daily ETF,2026-06-30
AMPU,Defiance Daily Target 2X Long AMPX ETF,2026-06-30
APLX,Tradr 2X Long APLD Daily ETF,2026-06-30
ASTN,Defiance Daily Target 2X Short ASTS ETF,2026-06-30
ASTX,Tradr 2X Long ASTS Daily ETF,2026-06-30
ASTY,Defiance Daily Target 2X Long ASTS ETF,2026-06-30
AXTU,T-REX 2X Long AXTI Daily Target ETF,2026-06-30
BTCZ,T-Rex 2X Inverse Bitcoin Daily Target ETF,2026-06-30
CWVX,Tradr 2X Long CRWV Daily ETF,2026-06-30
DDFZ,Innovator Equity Dual Directional 15 Buffer ETF - June,2026-06-30
DDTY,Innovator Equity Dual Directional 10 Buffer ETF - May,2026-06-30
HBMX,Tuttle Capital Concentrated Memory Stack ETF,2026-06-30
IBX,Tradr 2X Long IBM Daily ETF,2026-06-30
INFH,Defiance Daily Target 2X Long INFQ ETF,2026-06-30
LUNL,Defiance Daily Target 2X Long LUNR ETF,2026-06-30
MSFX,T-Rex 2X Long Microsoft Daily Target ETF,2026-06-30
MSTU,T-Rex 2X Long MSTR Daily Target ETF,2026-06-30
NFLU,T-Rex 2X Long NFLX Daily Target ETF,2026-06-30
NJUN,Innovator Growth-100 Power Buffer ETF - June,2026-06-30
ONDL,Defiance Daily Target 2X Long ONDS ETF,2026-06-30
ONG,Leverage Shares 2X Long ON Daily ETF,2026-06-30
PCPP,Porter & Company Porter Portfolio Index ETF,2026-06-30
POEL,Defiance Daily Target 2X Long POET ETF,2026-06-30
QTUP,Defiance Pure Quantum ETF,2026-06-30
RDWU,T-REX 2X Long RDW Daily Target ETF,2026-06-30
SMU,Tradr 2X Long SMR Daily ETF,2026-06-30
SNDG,Leverage Shares 2X Long SNDK Daily ETF,2026-06-30
SNDU,T-REX 2X Long SNDK Daily Target ETF,2026-06-30
SNK,GraniteShares 2x Short SpaceX Daily ETF,2026-06-30
SPAL,GraniteShares 2x Long SpaceX Daily ETF,2026-06-30
SPCH,Leverage Shares 2X Long SPCX Daily ETF,2026-06-30
SPCL,Defiance Daily 2X Space ETF,2026-06-30
SPCM,Tradr 2X Long SpaceX Daily ETF,2026-06-30
SPCQ,Defiance Daily Target 2X Short SPCX ETF,2026-06-30
SPCU,Defiance Daily Target 2X Long SPCX ETF,2026-06-30
TJUN,FT Vest Emerging Markets Buffer ETF - June,2026-06-30
TTDU,T-REX 2X Long TTD Daily Target ETF,2026-06-30
VELL,Defiance Daily Target 2X Long VELO ETF,2026-06-30
XOVL,Defiance Daily Target 2X Long XOVR ETF,2026-06-30
ZJUN,Innovator Equity Defined Protection ETF - 1 Yr June,2026-06-30
AAOX,Tradr 2X Long AAOI Daily ETF,2026-07-01
AMAU,Leverage Shares 2X Long AMAT Daily ETF,2026-07-01
AMPU,Defiance Daily Target 2X Long AMPX ETF,2026-07-01
APLX,Tradr 2X Long APLD Daily ETF,2026-07-01
ASTN,Defiance Daily Target 2X Short ASTS ETF,2026-07-01
ASTX,Tradr 2X Long ASTS Daily ETF,2026-07-01
ASTY,Defiance Daily Target 2X Long ASTS ETF,2026-07-01
AXTU,T-REX 2X Long AXTI Daily Target ETF,2026-07-01
BTCZ,T-Rex 2X Inverse Bitcoin Daily Target ETF,2026-07-01
CWVX,Tradr 2X Long CRWV Daily ETF,2026-07-01
DDFZ,Innovator Equity Dual Directional 15 Buffer ETF - June,2026-07-01
DDTY,Innovator Equity Dual Directional 10 Buffer ETF - May,2026-07-01
FFGX,Fidelity Fundamental Global ex-U.S. ETF,2026-07-01
HBMX,Tuttle Capital Concentrated Memory Stack ETF,2026-07-01
IBX,Tradr 2X Long IBM Daily ETF,2026-07-01
INFH,Defiance Daily Target 2X Long INFQ ETF,2026-07-01
LUNL,Defiance Daily Target 2X Long LUNR ETF,2026-07-01
MSFX,T-Rex 2X Long Microsoft Daily Target ETF,2026-07-01
MSTU,T-Rex 2X Long MSTR Daily Target ETF,2026-07-01
NFLU,T-Rex 2X Long NFLX Daily Target ETF,2026-07-01
NJUN,Innovator Growth-100 Power Buffer ETF - June,2026-07-01
ONDL,Defiance Daily Target 2X Long ONDS ETF,2026-07-01
ONG,Leverage Shares 2X Long ON Daily ETF,2026-07-01
PCPP,Porter & Company Porter Portfolio Index ETF,2026-07-01
POEL,Defiance Daily Target 2X Long POET ETF,2026-07-01
QTUP,Defiance Pure Quantum ETF,2026-07-01
RDWU,T-REX 2X Long RDW Daily Target ETF,2026-07-01
SMU,Tradr 2X Long SMR Daily ETF,2026-07-01
SNDG,Leverage Shares 2X Long SNDK Daily ETF,2026-07-01
SNDU,T-REX 2X Long SNDK Daily Target ETF,2026-07-01
SNK,GraniteShares 2x Short SpaceX Daily ETF,2026-07-01
SPAL,GraniteShares 2x Long SpaceX Daily ETF,2026-07-01
SPCH,Leverage Shares 2X Long SPCX Daily ETF,2026-07-01
SPCL,Defiance Daily 2X Space ETF,2026-07-01
SPCM,Tradr 2X Long SpaceX Daily ETF,2026-07-01
SPCQ,Defiance Daily Target 2X Short SPCX ETF,2026-07-01
SPCU,Defiance Daily Target 2X Long SPCX ETF,2026-07-01
SSPC,Leverage Shares 2X Short SPCX Daily ETF,2026-07-01
TJUN,FT Vest Emerging Markets Buffer ETF - June,2026-07-01
TTDU,T-REX 2X Long TTD Daily Target ETF,2026-07-01
VELL,Defiance Daily Target 2X Long VELO ETF,2026-07-01
XOVL,Defiance Daily Target 2X Long XOVR ETF,2026-07-01
ZJUN,Innovator Equity Defined Protection ETF - 1 Yr June,2026-07-01
CRWU,T-REX 2X Long CRWV Daily Target ETF,2025-08-21
CWVX,Tradr 2X Long CRWV Daily ETF,2025-08-21
MSTZ,T-Rex 2X Inverse MSTR Daily Target ETF,2025-08-21
MTRA,Invesco International Growth Focus ETF,2025-08-21
NAUG,Innovator Growth-100 Power Buffer ETF - August,2025-08-21
NVDX,T-Rex 2X Long NVIDIA Daily Target ETF,2025-08-21
SMU,Tradr 2X Long SMR Daily ETF,2025-08-21
SMUP,T-REX 2X Long SMR Daily Target ETF,2025-08-21
SNAV,Mohr Sector Nav ETF,2025-08-21
SSK,REX-Osprey SOL + Staking ETF,2025-08-21
SVIX,-1x Short VIX Futures ETF,2025-08-21
TSLZ,T-Rex 2X Inverse Tesla Daily Target ETF,2025-08-21
UPSX,Tradr 2X Long UPST Daily ETF,2025-08-21
CRWU,T-REX 2X Long CRWV Daily Target ETF,2025-08-22
CWVX,Tradr 2X Long CRWV Daily ETF,2025-08-22
MSTZ,T-Rex 2X Inverse MSTR Daily Target ETF,2025-08-22
MTRA,Invesco International Growth Focus ETF,2025-08-22
NAUG,Innovator Growth-100 Power Buffer ETF - August,2025-08-22
NVDX,T-Rex 2X Long NVIDIA Daily Target ETF,2025-08-22
SMU,Tradr 2X Long SMR Daily ETF,2025-08-22
SMUP,T-REX 2X Long SMR Daily Target ETF,2025-08-22
SNAV,Mohr Sector Nav ETF,2025-08-22
SSK,REX-Osprey SOL + Staking ETF,2025-08-22
SVIX,-1x Short VIX Futures ETF,2025-08-22
TSLZ,T-Rex 2X Inverse Tesla Daily Target ETF,2025-08-22
UPSX,Tradr 2X Long UPST Daily ETF,2025-08-22
CRWU,T-REX 2X Long CRWV Daily Target ETF,2025-08-26
CWVX,Tradr 2X Long CRWV Daily ETF,2025-08-26
MSTZ,T-Rex 2X Inverse MSTR Daily Target ETF,2025-08-26
MTRA,Invesco International Growth Focus ETF,2025-08-26
NAUG,Innovator Growth-100 Power Buffer ETF - August,2025-08-26
NVDX,T-Rex 2X Long NVIDIA Daily Target ETF,2025-08-26
SMU,Tradr 2X Long SMR Daily ETF,2025-08-26
SMUP,T-REX 2X Long SMR Daily Target ETF,2025-08-26
SSK,REX-Osprey SOL + Staking ETF,2025-08-26
SVIX,-1x Short VIX Futures ETF,2025-08-26
TSLZ,T-Rex 2X Inverse Tesla Daily Target ETF,2025-08-26
UPSX,Tradr 2X Long UPST Daily ETF,2025-08-26
CCUP,T-REX 2X Long CRCL Daily Target ETF,2025-08-28
CRWU,T-REX 2X Long CRWV Daily Target ETF,2025-08-28
CWVX,Tradr 2X Long CRWV Daily ETF,2025-08-28
MTRA,Invesco International Growth Focus ETF,2025-08-28
NVDX,T-Rex 2X Long NVIDIA Daily Target ETF,2025-08-28
SMU,Tradr 2X Long SMR Daily ETF,2025-08-28
SMUP,T-REX 2X Long SMR Daily Target ETF,2025-08-28
SSK,REX-Osprey SOL + Staking ETF,2025-08-28
SVIX,-1x Short VIX Futures ETF,2025-08-28
TSLZ,T-Rex 2X Inverse Tesla Daily Target ETF,2025-08-28
UPSX,Tradr 2X Long UPST Daily ETF,2025-08-28
XTJL,Innovator U.S. Equity Accelerated Plus ETF - July,2025-08-28
CCUP,T-REX 2X Long CRCL Daily Target ETF,2025-09-05
LABX,Tradr 2X Long ALAB Daily ETF,2025-09-05
MTRA,Invesco International Growth Focus ETF,2025-09-05
NVDX,T-Rex 2X Long NVIDIA Daily Target ETF,2025-09-05
SMU,Tradr 2X Long SMR Daily ETF,2025-09-05
SMUP,T-REX 2X Long SMR Daily Target ETF,2025-09-05
SSK,REX-Osprey SOL + Staking ETF,2025-09-05
TSLZ,T-Rex 2X Inverse Tesla Daily Target ETF,2025-09-05
UPSX,Tradr 2X Long UPST Daily ETF,2025-09-05
XTJL,Innovator U.S. Equity Accelerated Plus ETF - July,2025-09-05
APLX,Tradr 2X Long APLD Daily ETF,2025-09-30
ARKK,ARK Innovation ETF,2025-09-30
CRWU,T-REX 2X Long CRWV Daily Target ETF,2025-09-30
DDFS,Innovator Equity Dual Directional 15 Buffer ETF - September,2025-09-30
DOJE,REX-Osprey DOGE ETF,2025-09-30
GMEU,T-REX 2X Long GME Daily Target ETF,2025-09-30
JOBX,Tradr 2X Long JOBY Daily ETF,2025-09-30
MSTU,T-Rex 2X Long MSTR Daily Target ETF,2025-09-30
MTRA,Invesco International Growth Focus ETF,2025-09-30
NVDX,T-Rex 2X Long NVIDIA Daily Target ETF,2025-09-30
NVTX,Tradr 2X Long NVTS Daily ETF,2025-09-30
PBSE,PGIM S&P 500 Buffer 20 ETF - September,2025-09-30
QUBX,Tradr 2X Long QUBT Daily ETF,2025-09-30
SMU,Tradr 2X Long SMR Daily ETF,2025-09-30
TEMT,Tradr 2X Long TEM Daily ETF,2025-09-30
TSLT,T-Rex 2X Long Tesla Daily Target ETF,2025-09-30
TSLZ,T-Rex 2X Inverse Tesla Daily Target ETF,2025-09-30
UPSX,Tradr 2X Long UPST Daily ETF,2025-09-30
UVIX,2x Long VIX Futures ETF,2025-09-30
WPAY,Roundhill WeeklyPay Universe ETF,2025-09-30
YSEP,FT Vest International Equity Moderate Buffer ETF - September,2025-09-30
APLX,Tradr 2X Long APLD Daily ETF,2025-10-07
ARKK,ARK Innovation ETF,2025-10-07
BMNU,T-REX 2X Long BMNR Daily Target ETF,2025-10-07
CRWU,T-REX 2X Long CRWV Daily Target ETF,2025-10-07
DDFS,Innovator Equity Dual Directional 15 Buffer ETF - September,2025-10-07
DJTU,T-REX 2X Long DJT Daily Target ETF,2025-10-07
GMEU,T-REX 2X Long GME Daily Target ETF,2025-10-07
JOBX,Tradr 2X Long JOBY Daily ETF,2025-10-07
MSTU,T-Rex 2X Long MSTR Daily Target ETF,2025-10-07
NVDX,T-Rex 2X Long NVIDIA Daily Target ETF,2025-10-07
NVTX,Tradr 2X Long NVTS Daily ETF,2025-10-07
PBOC,PGIM S&P 500 Buffer 20 ETF - October,2025-10-07
PMSE,PGIM S&P 500 Max Buffer ETF - September,2025-10-07
QUBX,Tradr 2X Long QUBT Daily ETF,2025-10-07
ROBN,T-Rex 2X Long HOOD Daily Target ETF,2025-10-07
RSSX,Return Stacked U.S. Stocks & Gold/Bitcoin ETF,2025-10-07
SMU,Tradr 2X Long SMR Daily ETF,2025-10-07
TEMT,Tradr 2X Long TEM Daily ETF,2025-10-07
TOKE,Cambria Cannabis ETF,2025-10-07
TSLT,T-Rex 2X Long Tesla Daily Target ETF,2025-10-07
TSLZ,T-Rex 2X Inverse Tesla Daily Target ETF,2025-10-07
UPSX,Tradr 2X Long UPST Daily ETF,2025-10-07
UVIX,2x Long VIX Futures ETF,2025-10-07
WPAY,Roundhill WeeklyPay Universe ETF,2025-10-07
YSEP,FT Vest International Equity Moderate Buffer ETF - September,2025-10-07
ZOCT,Innovator Equity Defined Protection ETF - 1 Yr October,2025-10-07
APLX,Tradr 2X Long APLD Daily ETF,2025-10-09
ARKK,ARK Innovation ETF,2025-10-09
BMNU,T-REX 2X Long BMNR Daily Target ETF,2025-10-09
CRWU,T-REX 2X Long CRWV Daily Target ETF,2025-10-09
DDFO,Innovator Equity Dual Directional 15 Buffer ETF - October,2025-10-09
DDFS,Innovator Equity Dual Directional 15 Buffer ETF - September,2025-10-09
DJTU,T-REX 2X Long DJT Daily Target ETF,2025-10-09
GMEU,T-REX 2X Long GME Daily Target ETF,2025-10-09
MSTU,T-Rex 2X Long MSTR Daily Target ETF,2025-10-09
NVDX,T-Rex 2X Long NVIDIA Daily Target ETF,2025-10-09
NVTX,Tradr 2X Long NVTS Daily ETF,2025-10-09
PBOC,PGIM S&P 500 Buffer 20 ETF - October,2025-10-09
PMSE,PGIM S&P 500 Max Buffer ETF - September,2025-10-09
QUBX,Tradr 2X Long QUBT Daily ETF,2025-10-09
ROBN,T-Rex 2X Long HOOD Daily Target ETF,2025-10-09
RSSX,Return Stacked U.S. Stocks & Gold/Bitcoin ETF,2025-10-09
SMU,Tradr 2X Long SMR Daily ETF,2025-10-09
TOCT,Innovator Equity Defined Protection ETF - 2 Yr to October 2027,2025-10-09
TOKE,Cambria Cannabis ETF,2025-10-09
TSLZ,T-Rex 2X Inverse Tesla Daily Target ETF,2025-10-09
UPSX,Tradr 2X Long UPST Daily ETF,2025-10-09
WPAY,Roundhill WeeklyPay Universe ETF,2025-10-09
YSEP,FT Vest International Equity Moderate Buffer ETF - September,2025-10-09
ZOCT,Innovator Equity Defined Protection ETF - 1 Yr October,2025-10-09
APLX,Tradr 2X Long APLD Daily ETF,2025-10-10
ARKK,ARK Innovation ETF,2025-10-10
ASTX,Tradr 2X Long ASTS Daily ETF,2025-10-10
BMNU,T-REX 2X Long BMNR Daily Target ETF,2025-10-10
CRWU,T-REX 2X Long CRWV Daily Target ETF,2025-10-10
DDFO,Innovator Equity Dual Directional 15 Buffer ETF - October,2025-10-10
DDFS,Innovator Equity Dual Directional 15 Buffer ETF - September,2025-10-10
DJTU,T-REX 2X Long DJT Daily Target ETF,2025-10-10
GMEU,T-REX 2X Long GME Daily Target ETF,2025-10-10
MSTU,T-Rex 2X Long MSTR Daily Target ETF,2025-10-10
NVDX,T-Rex 2X Long NVIDIA Daily Target ETF,2025-10-10
NVTX,Tradr 2X Long NVTS Daily ETF,2025-10-10
PBOC,PGIM S&P 500 Buffer 20 ETF - October,2025-10-10
QUBX,Tradr 2X Long QUBT Daily ETF,2025-10-10
ROBN,T-Rex 2X Long HOOD Daily Target ETF,2025-10-10
RSSX,Return Stacked U.S. Stocks & Gold/Bitcoin ETF,2025-10-10
SMU,Tradr 2X Long SMR Daily ETF,2025-10-10
TOCT,Innovator Equity Defined Protection ETF - 2 Yr to October 2027,2025-10-10
TOKE,Cambria Cannabis ETF,2025-10-10
TSLZ,T-Rex 2X Inverse Tesla Daily Target ETF,2025-10-10
UPSX,Tradr 2X Long UPST Daily ETF,2025-10-10
WPAY,Roundhill WeeklyPay Universe ETF,2025-10-10
ZOCT,Innovator Equity Defined Protection ETF - 1 Yr October,2025-10-10
APLX,Tradr 2X Long APLD Daily ETF,2025-10-16
ASTX,Tradr 2X Long ASTS Daily ETF,2025-10-16
BMNU,T-REX 2X Long BMNR Daily Target ETF,2025-10-16
CRWU,T-REX 2X Long CRWV Daily Target ETF,2025-10-16
DDFO,Innovator Equity Dual Directional 15 Buffer ETF - October,2025-10-16
DJTU,T-REX 2X Long DJT Daily Target ETF,2025-10-16
ETQ,T-Rex 2X Inverse Ether Daily Target ETF,2025-10-16
JNEU,AllianzIM U.S. Equity Buffer15 Uncapped June ETF,2025-10-16
MSTU,T-Rex 2X Long MSTR Daily Target ETF,2025-10-16
NVDX,T-Rex 2X Long NVIDIA Daily Target ETF,2025-10-16
NVTX,Tradr 2X Long NVTS Daily ETF,2025-10-16
PBOC,PGIM S&P 500 Buffer 20 ETF - October,2025-10-16
QUBX,Tradr 2X Long QUBT Daily ETF,2025-10-16
ROBN,T-Rex 2X Long HOOD Daily Target ETF,2025-10-16
SMU,Tradr 2X Long SMR Daily ETF,2025-10-16
TOCT,Innovator Equity Defined Protection ETF - 2 Yr to October 2027,2025-10-16
UPSX,Tradr 2X Long UPST Daily ETF,2025-10-16
WPAY,Roundhill WeeklyPay Universe ETF,2025-10-16
ZOCT,Innovator Equity Defined Protection ETF - 1 Yr October,2025-10-16
APLX,Tradr 2X Long APLD Daily ETF,2025-10-17
ASTX,Tradr 2X Long ASTS Daily ETF,2025-10-17
BMNU,T-REX 2X Long BMNR Daily Target ETF,2025-10-17
DDFO,Innovator Equity Dual Directional 15 Buffer ETF - October,2025-10-17
DDTO,Innovator Equity Dual Directional 10 Buffer ETF - October,2025-10-17
DJTU,T-REX 2X Long DJT Daily Target ETF,2025-10-17
ETQ,T-Rex 2X Inverse Ether Daily Target ETF,2025-10-17
JNEU,AllianzIM U.S. Equity Buffer15 Uncapped June ETF,2025-10-17
MSTU,T-Rex 2X Long MSTR Daily Target ETF,2025-10-17
NVDX,T-Rex 2X Long NVIDIA Daily Target ETF,2025-10-17
NVTX,Tradr 2X Long NVTS Daily ETF,2025-10-17
PBOC,PGIM S&P 500 Buffer 20 ETF - October,2025-10-17
QUBX,Tradr 2X Long QUBT Daily ETF,2025-10-17
ROBN,T-Rex 2X Long HOOD Daily Target ETF,2025-10-17
SMU,Tradr 2X Long SMR Daily ETF,2025-10-17
STEN,iShares Large Cap 10% Target Buffer Sep ETF,2025-10-17
TOCT,Innovator Equity Defined Protection ETF - 2 Yr to October 2027,2025-10-17
UPSX,Tradr 2X Long UPST Daily ETF,2025-10-17
WPAY,Roundhill WeeklyPay Universe ETF,2025-10-17
ZOCT,Innovator Equity Defined Protection ETF - 1 Yr October,2025-10-17
APLX,Tradr 2X Long APLD Daily ETF,2025-10-23
BMNU,T-REX 2X Long BMNR Daily Target ETF,2025-10-23
BUFP,PGIM Laddered S&P 500 Buffer 12 ETF,2025-10-23
DDFO,Innovator Equity Dual Directional 15 Buffer ETF - October,2025-10-23
DDTO,Innovator Equity Dual Directional 10 Buffer ETF - October,2025-10-23
ETQ,T-Rex 2X Inverse Ether Daily Target ETF,2025-10-23
JNEU,AllianzIM U.S. Equity Buffer15 Uncapped June ETF,2025-10-23
MSTZ,T-Rex 2X Inverse MSTR Daily Target ETF,2025-10-23
NVDX,T-Rex 2X Long NVIDIA Daily Target ETF,2025-10-23
NVTX,Tradr 2X Long NVTS Daily ETF,2025-10-23
PBOC,PGIM S&P 500 Buffer 20 ETF - October,2025-10-23
PSH,PGIM Short Duration High Yield ETF,2025-10-23
QBF,Innovator Uncapped Bitcoin 20 Floor ETF - Quarterly,2025-10-23
QUBX,Tradr 2X Long QUBT Daily ETF,2025-10-23
ROBN,T-Rex 2X Long HOOD Daily Target ETF,2025-10-23
SMU,Tradr 2X Long SMR Daily ETF,2025-10-23
STEN,iShares Large Cap 10% Target Buffer Sep ETF,2025-10-23
UPSX,Tradr 2X Long UPST Daily ETF,2025-10-23
WPAY,Roundhill WeeklyPay Universe ETF,2025-10-23
ZOCT,Innovator Equity Defined Protection ETF - 1 Yr October,2025-10-23
APLX,Tradr 2X Long APLD Daily ETF,2025-10-24
BMNU,T-REX 2X Long BMNR Daily Target ETF,2025-10-24
BUFP,PGIM Laddered S&P 500 Buffer 12 ETF,2025-10-24
DDFO,Innovator Equity Dual Directional 15 Buffer ETF - October,2025-10-24
DDTO,Innovator Equity Dual Directional 10 Buffer ETF - October,2025-10-24
MSTZ,T-Rex 2X Inverse MSTR Daily Target ETF,2025-10-24
NVDX,T-Rex 2X Long NVIDIA Daily Target ETF,2025-10-24
NVTX,Tradr 2X Long NVTS Daily ETF,2025-10-24
PBOC,PGIM S&P 500 Buffer 20 ETF - October,2025-10-24
PSH,PGIM Short Duration High Yield ETF,2025-10-24
QBF,Innovator Uncapped Bitcoin 20 Floor ETF - Quarterly,2025-10-24
QCOC,FT Vest Nasdaq-100 Conservative Buffer ETF - October,2025-10-24
QUBX,Tradr 2X Long QUBT Daily ETF,2025-10-24
ROBN,T-Rex 2X Long HOOD Daily Target ETF,2025-10-24
SMU,Tradr 2X Long SMR Daily ETF,2025-10-24
STEN,iShares Large Cap 10% Target Buffer Sep ETF,2025-10-24
UPSX,Tradr 2X Long UPST Daily ETF,2025-10-24
WPAY,Roundhill WeeklyPay Universe ETF,2025-10-24
ZOCT,Innovator Equity Defined Protection ETF - 1 Yr October,2025-10-24
APLX,Tradr 2X Long APLD Daily ETF,2025-10-31
APRB,Aptus April Buffer ETF,2025-10-31
ASTX,Tradr 2X Long ASTS Daily ETF,2025-10-31
BMNU,T-REX 2X Long BMNR Daily Target ETF,2025-10-31
BUFP,PGIM Laddered S&P 500 Buffer 12 ETF,2025-10-31
CLSX,Tradr 2X Long CLSK Daily ETF,2025-10-31
DDFO,Innovator Equity Dual Directional 15 Buffer ETF - October,2025-10-31
DDTO,Innovator Equity Dual Directional 10 Buffer ETF - October,2025-10-31
GMEU,T-REX 2X Long GME Daily Target ETF,2025-10-31
JULB,Aptus July Buffer ETF,2025-10-31
MSTZ,T-Rex 2X Inverse MSTR Daily Target ETF,2025-10-31
NFLU,T-Rex 2X Long NFLX Daily Target ETF,2025-10-31
OPEX,Tradr 2X Long OPEN Daily ETF,2025-10-31
QCOC,FT Vest Nasdaq-100 Conservative Buffer ETF - October,2025-10-31
QUBX,Tradr 2X Long QUBT Daily ETF,2025-10-31
ROBN,T-Rex 2X Long HOOD Daily Target ETF,2025-10-31
SMU,Tradr 2X Long SMR Daily ETF,2025-10-31
UVIX,2x Long VIX Futures ETF,2025-10-31
WPAY,Roundhill WeeklyPay Universe ETF,2025-10-31
ZOCT,Innovator Equity Defined Protection ETF - 1 Yr October,2025-10-31
APRB,Aptus April Buffer ETF,2025-11-10
ASTX,Tradr 2X Long ASTS Daily ETF,2025-11-10
BMNU,T-REX 2X Long BMNR Daily Target ETF,2025-11-10
BUFP,PGIM Laddered S&P 500 Buffer 12 ETF,2025-11-10
CLSX,Tradr 2X Long CLSK Daily ETF,2025-11-10
DDFO,Innovator Equity Dual Directional 15 Buffer ETF - October,2025-11-10
DDTN,Innovator Equity Dual Directional 10 Buffer ETF - November,2025-11-10
ETQ,T-Rex 2X Inverse Ether Daily Target ETF,2025-11-10
GMEU,T-REX 2X Long GME Daily Target ETF,2025-11-10
JULB,Aptus July Buffer ETF,2025-11-10
MSTZ,T-Rex 2X Inverse MSTR Daily Target ETF,2025-11-10
NNOV,Innovator Growth-100 Power Buffer ETF - November,2025-11-10
NVDQ,T-Rex 2X Inverse NVIDIA Daily Target ETF,2025-11-10
OCTB,Aptus October Buffer ETF,2025-11-10
OPEX,Tradr 2X Long OPEN Daily ETF,2025-11-10
PMNV,PGIM S&P 500 Max Buffer ETF - November,2025-11-10
QCOC,FT Vest Nasdaq-100 Conservative Buffer ETF - October,2025-11-10
QUBX,Tradr 2X Long QUBT Daily ETF,2025-11-10
TSLZ,T-Rex 2X Inverse Tesla Daily Target ETF,2025-11-10
UNOV,Innovator U.S. Equity Ultra Buffer ETF - November,2025-11-10
UVIX,2x Long VIX Futures ETF,2025-11-10
ARCX,Tradr 2X Long ACHR Daily ETF,2025-11-18
ASTX,Tradr 2X Long ASTS Daily ETF,2025-11-18
BMNU,T-REX 2X Long BMNR Daily Target ETF,2025-11-18
CLSX,Tradr 2X Long CLSK Daily ETF,2025-11-18
DDTN,Innovator Equity Dual Directional 10 Buffer ETF - November,2025-11-18
ETQ,T-Rex 2X Inverse Ether Daily Target ETF,2025-11-18
ETU,T-Rex 2X Long Ether Daily Target ETF,2025-11-18
GMEU,T-REX 2X Long GME Daily Target ETF,2025-11-18
IREX,Tradr 2X Long IREN Daily ETF,2025-11-18
MSTZ,T-Rex 2X Inverse MSTR Daily Target ETF,2025-11-18
NNOV,Innovator Growth-100 Power Buffer ETF - November,2025-11-18
NVDQ,T-Rex 2X Inverse NVIDIA Daily Target ETF,2025-11-18
OCTB,Aptus October Buffer ETF,2025-11-18
OPEX,Tradr 2X Long OPEN Daily ETF,2025-11-18
PMNV,PGIM S&P 500 Max Buffer ETF - November,2025-11-18
QUBX,Tradr 2X Long QUBT Daily ETF,2025-11-18
SMU,Tradr 2X Long SMR Daily ETF,2025-11-18
UNOV,Innovator U.S. Equity Ultra Buffer ETF - November,2025-11-18
UVIX,2x Long VIX Futures ETF,2025-11-18
ARCX,Tradr 2X Long ACHR Daily ETF,2025-12-02
ASTX,Tradr 2X Long ASTS Daily ETF,2025-12-02
BMNU,T-REX 2X Long BMNR Daily Target ETF,2025-12-02
BTCZ,T-Rex 2X Inverse Bitcoin Daily Target ETF,2025-12-02
CLSX,Tradr 2X Long CLSK Daily ETF,2025-12-02
DDTN,Innovator Equity Dual Directional 10 Buffer ETF - November,2025-12-02
DGOC,FT Vest U.S. Equity Buffer & Digital Return ETF - October,2025-12-02
ETU,T-Rex 2X Long Ether Daily Target ETF,2025-12-02
IREX,Tradr 2X Long IREN Daily ETF,2025-12-02
MAGC,Roundhill China Magnificent Seven ETF,2025-12-02
MSTZ,T-Rex 2X Inverse MSTR Daily Target ETF,2025-12-02
NNOV,Innovator Growth-100 Power Buffer ETF - November,2025-12-02
OCTB,Aptus October Buffer ETF,2025-12-02
SMU,Tradr 2X Long SMR Daily ETF,2025-12-02
SVIX,-1x Short VIX Futures ETF,2025-12-02
UVIX,2x Long VIX Futures ETF,2025-12-02
ASTX,Tradr 2X Long ASTS Daily ETF,2025-12-05
BMNU,T-REX 2X Long BMNR Daily Target ETF,2025-12-05
BTCZ,T-Rex 2X Inverse Bitcoin Daily Target ETF,2025-12-05
CLSX,Tradr 2X Long CLSK Daily ETF,2025-12-05
DGOC,FT Vest U.S. Equity Buffer & Digital Return ETF - October,2025-12-05
ETU,T-Rex 2X Long Ether Daily Target ETF,2025-12-05
IREX,Tradr 2X Long IREN Daily ETF,2025-12-05
MSTZ,T-Rex 2X Inverse MSTR Daily Target ETF,2025-12-05
SMU,Tradr 2X Long SMR Daily ETF,2025-12-05
UVIX,2x Long VIX Futures ETF,2025-12-05
BMNU,T-REX 2X Long BMNR Daily Target ETF,2026-01-05
BTCZ,T-Rex 2X Inverse Bitcoin Daily Target ETF,2026-01-05
FEBZ,Elevation Series Trust,2026-01-05
IREX,Tradr 2X Long IREN Daily ETF,2026-01-05
MSTU,T-Rex 2X Long MSTR Daily Target ETF,2026-01-05
MSTZ,T-Rex 2X Inverse MSTR Daily Target ETF,2026-01-05
NVDX,T-Rex 2X Long NVIDIA Daily Target ETF,2026-01-05
SMU,Tradr 2X Long SMR Daily ETF,2026-01-05
TEMT,Tradr 2X Long TEM Daily ETF,2026-01-05
BMNU,T-REX 2X Long BMNR Daily Target ETF,2026-01-06
BTCZ,T-Rex 2X Inverse Bitcoin Daily Target ETF,2026-01-06
FEBZ,Elevation Series Trust,2026-01-06
IREX,Tradr 2X Long IREN Daily ETF,2026-01-06
MSTU,T-Rex 2X Long MSTR Daily Target ETF,2026-01-06
NVDQ,T-Rex 2X Inverse NVIDIA Daily Target ETF,2026-01-06
SMU,Tradr 2X Long SMR Daily ETF,2026-01-06
TEMT,Tradr 2X Long TEM Daily ETF,2026-01-06
BMNU,T-REX 2X Long BMNR Daily Target ETF,2026-01-07
BTCZ,T-Rex 2X Inverse Bitcoin Daily Target ETF,2026-01-07
BUFH,FT Vest Laddered Max Buffer ETF,2026-01-07
FEBZ,Elevation Series Trust,2026-01-07
IREX,Tradr 2X Long IREN Daily ETF,2026-01-07
JANB,Aptus January Buffer ETF,2026-01-07
MSTU,T-Rex 2X Long MSTR Daily Target ETF,2026-01-07
NVDQ,T-Rex 2X Inverse NVIDIA Daily Target ETF,2026-01-07
SMU,Tradr 2X Long SMR Daily ETF,2026-01-07
TEMT,Tradr 2X Long TEM Daily ETF,2026-01-07
BTCZ,T-Rex 2X Inverse Bitcoin Daily Target ETF,2026-01-20
BUFH,FT Vest Laddered Max Buffer ETF,2026-01-20
CIFU,T-REX 2X Long CIFR Daily Target ETF,2026-01-20
DDFJ,Innovator Equity Dual Directional 15 Buffer ETF - January,2026-01-20
DDTJ,Innovator Equity Dual Directional 10 Buffer ETF - January,2026-01-20
IREX,Tradr 2X Long IREN Daily ETF,2026-01-20
LJAN,Innovator Premium Income 15 Buffer ETF - January,2026-01-20
NVDQ,T-Rex 2X Inverse NVIDIA Daily Target ETF,2026-01-20
SMU,Tradr 2X Long SMR Daily ETF,2026-01-20
XRPK,T-REX 2X Long XRP Daily Target ETF,2026-01-20
ZJAN,Innovator Equity Defined Protection ETF - 1 Yr January,2026-01-20
APLZ,Tradr 2X Short APLD Daily ETF,2026-02-27
ARWG,Archer Growth ETF,2026-02-27
COHX,Tradr 2X Long COHR Daily ETF,2026-02-27
DDFF,Innovator Equity Dual Directional 15 Buffer ETF - February,2026-02-27
DDTF,Innovator Equity Dual Directional 10 Buffer ETF - February,2026-02-27
IREX,Tradr 2X Long IREN Daily ETF,2026-02-27
JOBX,Tradr 2X Long JOBY Daily ETF,2026-02-27
LUNL,Defiance Daily Target 2X Long LUNR ETF,2026-02-27
MSTU,T-Rex 2X Long MSTR Daily Target ETF,2026-02-27
NBIZ,Tradr 2X Short NBIS Daily ETF,2026-02-27
ONDU,Tradr 2X Long ONDS Daily ETF,2026-02-27
PXIU,T-REX 2X Long UPXI Daily Target ETF,2026-02-27
QBTX,Tradr 2X Long QBTS Daily ETF,2026-02-27
RGTU,Tradr 2X Long RGTI Daily ETF,2026-02-27
SMU,Tradr 2X Long SMR Daily ETF,2026-02-27
SNXX,Tradr 2X Long SNDK Daily ETF,2026-02-27
SVIX,-1x Short VIX Futures ETF,2026-02-27
TTDU,T-REX 2X Long TTD Daily Target ETF,2026-02-27
APLZ,Tradr 2X Short APLD Daily ETF,2026-03-02
COHX,Tradr 2X Long COHR Daily ETF,2026-03-02
DDFF,Innovator Equity Dual Directional 15 Buffer ETF - February,2026-03-02
DDTF,Innovator Equity Dual Directional 10 Buffer ETF - February,2026-03-02
IREX,Tradr 2X Long IREN Daily ETF,2026-03-02
LUNL,Defiance Daily Target 2X Long LUNR ETF,2026-03-02
MSTU,T-Rex 2X Long MSTR Daily Target ETF,2026-03-02
NBIZ,Tradr 2X Short NBIS Daily ETF,2026-03-02
PXIU,T-REX 2X Long UPXI Daily Target ETF,2026-03-02
QBTX,Tradr 2X Long QBTS Daily ETF,2026-03-02
QVOY,Q3 All-Season Active Rotation ETF,2026-03-02
RGTU,Tradr 2X Long RGTI Daily ETF,2026-03-02
SMU,Tradr 2X Long SMR Daily ETF,2026-03-02
SNXX,Tradr 2X Long SNDK Daily ETF,2026-03-02
SVIX,-1x Short VIX Futures ETF,2026-03-02
TTDU,T-REX 2X Long TTD Daily Target ETF,2026-03-02
APLZ,Tradr 2X Short APLD Daily ETF,2026-03-03
COHX,Tradr 2X Long COHR Daily ETF,2026-03-03
CRDU,Tradr 2X Long CRDO Daily ETF,2026-03-03
DDFF,Innovator Equity Dual Directional 15 Buffer ETF - February,2026-03-03
DDTF,Innovator Equity Dual Directional 10 Buffer ETF - February,2026-03-03
IREX,Tradr 2X Long IREN Daily ETF,2026-03-03
LUNL,Defiance Daily Target 2X Long LUNR ETF,2026-03-03
MSTU,T-Rex 2X Long MSTR Daily Target ETF,2026-03-03
NBIZ,Tradr 2X Short NBIS Daily ETF,2026-03-03
PXIU,T-REX 2X Long UPXI Daily Target ETF,2026-03-03
QBTX,Tradr 2X Long QBTS Daily ETF,2026-03-03
QVOY,Q3 All-Season Active Rotation ETF,2026-03-03
RGTU,Tradr 2X Long RGTI Daily ETF,2026-03-03
SMU,Tradr 2X Long SMR Daily ETF,2026-03-03
SNXX,Tradr 2X Long SNDK Daily ETF,2026-03-03
SVIX,-1x Short VIX Futures ETF,2026-03-03
TTDU,T-REX 2X Long TTD Daily Target ETF,2026-03-03
APLZ,Tradr 2X Short APLD Daily ETF,2026-03-11
BMNU,T-REX 2X Long BMNR Daily Target ETF,2026-03-11
COHX,Tradr 2X Long COHR Daily ETF,2026-03-11
CRDU,Tradr 2X Long CRDO Daily ETF,2026-03-11
DDFF,Innovator Equity Dual Directional 15 Buffer ETF - February,2026-03-11
DDFM,Innovator Equity Dual Directional 15 Buffer ETF - March,2026-03-11
EOSU,T-REX 2X Long EOSE Daily Target ETF,2026-03-11
IREX,Tradr 2X Long IREN Daily ETF,2026-03-11
JBBB,Janus Henderson B-BBB CLO ETF,2026-03-11
LUNL,Defiance Daily Target 2X Long LUNR ETF,2026-03-11
NMAR,Innovator Growth-100 Power Buffer ETF - March,2026-03-11
NVDQ,T-Rex 2X Inverse NVIDIA Daily Target ETF,2026-03-11
OILK,ProShares K-1 Free Crude Oil ETF,2026-03-11
PBMR,PGIM S&P 500 Buffer 20 ETF - March,2026-03-11
PXIU,T-REX 2X Long UPXI Daily Target ETF,2026-03-11
QVOY,Q3 All-Season Active Rotation ETF,2026-03-11
RGTU,Tradr 2X Long RGTI Daily ETF,2026-03-11
SNXX,Tradr 2X Long SNDK Daily ETF,2026-03-11
SVIX,-1x Short VIX Futures ETF,2026-03-11
TTDU,T-REX 2X Long TTD Daily Target ETF,2026-03-11
UVXY,ProShares Ultra VIX Short-Term Futures ETF,2026-03-11
APLZ,Tradr 2X Short APLD Daily ETF,2026-03-13
BMNU,T-REX 2X Long BMNR Daily Target ETF,2026-03-13
COHX,Tradr 2X Long COHR Daily ETF,2026-03-13
DDFM,Innovator Equity Dual Directional 15 Buffer ETF - March,2026-03-13
IREX,Tradr 2X Long IREN Daily ETF,2026-03-13
JBBB,Janus Henderson B-BBB CLO ETF,2026-03-13
LUNL,Defiance Daily Target 2X Long LUNR ETF,2026-03-13
NMAR,Innovator Growth-100 Power Buffer ETF - March,2026-03-13
NVDQ,T-Rex 2X Inverse NVIDIA Daily Target ETF,2026-03-13
OILK,ProShares K-1 Free Crude Oil ETF,2026-03-13
PBMR,PGIM S&P 500 Buffer 20 ETF - March,2026-03-13
PXIU,T-REX 2X Long UPXI Daily Target ETF,2026-03-13
QVOY,Q3 All-Season Active Rotation ETF,2026-03-13
RGTU,Tradr 2X Long RGTI Daily ETF,2026-03-13
SNXX,Tradr 2X Long SNDK Daily ETF,2026-03-13
SVIX,-1x Short VIX Futures ETF,2026-03-13
TTDU,T-REX 2X Long TTD Daily Target ETF,2026-03-13
UVXY,ProShares Ultra VIX Short-Term Futures ETF,2026-03-13
XIJN,FT Vest U.S. Equity Buffer & Premium Income ETF - June,2026-03-13
APLZ,Tradr 2X Short APLD Daily ETF,2026-03-23
ASTN,Defiance Daily Target 2X Short ASTS ETF,2026-03-23
BILT,iShares Infrastructure Active ETF,2026-03-23
BMNU,T-REX 2X Long BMNR Daily Target ETF,2026-03-23
COZX,Tradr 2X Long CORZ Daily ETF,2026-03-23
DDFM,Innovator Equity Dual Directional 15 Buffer ETF - March,2026-03-23
IREX,Tradr 2X Long IREN Daily ETF,2026-03-23
IREZ,Tradr 2X Short IREN Daily ETF,2026-03-23
LUNL,Defiance Daily Target 2X Long LUNR ETF,2026-03-23
MLN,VanEck Long Muni ETF,2026-03-23
NVDQ,T-Rex 2X Inverse NVIDIA Daily Target ETF,2026-03-23
OILK,ProShares K-1 Free Crude Oil ETF,2026-03-23
QBUL,TrueShares Quarterly Bull Hedge ETF,2026-03-23
RGTU,Tradr 2X Long RGTI Daily ETF,2026-03-23
SNDU,T-REX 2X Long SNDK Daily Target ETF,2026-03-23
TTDU,T-REX 2X Long TTD Daily Target ETF,2026-03-23
UVXY,ProShares Ultra VIX Short-Term Futures ETF,2026-03-23
APLZ,Tradr 2X Short APLD Daily ETF,2026-03-24
ASTN,Defiance Daily Target 2X Short ASTS ETF,2026-03-24
BILT,iShares Infrastructure Active ETF,2026-03-24
BMNU,T-REX 2X Long BMNR Daily Target ETF,2026-03-24
DDFM,Innovator Equity Dual Directional 15 Buffer ETF - March,2026-03-24
IREX,Tradr 2X Long IREN Daily ETF,2026-03-24
IREZ,Tradr 2X Short IREN Daily ETF,2026-03-24
LUNL,Defiance Daily Target 2X Long LUNR ETF,2026-03-24
MLN,VanEck Long Muni ETF,2026-03-24
MVFD,Monarch Volume Factor Dividend Tree Index ETF,2026-03-24
OILK,ProShares K-1 Free Crude Oil ETF,2026-03-24
QBUL,TrueShares Quarterly Bull Hedge ETF,2026-03-24
RGTU,Tradr 2X Long RGTI Daily ETF,2026-03-24
SNDU,T-REX 2X Long SNDK Daily Target ETF,2026-03-24
TTDU,T-REX 2X Long TTD Daily Target ETF,2026-03-24
UVXY,ProShares Ultra VIX Short-Term Futures ETF,2026-03-24
APLZ,Tradr 2X Short APLD Daily ETF,2026-03-27
ASTN,Defiance Daily Target 2X Short ASTS ETF,2026-03-27
BMNU,T-REX 2X Long BMNR Daily Target ETF,2026-03-27
DDFM,Innovator Equity Dual Directional 15 Buffer ETF - March,2026-03-27
IREZ,Tradr 2X Short IREN Daily ETF,2026-03-27
LUNL,Defiance Daily Target 2X Long LUNR ETF,2026-03-27
MLN,VanEck Long Muni ETF,2026-03-27
MVFD,Monarch Volume Factor Dividend Tree Index ETF,2026-03-27
OILK,ProShares K-1 Free Crude Oil ETF,2026-03-27
SNDU,T-REX 2X Long SNDK Daily Target ETF,2026-03-27
TTDU,T-REX 2X Long TTD Daily Target ETF,2026-03-27
UVXY,ProShares Ultra VIX Short-Term Futures ETF,2026-03-27
APLZ,Tradr 2X Short APLD Daily ETF,2026-04-02
ASTN,Defiance Daily Target 2X Short ASTS ETF,2026-04-02
BMNU,T-REX 2X Long BMNR Daily Target ETF,2026-04-02
DDFM,Innovator Equity Dual Directional 15 Buffer ETF - March,2026-04-02
DLFE,FT Vest U.S. Equity Dual Directional Buffer ETF - February,2026-04-02
IREZ,Tradr 2X Short IREN Daily ETF,2026-04-02
LUNL,Defiance Daily Target 2X Long LUNR ETF,2026-04-02
MVFD,Monarch Volume Factor Dividend Tree Index ETF,2026-04-02
ONDL,Defiance Daily Target 2X Long ONDS ETF,2026-04-02
QBTX,Tradr 2X Long QBTS Daily ETF,2026-04-02
SNDU,T-REX 2X Long SNDK Daily Target ETF,2026-04-02
TTDU,T-REX 2X Long TTD Daily Target ETF,2026-04-02
UVXY,ProShares Ultra VIX Short-Term Futures ETF,2026-04-02
VIXY,ProShares VIX Short-Term Futures ETF,2026-04-02
APLZ,Tradr 2X Short APLD Daily ETF,2026-04-06
ASTN,Defiance Daily Target 2X Short ASTS ETF,2026-04-06
BMNU,T-REX 2X Long BMNR Daily Target ETF,2026-04-06
CORD,T-REX 2X Inverse CRWV Daily Target ETF,2026-04-06
DDFM,Innovator Equity Dual Directional 15 Buffer ETF - March,2026-04-06
DLFE,FT Vest U.S. Equity Dual Directional Buffer ETF - February,2026-04-06
IREZ,Tradr 2X Short IREN Daily ETF,2026-04-06
LUNL,Defiance Daily Target 2X Long LUNR ETF,2026-04-06
MVFD,Monarch Volume Factor Dividend Tree Index ETF,2026-04-06
ONDL,Defiance Daily Target 2X Long ONDS ETF,2026-04-06
QBTX,Tradr 2X Long QBTS Daily ETF,2026-04-06
SNDU,T-REX 2X Long SNDK Daily Target ETF,2026-04-06
TTDU,T-REX 2X Long TTD Daily Target ETF,2026-04-06
UVXY,ProShares Ultra VIX Short-Term Futures ETF,2026-04-06
VIXY,ProShares VIX Short-Term Futures ETF,2026-04-06
AAOX,Tradr 2X Long AAOI Daily ETF,2026-04-16
APLX,Tradr 2X Long APLD Daily ETF,2026-04-16
APLZ,Tradr 2X Short APLD Daily ETF,2026-04-16
ASTN,Defiance Daily Target 2X Short ASTS ETF,2026-04-16
BMNU,T-REX 2X Long BMNR Daily Target ETF,2026-04-16
CORD,T-REX 2X Inverse CRWV Daily Target ETF,2026-04-16
DRAM,Roundhill Memory ETF,2026-04-16
INDA,iShares MSCI India ETF,2026-04-16
IREZ,Tradr 2X Short IREN Daily ETF,2026-04-16
LUNL,Defiance Daily Target 2X Long LUNR ETF,2026-04-16
NBIZ,Tradr 2X Short NBIS Daily ETF,2026-04-16
ONDL,Defiance Daily Target 2X Long ONDS ETF,2026-04-16
QBTX,Tradr 2X Long QBTS Daily ETF,2026-04-16
RBLU,T-REX 2X Long RBLX Daily Target ETF,2026-04-16
SNDU,T-REX 2X Long SNDK Daily Target ETF,2026-04-16
UVXY,ProShares Ultra VIX Short-Term Futures ETF,2026-04-16
VIXY,ProShares VIX Short-Term Futures ETF,2026-04-16
AAOG,Leverage Shares 2X Long AAOI Daily ETF,2026-05-22
AAOX,Tradr 2X Long AAOI Daily ETF,2026-05-22
AAPX,T-Rex 2X Long Apple Daily Target ETF,2026-05-22
APLX,Tradr 2X Long APLD Daily ETF,2026-05-22
APLZ,Tradr 2X Short APLD Daily ETF,2026-05-22
ASTN,Defiance Daily Target 2X Short ASTS ETF,2026-05-22
ASTX,Tradr 2X Long ASTS Daily ETF,2026-05-22
BMNU,T-REX 2X Long BMNR Daily Target ETF,2026-05-22
DDTY,Innovator Equity Dual Directional 10 Buffer ETF - May,2026-05-22
KMAY,Innovator U.S. Small Cap Power Buffer ETF - May,2026-05-22
LUNL,Defiance Daily Target 2X Long LUNR ETF,2026-05-22
MAYW,AllianzIM U.S. Equity Buffer20 May ETF,2026-05-22
MSTU,T-Rex 2X Long MSTR Daily Target ETF,2026-05-22
NMAY,Innovator Growth-100 Power Buffer ETF - May,2026-05-22
NVDQ,T-Rex 2X Inverse NVIDIA Daily Target ETF,2026-05-22
NVDX,T-Rex 2X Long NVIDIA Daily Target ETF,2026-05-22
ONDL,Defiance Daily Target 2X Long ONDS ETF,2026-05-22
PBMY,PGIM S&P 500 Buffer 20 ETF - May,2026-05-22
POEL,Defiance Daily Target 2X Long POET ETF,2026-05-22
QBTX,Tradr 2X Long QBTS Daily ETF,2026-05-22
RDWU,T-REX 2X Long RDW Daily Target ETF,2026-05-22
SNDG,Leverage Shares 2X Long SNDK Daily ETF,2026-05-22
SNDU,T-REX 2X Long SNDK Daily Target ETF,2026-05-22
SNXX,Tradr 2X Long SNDK Daily ETF,2026-05-22
TSLZ,T-Rex 2X Inverse Tesla Daily Target ETF,2026-05-22
XNDX,Tradr 2X Long XNDU Daily ETF,2026-05-22
AAOX,Tradr 2X Long AAOI Daily ETF,2026-06-10
AMAU,Leverage Shares 2X Long AMAT Daily ETF,2026-06-10
APLX,Tradr 2X Long APLD Daily ETF,2026-06-10
ASTN,Defiance Daily Target 2X Short ASTS ETF,2026-06-10
ASTX,Tradr 2X Long ASTS Daily ETF,2026-06-10
ASTY,Defiance Daily Target 2X Long ASTS ETF,2026-06-10
AXTU,T-REX 2X Long AXTI Daily Target ETF,2026-06-10
BMNU,T-REX 2X Long BMNR Daily Target ETF,2026-06-10
CABZ,"Roundhill Robotaxi, Autonomous Vehicles & Technology ETF",2026-06-10
CBRG,Leverage Shares 2X Long CBRS Daily ETF,2026-06-10
CNYA,iShares MSCI China A ETF,2026-06-10
DDTZ,Innovator Equity Dual Directional 10 Buffer ETF - June,2026-06-10
HBMX,Tuttle Capital Concentrated Memory Stack ETF,2026-06-10
IDVZ,Polen International Dividend Income Fund,2026-06-10
JUNW,AllianzIM U.S. Equity Buffer20 Jun ETF,2026-06-10
KMAY,Innovator U.S. Small Cap Power Buffer ETF - May,2026-06-10
KTUP,T-REX 2X Long KTOS Daily Target ETF,2026-06-10
LUNL,Defiance Daily Target 2X Long LUNR ETF,2026-06-10
MSTU,T-Rex 2X Long MSTR Daily Target ETF,2026-06-10
NFLU,T-Rex 2X Long NFLX Daily Target ETF,2026-06-10
ONDL,Defiance Daily Target 2X Long ONDS ETF,2026-06-10
POEL,Defiance Daily Target 2X Long POET ETF,2026-06-10
QBTX,Tradr 2X Long QBTS Daily ETF,2026-06-10
QMMY,FT Vest Nasdaq-100 Moderate Buffer ETF - May,2026-06-10
RDWU,T-REX 2X Long RDW Daily Target ETF,2026-06-10
SNDG,Leverage Shares 2X Long SNDK Daily ETF,2026-06-10
SNDU,T-REX 2X Long SNDK Daily Target ETF,2026-06-10
SVIX,-1x Short VIX Futures ETF,2026-06-10
TTDU,T-REX 2X Long TTD Daily Target ETF,2026-06-10
WDRN,"WisdomTree Physical AI, Humanoids and Drones Fund",2026-06-10
XOVL,Defiance Daily Target 2X Long XOVR ETF,2026-06-10
ZJUN,Innovator Equity Defined Protection ETF - 1 Yr June,2026-06-10
